Character,Number of words spoken,Number of speeches
#Chorus_2H4,297,1
#LordBardolph_2H4,643,18
#Porter_2H4,28,2
#Northumberland_R2,819,17
#Travers_2H4,112,1
#Morton_2H4,633,6
#Falstaff_1H4,5477,183
#SERVANTS.FALSTAFF.1_2H4,214,17
#ChiefJustice_2H4,1137,56
#SERVANTS.CHIEFJUSTICE.1_2H4,85,7
#Archbishop_1H4,1094,25
#Mowbray_2H4,434,18
#Hastings_2H4,415,17
#MistressQuickly_1H4,1425,49
#OFFICERS.Fang_2H4,49,6
#OFFICERS.Snare_2H4,15,2
#OFFICERS.Fang_2H4 #OFFICERS.Snare_2H4,4,1
#MESSENGERS.Gower_2H4,56,4
#HenryV_H5,2442,60
#Poins_1H4,471,28
#Bardolph_1H4,310,30
#LadyNorthumberland_2H4,38,2
#LadyPercy_1H4,372,2
#DRAWERS.Francis_1H4,60,3
#DRAWERS.1_2H4,68,2
#DRAWERS.Will_2H4,33,1
#DollTearsheet_2H4,638,31
#DRAWERS.X_2H4,9,1
#Pistol_2H4,553,31
#HenryV_H5 #Poins_1H4,3,1
#Peto_1H4,44,1
#HenryIV_1H4,2281,32
#Warwick_2H4,573,26
#Shallow_2H4,1570,78
#Silence_2H4,257,22
#Mouldy_2H4,95,5
#Shadow_2H4,6,2
#Wart_2H4,4,2
#Feeble_2H4,95,7
#Bullcalf_2H4,109,5
#MESSENGERS.1_2H4,33,1
#Westmoreland_1H4,851,21
#Bedford_H5,805,26
#Colevile_2H4,64,5
#Gloucester_2H4,112,10
#Clarence_2H4,160,13
#Harcourt_2H4,64,1
#Davy_2H4,276,13
#Gloucester_2H4 #Clarence_2H4,3,1
#Bedford_H5 #Clarence_2H4 #Gloucester_2H4,7,1
#BEADLES.0.1_2H4,72,4
#GROOMS.1_2H4,16,2
#GROOMS.2_2H4,5,1
#Epilogue_2H4,331,1
