Character,Number of words spoken,Number of speeches
#Flavius_JC,207,6
#COMMONERS.Carpenter_JC,4,1
#Marullus_JC,231,5
#COMMONERS.Cobbler_JC,145,6
#Caesar_JC,1142,43
#Casca_JC,1073,40
#Calphurnia_JC,203,6
#Antony_JC,2537,51
#Soothsayer_JC,131,9
#Brutus_JC,5388,193
#Cassius_JC,3708,138
#Cicero_JC,62,4
#Cinna_JC,130,11
#Lucius_JC,206,24
#Decius_JC,323,12
#Metellus_JC,121,5
#Trebonius_JC,60,4
#Portia_JC,724,16
#Ligarius_JC,111,5
#SERVANTS.CAESAR.1_JC,31,3
#Publius_JC,6,2
#Artemidorus_JC,145,4
#Popilius_JC,10,2
#SERVANTS.ANTONY.1_JC,119,2
#SERVANTS.OCTAVIUS.1_JC,62,6
#PLEBEIANS_JC,89,15
#PLEBEIANS.0.1_JC,128,18
#PLEBEIANS.0.2_JC,133,18
#PLEBEIANS.0.3_JC,124,16
#PLEBEIANS.0.4_JC,126,16
#CinnaPoet_JC,104,8
#Octavius_JC,328,19
#Lepidus_JC,22,3
#SOLDIERS.BRUTUS.Lucilius_JC,197,10
#Pindarus_JC,120,5
#SOLDIERS.BRUTUS.0.1_JC,1,1
#SOLDIERS.BRUTUS.0.2_JC,1,1
#SOLDIERS.BRUTUS.0.3_JC,1,1
#Poet_JC,54,3
#SOLDIERS.BRUTUS.Messala_JC,250,20
#SOLDIERS.BRUTUS.Titinius_JC #SOLDIERS.BRUTUS.Messala_JC,4,1
#SOLDIERS.BRUTUS.Varro_JC,21,4
#SOLDIERS.BRUTUS.Claudius_JC,6,2
#SOLDIERS.BRUTUS.Varro_JC #SOLDIERS.BRUTUS.Claudius_JC,10,2
#Messenger_JC,24,1
#SOLDIERS.BRUTUS.Titinius_JC,234,9
#SOLDIERS.BRUTUS.Cato_JC,54,3
#SOLDIERS.ANTONY.0.1_JC,26,3
#SOLDIERS.ANTONY.0.2_JC,7,1
#SOLDIERS.BRUTUS.Clitus_JC,70,8
#SOLDIERS.BRUTUS.Dardanus_JC,15,3
#SOLDIERS.BRUTUS.Volumnius_JC,17,3
#SOLDIERS.BRUTUS.Strato_JC,59,4
