Character,Word,Count,Significance
#SOLDIERS.BRUTUS.Titinius_JC,pindarus,4,42.99071933380054
#SOLDIERS.BRUTUS.Titinius_JC,red,2,30.514639449526268
#SOLDIERS.BRUTUS.Titinius_JC,cassius',2,28.34111945728531
#SOLDIERS.BRUTUS.Titinius_JC,didst,2,22.885979587144696
#SOLDIERS.BRUTUS.Titinius_JC,set,2,16.597151814709566
#SOLDIERS.BRUTUS.Titinius_JC,living,1,15.257319724763134
#SOLDIERS.BRUTUS.Titinius_JC,deeds,1,15.257319724763134
#SOLDIERS.BRUTUS.Titinius_JC,bid,2,14.673818219304744
#SOLDIERS.BRUTUS.Titinius_JC,gave,1,14.170559728642655
#SOLDIERS.BRUTUS.Titinius_JC,took,1,14.170559728642655
#SOLDIERS.BRUTUS.Titinius_JC,bondman,1,14.170559728642655
#SOLDIERS.BRUTUS.Titinius_JC,clouds,1,14.170559728642655
#SOLDIERS.BRUTUS.Titinius_JC,while,1,14.170559728642655
#SOLDIERS.BRUTUS.Titinius_JC,brave,1,14.170559728642655
#SOLDIERS.BRUTUS.Titinius_JC,messala,2,14.138195327841938
#SOLDIERS.BRUTUS.Titinius_JC,cassius,5,13.359490096155733
#SOLDIERS.BRUTUS.Titinius_JC,whilst,1,12.237917607634385
#SOLDIERS.BRUTUS.Titinius_JC,thought,1,12.237917607634385
#SOLDIERS.BRUTUS.Titinius_JC,lies,1,12.237917607634385
#SOLDIERS.BRUTUS.Titinius_JC,done,2,12.003031488406393
#SOLDIERS.BRUTUS.Titinius_JC,deed,1,11.442989793572348
#SOLDIERS.BRUTUS.Titinius_JC,day,2,11.336447782914123
#SOLDIERS.BRUTUS.Titinius_JC,seek,1,10.747679833450135
#SOLDIERS.BRUTUS.Titinius_JC,alas,1,10.747679833450135
#SOLDIERS.BRUTUS.Titinius_JC,heart,2,10.747679833450132
#SOLDIERS.BRUTUS.Titinius_JC,dost,1,10.136743809273955
#SOLDIERS.BRUTUS.Titinius_JC,gone,1,10.136743809273955
#SOLDIERS.BRUTUS.Titinius_JC,send,1,9.596664413000743
#SOLDIERS.BRUTUS.Titinius_JC,fell,1,9.11615317913151
#SOLDIERS.BRUTUS.Titinius_JC,hast,1,8.685967984906311
#SOLDIERS.BRUTUS.Titinius_JC,hold,1,8.685967984906311
#SOLDIERS.BRUTUS.Titinius_JC,caius,1,8.685967984906311
#SOLDIERS.BRUTUS.Titinius_JC,sword,1,8.685967984906311
#SOLDIERS.BRUTUS.Titinius_JC,part,1,8.298575907354783
#SOLDIERS.BRUTUS.Titinius_JC,o,3,8.01569405769344
#SOLDIERS.BRUTUS.Titinius_JC,come,3,7.6815904309789795
#SOLDIERS.BRUTUS.Titinius_JC,put,1,7.628659862381567
#SOLDIERS.BRUTUS.Titinius_JC,even,1,7.336909109652372
#SOLDIERS.BRUTUS.Titinius_JC,meet,1,7.336909109652372
#SOLDIERS.BRUTUS.Titinius_JC,find,1,7.336909109652372
#SOLDIERS.BRUTUS.Titinius_JC,octavius,1,7.069097663920969
#SOLDIERS.BRUTUS.Titinius_JC,leave,1,6.822314551602824
#SOLDIERS.BRUTUS.Titinius_JC,word,1,6.594103877113291
#SOLDIERS.BRUTUS.Titinius_JC,again,1,6.594103877113291
#SOLDIERS.BRUTUS.Titinius_JC,forth,1,6.18536127238793
#SOLDIERS.BRUTUS.Titinius_JC,art,1,6.001515744203196
#SOLDIERS.BRUTUS.Titinius_JC,take,1,6.001515744203196
#SOLDIERS.BRUTUS.Titinius_JC,blood,1,5.829519899962683
#SOLDIERS.BRUTUS.Titinius_JC,friends,1,5.829519899962683
#SOLDIERS.BRUTUS.Titinius_JC,gods,1,5.668223891457061
#SOLDIERS.BRUTUS.Titinius_JC,who,1,5.111708224792024
#SOLDIERS.BRUTUS.Titinius_JC,did,2,5.068537507652058
#SOLDIERS.BRUTUS.Titinius_JC,night,1,4.991066578108838
#SOLDIERS.BRUTUS.Titinius_JC,brutus,3,4.827294715634639
#SOLDIERS.BRUTUS.Titinius_JC,more,1,4.382177705558437
#SOLDIERS.BRUTUS.Titinius_JC,hear,1,4.296340302196987
#SOLDIERS.BRUTUS.Titinius_JC,see,1,4.296340302196987
#SOLDIERS.BRUTUS.Titinius_JC,rome,1,4.2141741034205245
#SOLDIERS.BRUTUS.Titinius_JC,these,1,4.1354395654950675
#SOLDIERS.BRUTUS.Titinius_JC,like,1,4.1354395654950675
#SOLDIERS.BRUTUS.Titinius_JC,why,1,3.8507095941257354
#SOLDIERS.BRUTUS.Titinius_JC,lord,1,3.786195169137743
#SOLDIERS.BRUTUS.Titinius_JC,antony,1,2.860747448393087
#SOLDIERS.BRUTUS.Messala_JC,letters,3,36.16217233883126
#SOLDIERS.BRUTUS.Messala_JC,master,3,28.357457821449138
#SOLDIERS.BRUTUS.Messala_JC,ears,2,27.915327834598436
#SOLDIERS.BRUTUS.Messala_JC,strange,2,24.108114892554173
#SOLDIERS.BRUTUS.Messala_JC,strato,2,24.108114892554173
#SOLDIERS.BRUTUS.Messala_JC,titinius,3,21.68004232125867
#SOLDIERS.BRUTUS.Messala_JC,octavius,3,20.88867862970963
#SOLDIERS.BRUTUS.Messala_JC,dead,2,15.656834511867459
#SOLDIERS.BRUTUS.Messala_JC,legions,1,15.028096636619049
#SOLDIERS.BRUTUS.Messala_JC,ground,1,15.028096636619049
#SOLDIERS.BRUTUS.Messala_JC,thoughts,1,15.028096636619049
#SOLDIERS.BRUTUS.Messala_JC,sight,1,15.028096636619049
#SOLDIERS.BRUTUS.Messala_JC,lepidus,1,13.957663917299218
#SOLDIERS.BRUTUS.Messala_JC,certain,1,13.957663917299218
#SOLDIERS.BRUTUS.Messala_JC,cassius',1,13.957663917299218
#SOLDIERS.BRUTUS.Messala_JC,believe,1,12.949022087624657
#SOLDIERS.BRUTUS.Messala_JC,power,1,12.949022087624657
#SOLDIERS.BRUTUS.Messala_JC,senators,1,12.054057446277087
#SOLDIERS.BRUTUS.Messala_JC,wife,1,12.054057446277087
#SOLDIERS.BRUTUS.Messala_JC,she,1,12.054057446277087
#SOLDIERS.BRUTUS.Messala_JC,endure,1,12.054057446277087
#SOLDIERS.BRUTUS.Messala_JC,lies,1,12.054057446277087
#SOLDIERS.BRUTUS.Messala_JC,whilst,1,12.054057446277087
#SOLDIERS.BRUTUS.Messala_JC,cicero,1,11.271072477464285
#SOLDIERS.BRUTUS.Messala_JC,change,1,11.271072477464285
#SOLDIERS.BRUTUS.Messala_JC,deed,1,11.271072477464285
#SOLDIERS.BRUTUS.Messala_JC,welcome,1,11.271072477464285
#SOLDIERS.BRUTUS.Messala_JC,great,2,10.867486510588728
#SOLDIERS.BRUTUS.Messala_JC,says,1,10.586208722779967
#SOLDIERS.BRUTUS.Messala_JC,seek,1,10.586208722779967
#SOLDIERS.BRUTUS.Messala_JC,nothing,1,9.984451285973421
#SOLDIERS.BRUTUS.Messala_JC,general,1,9.984451285973421
#SOLDIERS.BRUTUS.Messala_JC,brutus',1,9.984451285973421
#SOLDIERS.BRUTUS.Messala_JC,dost,1,9.984451285973421
#SOLDIERS.BRUTUS.Messala_JC,show,1,8.555471643416567
#SOLDIERS.BRUTUS.Messala_JC,into,1,8.555471643416567
#SOLDIERS.BRUTUS.Messala_JC,follow,1,8.173899671226978
#SOLDIERS.BRUTUS.Messala_JC,noble,2,8.146619005996165
#SOLDIERS.BRUTUS.Messala_JC,put,1,7.514048318309524
#SOLDIERS.BRUTUS.Messala_JC,lord,2,7.458624176899532
#SOLDIERS.BRUTUS.Messala_JC,roman,1,7.226680773752889
#SOLDIERS.BRUTUS.Messala_JC,even,1,7.226680773752889
#SOLDIERS.BRUTUS.Messala_JC,things,1,7.226680773752889
#SOLDIERS.BRUTUS.Messala_JC,never,1,7.226680773752889
#SOLDIERS.BRUTUS.Messala_JC,meet,1,7.226680773752889
#SOLDIERS.BRUTUS.Messala_JC,leave,1,6.719817387092953
#SOLDIERS.BRUTUS.Messala_JC,myself,1,6.495035306648615
#SOLDIERS.BRUTUS.Messala_JC,bear,1,5.911350105857242
#SOLDIERS.BRUTUS.Messala_JC,done,1,5.911350105857242
#SOLDIERS.BRUTUS.Messala_JC,take,1,5.911350105857242
#SOLDIERS.BRUTUS.Messala_JC,antony,2,5.635536238732143
#SOLDIERS.BRUTUS.Messala_JC,men,2,5.635536238732143
#SOLDIERS.BRUTUS.Messala_JC,had,1,5.293104361389983
#SOLDIERS.BRUTUS.Messala_JC,o,2,5.263511856676395
#SOLDIERS.BRUTUS.Messala_JC,death,1,5.0349108864576495
#SOLDIERS.BRUTUS.Messala_JC,did,2,4.992388758013387
#SOLDIERS.BRUTUS.Messala_JC,tell,1,4.231792897439578
#SOLDIERS.BRUTUS.Messala_JC,may,1,4.231792897439578
#SOLDIERS.BRUTUS.Messala_JC,like,1,4.073309502998082
#SOLDIERS.BRUTUS.Messala_JC,should,1,3.9275028907859837
#SOLDIERS.BRUTUS.Messala_JC,why,1,3.7928572609089803
#SOLDIERS.BRUTUS.Messala_JC,go,1,3.729312088449766
#SOLDIERS.BRUTUS.Messala_JC,brutus,2,3.1698469014080195
#SOLDIERS.BRUTUS.Messala_JC,man,1,3.1169103918509626
#SOLDIERS.BRUTUS.Messala_JC,good,1,2.603351943737634
#SOLDIERS.BRUTUS.Lucilius_JC,safe,2,31.707666262134264
#SOLDIERS.BRUTUS.Lucilius_JC,alive,2,29.449168446944682
#SOLDIERS.BRUTUS.Lucilius_JC,found,2,27.32104275766614
#SOLDIERS.BRUTUS.Lucilius_JC,kill,2,25.432763699417844
#SOLDIERS.BRUTUS.Lucilius_JC,enough,2,22.335760893717406
#SOLDIERS.BRUTUS.Lucilius_JC,brutus,10,16.720089390261904
#SOLDIERS.BRUTUS.Lucilius_JC,straight,1,15.853833131067132
#SOLDIERS.BRUTUS.Lucilius_JC,dare,1,15.853833131067132
#SOLDIERS.BRUTUS.Lucilius_JC,free,1,14.724584223472341
#SOLDIERS.BRUTUS.Lucilius_JC,marcus,1,14.724584223472341
#SOLDIERS.BRUTUS.Lucilius_JC,cato,1,14.724584223472341
#SOLDIERS.BRUTUS.Lucilius_JC,wilt,1,13.66052137883307
#SOLDIERS.BRUTUS.Lucilius_JC,respect,1,12.716381849708922
#SOLDIERS.BRUTUS.Lucilius_JC,son,1,12.716381849708922
#SOLDIERS.BRUTUS.Lucilius_JC,old,1,11.890374848300349
#SOLDIERS.BRUTUS.Lucilius_JC,pindarus,1,11.167880446858703
#SOLDIERS.BRUTUS.Lucilius_JC,young,1,11.167880446858703
#SOLDIERS.BRUTUS.Lucilius_JC,only,1,11.167880446858703
#SOLDIERS.BRUTUS.Lucilius_JC,general,1,10.533058737949599
#SOLDIERS.BRUTUS.Lucilius_JC,being,1,10.533058737949599
#SOLDIERS.BRUTUS.Lucilius_JC,enemy,1,10.533058737949599
#SOLDIERS.BRUTUS.Lucilius_JC,master,1,9.97186392912967
#SOLDIERS.BRUTUS.Lucilius_JC,ever,1,9.97186392912967
#SOLDIERS.BRUTUS.Lucilius_JC,mean,1,9.472566211261057
#SOLDIERS.BRUTUS.Lucilius_JC,hast,1,9.025562123535689
#SOLDIERS.BRUTUS.Lucilius_JC,such,2,8.928627498676478
#SOLDIERS.BRUTUS.Lucilius_JC,part,1,8.623024229292621
#SOLDIERS.BRUTUS.Lucilius_JC,himself,1,8.623024229292621
#SOLDIERS.BRUTUS.Lucilius_JC,noble,2,8.594244595734773
#SOLDIERS.BRUTUS.Lucilius_JC,like,2,8.594244595734773
#SOLDIERS.BRUTUS.Lucilius_JC,dead,1,8.258558875215057
#SOLDIERS.BRUTUS.Lucilius_JC,come,3,7.9819165535533445
#SOLDIERS.BRUTUS.Lucilius_JC,or,2,7.868447079304312
#SOLDIERS.BRUTUS.Lucilius_JC,titinius,1,7.623759272308286
#SOLDIERS.BRUTUS.Lucilius_JC,die,1,7.623759272308286
#SOLDIERS.BRUTUS.Lucilius_JC,find,1,7.623759272308286
#SOLDIERS.BRUTUS.Lucilius_JC,ho,1,7.345477237992365
#SOLDIERS.BRUTUS.Lucilius_JC,true,1,7.345477237992365
#SOLDIERS.BRUTUS.Lucilius_JC,word,1,6.851912682081513
#SOLDIERS.BRUTUS.Lucilius_JC,friend,1,6.427189521934574
#SOLDIERS.BRUTUS.Lucilius_JC,art,1,6.2361562095105665
#SOLDIERS.BRUTUS.Lucilius_JC,down,1,6.2361562095105665
#SOLDIERS.BRUTUS.Lucilius_JC,take,1,6.2361562095105665
#SOLDIERS.BRUTUS.Lucilius_JC,gods,1,5.8898336893889365
#SOLDIERS.BRUTUS.Lucilius_JC,great,1,5.732306687234548
#SOLDIERS.BRUTUS.Lucilius_JC,hand,1,5.311560003492964
#SOLDIERS.BRUTUS.Lucilius_JC,much,1,5.311560003492964
#SOLDIERS.BRUTUS.Lucilius_JC,death,1,5.311560003492964
#SOLDIERS.BRUTUS.Lucilius_JC,night,1,5.186201646345338
#SOLDIERS.BRUTUS.Lucilius_JC,stand,1,4.74445805562868
#SOLDIERS.BRUTUS.Lucilius_JC,should,1,4.143304169377039
#SOLDIERS.BRUTUS.Lucilius_JC,why,1,4.001260276559907
#SOLDIERS.BRUTUS.Lucilius_JC,lord,1,3.934223539652156
#SOLDIERS.BRUTUS.Lucilius_JC,there,1,3.6892943137375256
#SOLDIERS.BRUTUS.Lucilius_JC,now,1,3.0083428090427105
#SOLDIERS.BRUTUS.Lucilius_JC,antony,1,2.972593712075087
#SOLDIERS.BRUTUS.Lucilius_JC,know,1,2.8385182375516087
#SOLDIERS.BRUTUS.Lucilius_JC,cassius,1,2.7763608618208346
#SOLDIERS.BRUTUS.Lucilius_JC,o,1,2.7763608618208346
#Portia_JC,woman,5,52.67467579504994
#Portia_JC,withal,3,34.028622103565965
#Portia_JC,grant,3,31.60480547702996
#Portia_JC,bed,3,27.294405643795457
#Portia_JC,boy,4,27.10918537611001
#Portia_JC,prithee,2,22.685748069043974
#Portia_JC,sick,3,21.40358022613384
#Portia_JC,suit,2,21.069870318019976
#Portia_JC,hast,3,19.37244073625375
#Portia_JC,wife,2,18.19627042919697
#Portia_JC,talk,2,17.014311051782983
#Portia_JC,mind,2,17.014311051782983
#Portia_JC,heard,2,17.014311051782983
#Portia_JC,within,2,15.072084772818787
#Portia_JC,been,2,15.072084772818787
#Portia_JC,keep,2,15.072084772818787
#Portia_JC,strong,2,15.072084772818787
#Portia_JC,gone,2,15.072084772818787
#Portia_JC,bring,2,15.072084772818787
#Portia_JC,brutus,12,14.355180824607752
#Portia_JC,lord,5,14.074010261429397
#Portia_JC,should,4,11.857568296933405
#Portia_JC,much,3,11.400717204793207
#Portia_JC,arms,1,11.342874034521987
#Portia_JC,foot,1,11.342874034521987
#Portia_JC,answered,1,11.342874034521987
#Portia_JC,sign,1,11.342874034521987
#Portia_JC,wise,1,11.342874034521987
#Portia_JC,health,1,11.342874034521987
#Portia_JC,morning,1,11.342874034521987
#Portia_JC,dare,1,11.342874034521987
#Portia_JC,tempt,1,11.342874034521987
#Portia_JC,air,1,11.342874034521987
#Portia_JC,offense,1,11.342874034521987
#Portia_JC,half,1,11.342874034521987
#Portia_JC,dwell,1,11.342874034521987
#Portia_JC,pleasure,1,11.342874034521987
#Portia_JC,run,2,11.342874034521987
#Portia_JC,stay,2,11.342874034521987
#Portia_JC,noise,1,11.342874034521987
#Portia_JC,wind,1,11.342874034521987
#Portia_JC,speed,1,11.342874034521987
#Portia_JC,thine,1,11.342874034521987
#Portia_JC,capitol,2,10.909076736256928
#Portia_JC,head,1,10.534935159009988
#Portia_JC,angry,1,10.534935159009988
#Portia_JC,gave,1,10.534935159009988
#Portia_JC,grief,1,10.534935159009988
#Portia_JC,sickness,1,10.534935159009988
#Portia_JC,need,1,10.534935159009988
#Portia_JC,took,1,10.534935159009988
#Portia_JC,side,1,10.534935159009988
#Portia_JC,note,1,10.534935159009988
#Portia_JC,press,1,10.534935159009988
#Portia_JC,heavens,1,10.534935159009988
#Portia_JC,can,2,10.143938251109642
#Portia_JC,again,2,9.80461719331379
#Portia_JC,word,2,9.80461719331379
#Portia_JC,looks,1,9.773634676547676
#Portia_JC,further,1,9.773634676547676
#Portia_JC,right,1,9.773634676547676
#Portia_JC,virtue,1,9.773634676547676
#Portia_JC,hide,1,9.773634676547676
#Portia_JC,'em,1,9.773634676547676
#Portia_JC,patience,1,9.773634676547676
#Portia_JC,ere,1,9.773634676547676
#Portia_JC,yes,1,9.773634676547676
#Portia_JC,went,1,9.773634676547676
#Portia_JC,hither,1,9.773634676547676
#Portia_JC,weak,1,9.773634676547676
#Portia_JC,tell,3,9.582190267304725
#Portia_JC,senate,1,9.098135214598486
#Portia_JC,'t,1,9.098135214598486
#Portia_JC,thing,1,9.098135214598486
#Portia_JC,enterprise,1,9.098135214598486
#Portia_JC,why,3,8.58829361728636
#Portia_JC,humor,1,8.507155525891491
#Portia_JC,hour,1,8.507155525891491
#Portia_JC,dear,1,8.507155525891491
#Portia_JC,walk,1,8.507155525891491
#Portia_JC,vile,1,8.507155525891491
#Portia_JC,tongue,1,8.507155525891491
#Portia_JC,hard,1,8.507155525891491
#Portia_JC,hark,1,8.507155525891491
#Portia_JC,know,4,8.123449905663051
#Portia_JC,sleep,1,7.990235553387129
#Portia_JC,work,1,7.990235553387129
#Portia_JC,means,1,7.990235553387129
#Portia_JC,tonight,1,7.990235553387129
#Portia_JC,had,2,7.990235553387129
#Portia_JC,portia,1,7.990235553387129
#Portia_JC,heart,2,7.990235553387129
#Portia_JC,yours,1,7.5360423864093935
#Portia_JC,matter,1,7.5360423864093935
#Portia_JC,gentle,1,7.5360423864093935
#Portia_JC,brutus',1,7.5360423864093935
#Portia_JC,being,1,7.5360423864093935
#Portia_JC,dost,1,7.5360423864093935
#Portia_JC,sure,1,7.5360423864093935
#Portia_JC,doth,2,7.4210989236224005
#Portia_JC,answer,1,7.1345267420446135
#Portia_JC,get,1,7.1345267420446135
#Portia_JC,place,1,6.457480245417917
#Portia_JC,might,1,6.457480245417917
#Portia_JC,fellow,1,6.457480245417917
#Portia_JC,way,1,6.457480245417917
#Portia_JC,once,1,6.169478183659526
#Portia_JC,set,1,6.169478183659526
#Portia_JC,o,3,5.959173015697857
#Portia_JC,cause,1,5.908715719019469
#Portia_JC,house,1,5.908715719019469
#Portia_JC,come,3,5.7107876229379295
#Portia_JC,did,3,5.652216463213678
#Portia_JC,would,2,5.629604104571758
#Portia_JC,or,2,5.629604104571758
#Portia_JC,could,1,5.454538368128464
#Portia_JC,even,1,5.454538368128464
#Portia_JC,made,1,5.454538368128464
#Portia_JC,there,2,5.279127177767417
#Portia_JC,true,1,5.255437113862673
#Portia_JC,any,1,5.255437113862673
#Portia_JC,ay,1,5.255437113862673
#Portia_JC,lucius,1,5.255437113862673
#Portia_JC,about,1,5.071969125554821
#Portia_JC,leave,1,5.071969125554821
#Portia_JC,myself,1,4.902308596656895
#Portia_JC,forth,1,4.598433737797033
#Portia_JC,think,1,4.461755952600921
#Portia_JC,bear,1,4.461755952600921
#Portia_JC,art,1,4.461755952600921
#Portia_JC,take,1,4.461755952600921
#Portia_JC,every,1,4.213974063603995
#Portia_JC,great,1,4.101268894595266
#Portia_JC,out,1,3.9951177766935646
#Portia_JC,good,2,3.9299046152510453
#Portia_JC,hand,1,3.800239068264402
#Portia_JC,who,1,3.800239068264402
#Portia_JC,caesar,4,3.7432953354212373
#Portia_JC,night,1,3.7105494618112003
#Portia_JC,look,1,3.625472560710447
#Portia_JC,one,1,3.5446481357881217
#Portia_JC,up,1,3.4677531561434187
#Portia_JC,love,1,3.394497068447879
#Portia_JC,more,1,3.2578782255158916
#Portia_JC,must,1,3.2578782255158916
#Portia_JC,like,1,3.074443671299359
#Portia_JC,go,1,2.814802052285879
#Portia_JC,man,1,2.352574834095024
#Portia_JC,men,1,2.126788881472873
#Octavius_JC,sword,4,32.078751499601374
#Octavius_JC,soldier,2,26.167139053200735
#Octavius_JC,traitors,2,24.276187159792762
#Octavius_JC,field,2,24.276187159792762
#Octavius_JC,die,3,20.322336368786303
#Octavius_JC,keep,2,18.71835621763055
#Octavius_JC,sign,1,14.086966727575446
#Octavius_JC,teeth,1,14.086966727575446
#Octavius_JC,dare,1,14.086966727575446
#Octavius_JC,lepidus,1,13.083569526600368
#Octavius_JC,took,1,13.083569526600368
#Octavius_JC,he's,1,13.083569526600368
#Octavius_JC,smile,1,13.083569526600368
#Octavius_JC,wounds,1,13.083569526600368
#Octavius_JC,away,2,13.053687722622854
#Octavius_JC,voice,1,12.138093579896381
#Octavius_JC,valiant,1,12.138093579896381
#Octavius_JC,enemies,1,12.138093579896381
#Octavius_JC,right,1,12.138093579896381
#Octavius_JC,left,1,12.138093579896381
#Octavius_JC,another,1,12.138093579896381
#Octavius_JC,wilt,1,12.138093579896381
#Octavius_JC,virtue,1,12.138093579896381
#Octavius_JC,call,1,12.138093579896381
#Octavius_JC,come,5,11.82058958892519
#Octavius_JC,till,2,11.421793606480277
#Octavius_JC,thought,1,11.29917582272018
#Octavius_JC,battle,1,11.29917582272018
#Octavius_JC,three,1,11.29917582272018
#Octavius_JC,respect,1,11.29917582272018
#Octavius_JC,let's,1,11.29917582272018
#Octavius_JC,down,2,11.082307263495867
#Octavius_JC,antony,4,10.565225045681583
#Octavius_JC,stir,1,10.565225045681583
#Octavius_JC,turn,1,10.565225045681583
#Octavius_JC,against,1,10.565225045681583
#Octavius_JC,tent,1,10.565225045681583
#Octavius_JC,or,3,10.487295213165948
#Octavius_JC,tonight,1,9.923250672050534
#Octavius_JC,lie,1,9.923250672050534
#Octavius_JC,hand,2,9.439202295387028
#Octavius_JC,said,1,9.359178108815275
#Octavius_JC,enemy,1,9.359178108815275
#Octavius_JC,brutus',1,9.359178108815275
#Octavius_JC,use,1,9.359178108815275
#Octavius_JC,within,1,9.359178108815275
#Octavius_JC,rest,1,9.359178108815275
#Octavius_JC,hearts,1,8.860526928739286
#Octavius_JC,philippi,1,8.860526928739286
#Octavius_JC,brother,1,8.416874577877431
#Octavius_JC,mean,1,8.416874577877431
#Octavius_JC,before,1,8.416874577877431
#Octavius_JC,words,1,8.416874577877431
#Octavius_JC,fellow,1,8.019687874900344
#Octavius_JC,part,1,7.662011729585153
#Octavius_JC,many,1,7.338165043815282
#Octavius_JC,better,1,7.338165043815282
#Octavius_JC,cause,1,7.338165043815282
#Octavius_JC,capitol,1,6.774112122928768
#Octavius_JC,never,1,6.774112122928768
#Octavius_JC,messala,1,6.526843861311427
#Octavius_JC,about,1,6.298990899266535
#Octavius_JC,today,1,6.298990899266535
#Octavius_JC,again,1,6.088285727165181
#Octavius_JC,think,1,5.5411536317479335
#Octavius_JC,day,1,5.233427810640147
#Octavius_JC,time,1,5.093456762648283
#Octavius_JC,most,1,4.837217773905109
#Octavius_JC,who,1,4.719601147693514
#Octavius_JC,fear,1,4.719601147693514
#Octavius_JC,look,1,4.502554747503028
#Octavius_JC,mark,1,4.402177102367327
#Octavius_JC,up,1,4.306679522435138
#Octavius_JC,love,1,4.21570116308647
#Octavius_JC,must,1,4.046031193298794
#Octavius_JC,may,1,3.966778174620051
#Octavius_JC,caesar's,1,3.966778174620051
#Octavius_JC,like,1,3.8182197537931244
#Octavius_JC,should,1,3.6815442356248824
#Octavius_JC,would,1,3.4957650710553168
#Octavius_JC,man,1,2.9217148415088205
#Octavius_JC,now,1,2.673071219166604
#Octavius_JC,good,1,2.4403178325483212
#Octavius_JC,brutus,1,1.4856681092546142
#Octavius_JC,caesar,1,1.1622203658675638
#Marullus_JC,pompey,2,30.604079036342597
#Marullus_JC,trade,2,26.370132226017358
#Marullus_JC,best,2,18.28574595239911
#Marullus_JC,grace,1,15.302039518171298
#Marullus_JC,worse,1,15.302039518171298
#Marullus_JC,yea,1,15.302039518171298
#Marullus_JC,arms,1,15.302039518171298
#Marullus_JC,patient,1,15.302039518171298
#Marullus_JC,triumph,1,15.302039518171298
#Marullus_JC,light,1,15.302039518171298
#Marullus_JC,made,2,14.716827747263396
#Marullus_JC,tiber,1,14.212094186527446
#Marullus_JC,wherefore,1,13.185066113008679
#Marullus_JC,pass,1,13.185066113008679
#Marullus_JC,pompey's,1,13.185066113008679
#Marullus_JC,rome,3,12.679578031454552
#Marullus_JC,over,1,12.273787416816617
#Marullus_JC,pray,1,12.273787416816617
#Marullus_JC,hard,1,11.476529638628472
#Marullus_JC,saw,1,11.476529638628472
#Marullus_JC,appear,1,11.476529638628472
#Marullus_JC,directly,1,10.779181698157663
#Marullus_JC,dost,1,10.166454996897984
#Marullus_JC,gone,1,10.166454996897984
#Marullus_JC,answer,1,9.624792607054406
#Marullus_JC,hearts,1,9.624792607054406
#Marullus_JC,streets,1,9.624792607054406
#Marullus_JC,fall,1,9.624792607054406
#Marullus_JC,home,1,9.142872976199556
#Marullus_JC,fellow,1,8.711426892554716
#Marullus_JC,way,1,8.711426892554716
#Marullus_JC,now,3,8.710911771482632
#Marullus_JC,follow,1,8.32289935386135
#Marullus_JC,many,1,7.97111923828978
#Marullus_JC,comes,1,7.97111923828978
#Marullus_JC,put,1,7.651019759085649
#Marullus_JC,run,1,7.651019759085649
#Marullus_JC,things,1,7.358413873631698
#Marullus_JC,sir,1,6.019106418650493
#Marullus_JC,art,1,6.019106418650493
#Marullus_JC,blood,1,5.846606447947387
#Marullus_JC,day,1,5.6848376746109786
#Marullus_JC,gods,1,5.6848376746109786
#Marullus_JC,time,1,5.532793409213612
#Marullus_JC,great,1,5.532793409213612
#Marullus_JC,out,1,5.3895908490788305
#Marullus_JC,up,1,4.678152615736604
#Marullus_JC,must,1,4.395022037669559
#Marullus_JC,see,1,4.308933041563495
#Marullus_JC,hear,1,4.308933041563495
#Marullus_JC,may,1,4.308933041563495
#Marullus_JC,there,1,3.5608882038974974
#Marullus_JC,men,1,2.869132409657118
#Marullus_JC,know,1,2.73972344006506
#Marullus_JC,o,1,2.679729455524231
#Lucius_JC,madam,4,58.32315674460958
#Lucius_JC,sir,8,49.402049059064666
#Lucius_JC,nothing,4,41.72078657367653
#Lucius_JC,lord,8,31.16642652709894
#Lucius_JC,sure,2,20.860393286838264
#Lucius_JC,else,2,17.874843406445883
#Lucius_JC,called,1,15.699010251714657
#Lucius_JC,taper,1,15.699010251714657
#Lucius_JC,plucked,1,15.699010251714657
#Lucius_JC,half,1,15.699010251714657
#Lucius_JC,already,1,15.699010251714657
#Lucius_JC,days,1,14.580789186152394
#Lucius_JC,ears,1,14.580789186152394
#Lucius_JC,claudius,1,14.580789186152394
#Lucius_JC,found,1,13.527117599706461
#Lucius_JC,went,1,13.527117599706461
#Lucius_JC,bed,1,12.59219820045255
#Lucius_JC,'t,1,12.59219820045255
#Lucius_JC,none,1,11.774257688785994
#Lucius_JC,tent,1,11.774257688785994
#Lucius_JC,please,1,11.774257688785994
#Lucius_JC,lie,1,11.05881890995766
#Lucius_JC,means,1,11.05881890995766
#Lucius_JC,cry,1,11.05881890995766
#Lucius_JC,march,1,10.430196643419132
#Lucius_JC,sick,1,9.874482262925959
#Lucius_JC,brother,1,9.38006050847234
#Lucius_JC,hear,2,8.841433707333872
#Lucius_JC,know,3,8.432394842798924
#Lucius_JC,run,1,7.849505125857329
#Lucius_JC,did,3,7.822903078253336
#Lucius_JC,capitol,1,7.549308358622565
#Lucius_JC,there,2,7.3065319628552805
#Lucius_JC,any,1,7.273743927391569
#Lucius_JC,ay,1,7.273743927391569
#Lucius_JC,about,1,7.01981658758859
#Lucius_JC,'tis,1,6.175256132383083
#Lucius_JC,who,1,5.259689203113292
#Lucius_JC,doth,1,5.135555050966691
#Lucius_JC,mark,1,4.905940703660831
#Lucius_JC,up,1,4.799514848090758
#Lucius_JC,more,1,4.509039199902155
#Lucius_JC,see,1,4.420716853666936
#Lucius_JC,may,1,4.420716853666936
#Lucius_JC,speak,1,4.177450186026248
#Lucius_JC,should,1,4.1028421387606695
#Lucius_JC,would,1,3.8958033158873673
#Lucius_JC,man,1,3.2560615877402825
#Lucius_JC,cassius,1,2.7492479119622737
#Flavius_JC,trade,3,40.53796870781735
#Flavius_JC,knave,2,31.36445398841029
#Flavius_JC,art,4,24.674617536430162
#Flavius_JC,streets,2,19.727851605236594
#Flavius_JC,home,2,18.7400652340075
#Flavius_JC,way,2,17.855734042541883
#Flavius_JC,sign,1,15.682226994205145
#Flavius_JC,fault,1,15.682226994205145
#Flavius_JC,tears,1,15.682226994205145
#Flavius_JC,ceremonies,1,15.682226994205145
#Flavius_JC,plucked,1,15.682226994205145
#Flavius_JC,without,1,14.565201379298367
#Flavius_JC,tiber,1,14.565201379298367
#Flavius_JC,mettle,1,14.565201379298367
#Flavius_JC,perceive,1,14.565201379298367
#Flavius_JC,about,2,14.024623899105627
#Flavius_JC,wherefore,1,13.512656235939119
#Flavius_JC,weep,1,13.512656235939119
#Flavius_JC,lead,1,12.57873632600184
#Flavius_JC,walk,1,11.761670245653857
#Flavius_JC,go,3,11.674915350383303
#Flavius_JC,moved,1,11.046996317160982
#Flavius_JC,being,1,10.419046088490214
#Flavius_JC,dost,1,10.419046088490214
#Flavius_JC,poor,1,10.419046088490214
#Flavius_JC,matter,1,10.419046088490214
#Flavius_JC,keep,1,10.419046088490214
#Flavius_JC,get,1,9.863925802618297
#Flavius_JC,hence,1,9.37003261700375
#Flavius_JC,countrymen,1,9.37003261700375
#Flavius_JC,into,1,8.927867021270941
#Flavius_JC,i'll,1,8.927867021270941
#Flavius_JC,fly,1,8.927867021270941
#Flavius_JC,else,1,8.927867021270941
#Flavius_JC,caesar's,2,8.83198164275883
#Flavius_JC,men,3,8.821252684240394
#Flavius_JC,these,2,8.501218189935726
#Flavius_JC,capitol,1,7.541237659631356
#Flavius_JC,find,1,7.541237659631356
#Flavius_JC,away,1,7.265967824603284
#Flavius_JC,today,1,7.012311949552814
#Flavius_JC,till,1,6.357619900782343
#Flavius_JC,down,1,6.1686543841075405
#Flavius_JC,day,1,5.826080551719347
#Flavius_JC,most,1,5.385002223529767
#Flavius_JC,who,1,5.2540662551120825
#Flavius_JC,see,1,4.415990821379415
#Flavius_JC,speak,1,4.172984221543068
#Flavius_JC,why,1,3.9579495634368933
#Flavius_JC,would,1,3.891638450127769
#Flavius_JC,know,1,2.807793355743436
#Flavius_JC,good,1,2.7166684587332863
#Decius_JC,senate,3,34.02563467115313
#Decius_JC,flatterers,2,28.28040977014551
#Decius_JC,dream,2,28.28040977014551
#Decius_JC,suit,2,26.266031192091166
#Decius_JC,break,2,24.367932920284787
#Decius_JC,dear,2,21.21030732760913
#Decius_JC,can,3,18.968389066430507
#Decius_JC,mighty,2,15.381936762309925
#Decius_JC,great,3,15.338118614872773
#Decius_JC,many,2,14.7317955961249
#Decius_JC,does,1,14.140204885072755
#Decius_JC,minds,1,14.140204885072755
#Decius_JC,presently,1,14.140204885072755
#Decius_JC,resolved,1,13.133015596045583
#Decius_JC,lest,1,13.133015596045583
#Decius_JC,statue,1,13.133015596045583
#Decius_JC,press,1,13.133015596045583
#Decius_JC,besides,1,13.133015596045583
#Decius_JC,fetch,1,12.183966460142393
#Decius_JC,another,1,12.183966460142393
#Decius_JC,hide,1,12.183966460142393
#Decius_JC,tell,3,11.945308853387868
#Decius_JC,caesar,10,11.666126862358315
#Decius_JC,lies,1,11.341878223717707
#Decius_JC,wife,1,11.341878223717707
#Decius_JC,reason,1,11.341878223717707
#Decius_JC,trebonius,1,11.341878223717707
#Decius_JC,blood,2,10.80538485842878
#Decius_JC,loves,1,10.605153663804565
#Decius_JC,humor,1,10.605153663804565
#Decius_JC,morrow,1,10.605153663804565
#Decius_JC,heard,1,10.605153663804565
#Decius_JC,change,1,10.605153663804565
#Decius_JC,day,2,10.506412476836466
#Decius_JC,only,1,9.960753109046411
#Decius_JC,says,1,9.960753109046411
#Decius_JC,work,1,9.960753109046411
#Decius_JC,worthy,1,9.960753109046411
#Decius_JC,most,2,9.71099765045107
#Decius_JC,being,1,9.394548775037343
#Decius_JC,bring,1,9.394548775037343
#Decius_JC,pardon,1,9.394548775037343
#Decius_JC,metellus,1,9.394548775037343
#Decius_JC,cimber,1,9.394548775037343
#Decius_JC,doth,2,9.251258449405485
#Decius_JC,bears,1,8.894013067896413
#Decius_JC,send,1,8.894013067896413
#Decius_JC,love,2,8.463266696526372
#Decius_JC,crown,1,8.44868404424999
#Decius_JC,best,1,8.44868404424999
#Decius_JC,else,1,8.049996273750143
#Decius_JC,may,2,7.963539235591912
#Decius_JC,himself,1,7.6909683811549625
#Decius_JC,house,1,7.36589779806245
#Decius_JC,cause,1,7.36589779806245
#Decius_JC,better,1,7.36589779806245
#Decius_JC,never,1,6.799713180635461
#Decius_JC,capitol,1,6.799713180635461
#Decius_JC,romans,1,6.799713180635461
#Decius_JC,meet,1,6.799713180635461
#Decius_JC,true,1,6.5515104306424
#Decius_JC,word,1,6.111294876025947
#Decius_JC,till,1,5.7324797053184575
#Decius_JC,forth,1,5.7324797053184575
#Decius_JC,men,2,5.302576831902282
#Decius_JC,time,1,5.1127062049575915
#Decius_JC,know,2,5.063410106208642
#Decius_JC,come,2,4.746105016989079
#Decius_JC,fear,1,4.737437696475414
#Decius_JC,up,1,4.322955537502102
#Decius_JC,hear,1,3.981769617795956
#Decius_JC,caesar's,1,3.981769617795956
#Decius_JC,rome,1,3.9056194874790897
#Decius_JC,go,1,3.5089764383443534
#Decius_JC,man,1,2.932756729936795
#Decius_JC,now,1,2.6831734213879628
#Decius_JC,cassius,1,2.476266218805677
#Decius_JC,good,1,2.449540401723443
#Cassius_JC,yourself,8,30.198957763811414
#Cassius_JC,casca,13,27.440615330848868
#Cassius_JC,brutus,40,23.96878655411172
#Cassius_JC,very,7,23.763650216898668
#Cassius_JC,bear,10,22.349326850924783
#Cassius_JC,now,20,21.5627814506595
#Cassius_JC,know,21,21.36281331597603
#Cassius_JC,age,4,21.10816563911451
#Cassius_JC,opinion,4,21.10816563911451
#Cassius_JC,doth,11,20.44511442568247
#Cassius_JC,did,21,19.818713564203687
#Cassius_JC,yourselves,4,19.582797286827244
#Cassius_JC,may,12,19.199212552798144
#Cassius_JC,could,7,19.125582724309456
#Cassius_JC,gods,9,18.997349075203058
#Cassius_JC,strong,5,18.874348602382135
#Cassius_JC,or,13,18.32946742989715
#Cassius_JC,cannot,4,18.22934286905025
#Cassius_JC,endure,4,18.22934286905025
#Cassius_JC,shake,4,18.22934286905025
#Cassius_JC,enterprise,4,18.22934286905025
#Cassius_JC,think,8,17.879461480739828
#Cassius_JC,much,9,17.13215768758175
#Cassius_JC,coward,3,17.04523523380669
#Cassius_JC,lose,3,17.04523523380669
#Cassius_JC,grown,3,17.04523523380669
#Cassius_JC,faults,3,17.04523523380669
#Cassius_JC,life,5,16.97403586921333
#Cassius_JC,night,9,16.7278208937402
#Cassius_JC,man,14,16.49795512211283
#Cassius_JC,romans,6,16.39335662083668
#Cassius_JC,titinius,6,16.39335662083668
#Cassius_JC,meet,6,16.39335662083668
#Cassius_JC,look,9,16.344279000968026
#Cassius_JC,cinna,5,16.173042426727243
#Cassius_JC,after,4,16.009516243884217
#Cassius_JC,those,4,16.009516243884217
#Cassius_JC,see,10,15.999343793998456
#Cassius_JC,ourselves,3,15.831124229335884
#Cassius_JC,ha,3,15.831124229335884
#Cassius_JC,world,6,15.794967234870203
#Cassius_JC,'tis,7,15.64452879564735
#Cassius_JC,most,8,15.608094380737196
#Cassius_JC,today,6,15.24356288901167
#Cassius_JC,should,10,14.848899869279322
#Cassius_JC,better,5,14.798637607754294
#Cassius_JC,every,7,14.77571594738016
#Cassius_JC,myself,6,14.733656208190617
#Cassius_JC,eye,3,14.687097965120435
#Cassius_JC,since,3,14.687097965120435
#Cassius_JC,ere,3,14.687097965120435
#Cassius_JC,together,3,14.687097965120435
#Cassius_JC,weak,3,14.687097965120435
#Cassius_JC,pompey's,3,14.687097965120435
#Cassius_JC,why,10,14.339838633304126
#Cassius_JC,mine,6,14.260587370059337
#Cassius_JC,one,8,14.204362694838908
#Cassius_JC,rome,9,14.12402509841244
#Cassius_JC,cassius,14,13.930009445120444
#Cassius_JC,noble,9,13.860142173198593
#Cassius_JC,strange,3,13.672007151787689
#Cassius_JC,trebonius,3,13.672007151787689
#Cassius_JC,lead,3,13.672007151787689
#Cassius_JC,durst,3,13.672007151787689
#Cassius_JC,battle,3,13.672007151787689
#Cassius_JC,find,5,13.6611305173639
#Cassius_JC,caesar,29,13.594108593954928
#Cassius_JC,brother,4,13.579228695370665
#Cassius_JC,there,10,13.22180549955297
#Cassius_JC,show,4,12.938433941381792
#Cassius_JC,loves,3,12.783926425355016
#Cassius_JC,old,3,12.783926425355016
#Cassius_JC,last,3,12.783926425355016
#Cassius_JC,cicero,3,12.783926425355016
#Cassius_JC,decius,3,12.783926425355016
#Cassius_JC,mind,3,12.783926425355016
#Cassius_JC,come,13,12.395862277265548
#Cassius_JC,once,4,12.36138290763116
#Cassius_JC,great,6,12.326169338160453
#Cassius_JC,means,3,12.007137182913162
#Cassius_JC,enough,3,12.007137182913162
#Cassius_JC,moved,3,12.007137182913162
#Cassius_JC,still,3,12.007137182913162
#Cassius_JC,love,7,11.902333453069375
#Cassius_JC,name,4,11.838910086203436
#Cassius_JC,friend,5,11.516978931628493
#Cassius_JC,fear,6,11.421438458387831
#Cassius_JC,flood,2,11.363490155871126
#Cassius_JC,bade,2,11.363490155871126
#Cassius_JC,write,2,11.363490155871126
#Cassius_JC,sound,2,11.363490155871126
#Cassius_JC,spirit,4,11.363490155871126
#Cassius_JC,minds,2,11.363490155871126
#Cassius_JC,known,2,11.363490155871126
#Cassius_JC,quality,2,11.363490155871126
#Cassius_JC,monstrous,2,11.363490155871126
#Cassius_JC,fearful,2,11.363490155871126
#Cassius_JC,haste,2,11.363490155871126
#Cassius_JC,begin,2,11.363490155871126
#Cassius_JC,already,2,11.363490155871126
#Cassius_JC,held,2,11.363490155871126
#Cassius_JC,morning,2,11.363490155871126
#Cassius_JC,purpose,2,11.363490155871126
#Cassius_JC,liberty,2,11.363490155871126
#Cassius_JC,offense,2,11.363490155871126
#Cassius_JC,tempt,2,11.363490155871126
#Cassius_JC,denied,2,11.363490155871126
#Cassius_JC,news,2,11.363490155871126
#Cassius_JC,use,3,11.324609161429283
#Cassius_JC,said,3,11.324609161429283
#Cassius_JC,yours,3,11.324609161429283
#Cassius_JC,keep,3,11.324609161429283
#Cassius_JC,matter,3,11.324609161429283
#Cassius_JC,rest,3,11.324609161429283
#Cassius_JC,gone,3,11.324609161429283
#Cassius_JC,enemy,3,11.324609161429283
#Cassius_JC,such,7,11.199540655798918
#Cassius_JC,art,5,11.174663425462391
#Cassius_JC,take,5,11.174663425462391
#Cassius_JC,never,4,10.928904413891118
#Cassius_JC,good,11,10.82688027309114
#Cassius_JC,these,7,10.78011057915446
#Cassius_JC,indeed,3,10.721241039080248
#Cassius_JC,ever,3,10.721241039080248
#Cassius_JC,streets,3,10.721241039080248
#Cassius_JC,answer,3,10.721241039080248
#Cassius_JC,fall,3,10.721241039080248
#Cassius_JC,day,5,10.554082819557255
#Cassius_JC,tiber,2,10.554082819557255
#Cassius_JC,angry,2,10.554082819557255
#Cassius_JC,cried,2,10.554082819557255
#Cassius_JC,state,2,10.554082819557255
#Cassius_JC,honest,2,10.554082819557255
#Cassius_JC,sickness,2,10.554082819557255
#Cassius_JC,several,2,10.554082819557255
#Cassius_JC,wherein,2,10.554082819557255
#Cassius_JC,days,2,10.554082819557255
#Cassius_JC,heaven,2,10.554082819557255
#Cassius_JC,dagger,2,10.554082819557255
#Cassius_JC,grief,2,10.554082819557255
#Cassius_JC,bondman,2,10.554082819557255
#Cassius_JC,gave,2,10.554082819557255
#Cassius_JC,soldier,2,10.554082819557255
#Cassius_JC,brought,2,10.554082819557255
#Cassius_JC,forever,2,10.554082819557255
#Cassius_JC,sirrah,2,10.554082819557255
#Cassius_JC,true,4,10.529978156580135
#Cassius_JC,away,4,10.529978156580135
#Cassius_JC,messala,4,10.529978156580135
#Cassius_JC,time,5,10.271807781800376
#Cassius_JC,best,3,10.184421521528
#Cassius_JC,words,3,10.184421521528
#Cassius_JC,can,4,10.162375259341115
#Cassius_JC,leave,4,10.162375259341115
#Cassius_JC,had,5,10.005947652427633
#Cassius_JC,o,10,9.950006746514601
#Cassius_JC,point,2,9.791398643413622
#Cassius_JC,alone,2,9.791398643413622
#Cassius_JC,voice,2,9.791398643413622
#Cassius_JC,wish,2,9.791398643413622
#Cassius_JC,gold,2,9.791398643413622
#Cassius_JC,face,3,9.703825456036345
#Cassius_JC,into,3,9.703825456036345
#Cassius_JC,might,3,9.703825456036345
#Cassius_JC,fly,3,9.703825456036345
#Cassius_JC,back,3,9.703825456036345
#Cassius_JC,sword,3,9.703825456036345
#Cassius_JC,tell,6,9.599606276399072
#Cassius_JC,men,9,9.587944819016263
#Cassius_JC,eyes,3,9.27103718072337
#Cassius_JC,set,3,9.27103718072337
#Cassius_JC,like,6,9.240094782132395
#Cassius_JC,till,4,9.213583145302795
#Cassius_JC,pray,2,9.114671434525125
#Cassius_JC,over,2,9.114671434525125
#Cassius_JC,thing,2,9.114671434525125
#Cassius_JC,both,2,9.114671434525125
#Cassius_JC,fashion,2,9.114671434525125
#Cassius_JC,tomorrow,2,9.114671434525125
#Cassius_JC,spirits,2,9.114671434525125
#Cassius_JC,three,2,9.114671434525125
#Cassius_JC,far,2,9.114671434525125
#Cassius_JC,done,4,8.939730740369914
#Cassius_JC,we'll,3,8.879182564652577
#Cassius_JC,mark,5,8.877726684274318
#Cassius_JC,turn,2,8.522617616903345
#Cassius_JC,heard,2,8.522617616903345
#Cassius_JC,hard,2,8.522617616903345
#Cassius_JC,tongue,2,8.522617616903345
#Cassius_JC,dear,2,8.522617616903345
#Cassius_JC,humor,2,8.522617616903345
#Cassius_JC,change,2,8.522617616903345
#Cassius_JC,antony,8,8.522617616903345
#Cassius_JC,didst,2,8.522617616903345
#Cassius_JC,stand,5,8.50166675219241
#Cassius_JC,roman,3,8.19667831041834
#Cassius_JC,capitol,3,8.19667831041834
#Cassius_JC,made,3,8.19667831041834
#Cassius_JC,wrong,3,8.19667831041834
#Cassius_JC,must,5,8.159498869511353
#Cassius_JC,more,5,8.159498869511353
#Cassius_JC,worthy,2,8.004758121942109
#Cassius_JC,common,2,8.004758121942109
#Cassius_JC,under,2,8.004758121942109
#Cassius_JC,cry,2,8.004758121942109
#Cassius_JC,publius,2,8.004758121942109
#Cassius_JC,pindarus,2,8.004758121942109
#Cassius_JC,portia,2,8.004758121942109
#Cassius_JC,out,4,8.004758121942107
#Cassius_JC,heart,4,8.004758121942107
#Cassius_JC,ay,3,7.8974836174351015
#Cassius_JC,about,3,7.621781444505835
#Cassius_JC,fire,3,7.621781444505835
#Cassius_JC,off,3,7.621781444505835
#Cassius_JC,hand,4,7.614292305591888
#Cassius_JC,who,4,7.614292305591888
#Cassius_JC,sure,2,7.5497394409528535
#Cassius_JC,full,2,7.5497394409528535
#Cassius_JC,brutus',2,7.5497394409528535
#Cassius_JC,cimber,2,7.5497394409528535
#Cassius_JC,pardon,2,7.5497394409528535
#Cassius_JC,people,2,7.5497394409528535
#Cassius_JC,word,3,7.366828104095308
#Cassius_JC,hearts,2,7.147494026053501
#Cassius_JC,get,2,7.147494026053501
#Cassius_JC,bears,2,7.147494026053501
#Cassius_JC,philippi,2,7.147494026053501
#Cassius_JC,up,4,6.948111868807755
#Cassius_JC,before,2,6.789614347685332
#Cassius_JC,hence,2,6.789614347685332
#Cassius_JC,therefore,2,6.469216970690896
#Cassius_JC,hold,2,6.469216970690896
#Cassius_JC,hast,2,6.469216970690896
#Cassius_JC,else,2,6.469216970690896
#Cassius_JC,way,2,6.469216970690896
#Cassius_JC,honor,2,6.18069145381558
#Cassius_JC,part,2,6.18069145381558
#Cassius_JC,mighty,2,6.18069145381558
#Cassius_JC,many,2,5.919455043101718
#Cassius_JC,hands,2,5.919455043101718
#Cassius_JC,course,1,5.681745077935563
#Cassius_JC,thoughts,1,5.681745077935563
#Cassius_JC,live,2,5.681745077935563
#Cassius_JC,feeble,1,5.681745077935563
#Cassius_JC,masters,1,5.681745077935563
#Cassius_JC,fault,1,5.681745077935563
#Cassius_JC,king,1,5.681745077935563
#Cassius_JC,glad,1,5.681745077935563
#Cassius_JC,struck,1,5.681745077935563
#Cassius_JC,pluck,1,5.681745077935563
#Cassius_JC,gives,1,5.681745077935563
#Cassius_JC,ambition,1,5.681745077935563
#Cassius_JC,worse,1,5.681745077935563
#Cassius_JC,present,1,5.681745077935563
#Cassius_JC,kind,1,5.681745077935563
#Cassius_JC,fools,1,5.681745077935563
#Cassius_JC,dreadful,1,5.681745077935563
#Cassius_JC,wear,1,5.681745077935563
#Cassius_JC,pleasure,1,5.681745077935563
#Cassius_JC,lay,1,5.681745077935563
#Cassius_JC,prevent,1,5.681745077935563
#Cassius_JC,quite,1,5.681745077935563
#Cassius_JC,ceremonies,1,5.681745077935563
#Cassius_JC,foot,1,5.681745077935563
#Cassius_JC,beg,1,5.681745077935563
#Cassius_JC,freedom,1,5.681745077935563
#Cassius_JC,called,1,5.681745077935563
#Cassius_JC,country,1,5.681745077935563
#Cassius_JC,grace,1,5.681745077935563
#Cassius_JC,number,1,5.681745077935563
#Cassius_JC,ground,1,5.681745077935563
#Cassius_JC,health,1,5.681745077935563
#Cassius_JC,revenge,1,5.681745077935563
#Cassius_JC,teeth,1,5.681745077935563
#Cassius_JC,strike,1,5.681745077935563
#Cassius_JC,wine,1,5.681745077935563
#Cassius_JC,souls,1,5.681745077935563
#Cassius_JC,fast,1,5.681745077935563
#Cassius_JC,flatterers,1,5.681745077935563
#Cassius_JC,wind,1,5.681745077935563
#Cassius_JC,pompey,1,5.681745077935563
#Cassius_JC,heads,1,5.681745077935563
#Cassius_JC,ready,1,5.681745077935563
#Cassius_JC,triumph,1,5.681745077935563
#Cassius_JC,villains,1,5.681745077935563
#Cassius_JC,sight,1,5.681745077935563
#Cassius_JC,round,1,5.681745077935563
#Cassius_JC,behold,1,5.681745077935563
#Cassius_JC,thine,1,5.681745077935563
#Cassius_JC,oath,1,5.681745077935563
#Cassius_JC,go,4,5.639836132276045
#Cassius_JC,would,4,5.639836132276045
#Cassius_JC,even,2,5.464452206945559
#Cassius_JC,things,2,5.464452206945559
#Cassius_JC,bid,2,5.464452206945559
#Cassius_JC,free,1,5.277041409778628
#Cassius_JC,whose,1,5.277041409778628
#Cassius_JC,room,1,5.277041409778628
#Cassius_JC,note,1,5.277041409778628
#Cassius_JC,mettle,1,5.277041409778628
#Cassius_JC,earth,1,5.277041409778628
#Cassius_JC,heavens,1,5.277041409778628
#Cassius_JC,while,1,5.277041409778628
#Cassius_JC,besides,1,5.277041409778628
#Cassius_JC,certain,1,5.277041409778628
#Cassius_JC,statue,1,5.277041409778628
#Cassius_JC,worth,1,5.277041409778628
#Cassius_JC,need,1,5.277041409778628
#Cassius_JC,honors,1,5.277041409778628
#Cassius_JC,lest,1,5.277041409778628
#Cassius_JC,blame,1,5.277041409778628
#Cassius_JC,little,1,5.277041409778628
#Cassius_JC,side,1,5.277041409778628
#Cassius_JC,speaks,1,5.277041409778628
#Cassius_JC,speech,1,5.277041409778628
#Cassius_JC,nature,1,5.277041409778628
#Cassius_JC,ill,1,5.277041409778628
#Cassius_JC,offended,1,5.277041409778628
#Cassius_JC,seem,1,5.277041409778628
#Cassius_JC,resolved,1,5.277041409778628
#Cassius_JC,smile,1,5.277041409778628
#Cassius_JC,perceive,1,5.277041409778628
#Cassius_JC,long,1,5.277041409778628
#Cassius_JC,any,2,5.264989078290068
#Cassius_JC,lucius,2,5.264989078290068
#Cassius_JC,again,2,4.91121873606354
#Cassius_JC,virtue,1,4.895699321706811
#Cassius_JC,cold,1,4.895699321706811
#Cassius_JC,fit,1,4.895699321706811
#Cassius_JC,same,1,4.895699321706811
#Cassius_JC,'em,1,4.895699321706811
#Cassius_JC,went,1,4.895699321706811
#Cassius_JC,th',1,4.895699321706811
#Cassius_JC,pass,1,4.895699321706811
#Cassius_JC,thrice,1,4.895699321706811
#Cassius_JC,power,1,4.895699321706811
#Cassius_JC,base,1,4.895699321706811
#Cassius_JC,there's,1,4.895699321706811
#Cassius_JC,right,1,4.895699321706811
#Cassius_JC,yes,1,4.895699321706811
#Cassius_JC,nay,1,4.895699321706811
#Cassius_JC,fetch,1,4.895699321706811
#Cassius_JC,funeral,1,4.895699321706811
#Cassius_JC,weep,1,4.895699321706811
#Cassius_JC,believe,1,4.895699321706811
#Cassius_JC,hide,1,4.895699321706811
#Cassius_JC,field,1,4.895699321706811
#Cassius_JC,ta'en,1,4.895699321706811
#Cassius_JC,hither,1,4.895699321706811
#Cassius_JC,through,1,4.895699321706811
#Cassius_JC,hear,3,4.799803138199536
#Cassius_JC,forth,2,4.606791572651398
#Cassius_JC,respect,1,4.557335717262562
#Cassius_JC,dangerous,1,4.557335717262562
#Cassius_JC,offered,1,4.557335717262562
#Cassius_JC,came,1,4.557335717262562
#Cassius_JC,letters,1,4.557335717262562
#Cassius_JC,'t,1,4.557335717262562
#Cassius_JC,whilst,1,4.557335717262562
#Cassius_JC,lies,1,4.557335717262562
#Cassius_JC,let's,1,4.557335717262562
#Cassius_JC,reason,1,4.557335717262562
#Cassius_JC,end,1,4.557335717262562
#Cassius_JC,speak,3,4.5356758137379884
#Cassius_JC,friends,2,4.341764686831927
#Cassius_JC,walk,1,4.261308808451672
#Cassius_JC,vile,1,4.261308808451672
#Cassius_JC,stir,1,4.261308808451672
#Cassius_JC,morrow,1,4.261308808451672
#Cassius_JC,remember,1,4.261308808451672
#Cassius_JC,appear,1,4.261308808451672
#Cassius_JC,along,1,4.261308808451672
#Cassius_JC,talk,1,4.261308808451672
#Cassius_JC,against,1,4.261308808451672
#Cassius_JC,alas,1,4.002379060971054
#Cassius_JC,only,1,4.002379060971054
#Cassius_JC,anything,1,4.002379060971054
#Cassius_JC,tonight,1,4.002379060971054
#Cassius_JC,work,1,4.002379060971054
#Cassius_JC,awake,1,4.002379060971054
#Cassius_JC,young,1,4.002379060971054
#Cassius_JC,seek,1,4.002379060971054
#Cassius_JC,gentle,1,3.7748697204764268
#Cassius_JC,being,1,3.7748697204764268
#Cassius_JC,poor,1,3.7748697204764268
#Cassius_JC,bloody,1,3.7748697204764268
#Cassius_JC,metellus,1,3.7748697204764268
#Cassius_JC,within,1,3.7748697204764268
#Cassius_JC,bring,1,3.7748697204764268
#Cassius_JC,been,1,3.7748697204764268
#Cassius_JC,two,1,3.7748697204764268
#Cassius_JC,body,1,3.5737470130267504
#Cassius_JC,sick,1,3.5737470130267504
#Cassius_JC,farewell,1,3.5737470130267504
#Cassius_JC,own,1,3.5737470130267504
#Cassius_JC,first,1,3.5737470130267504
#Cassius_JC,crown,1,3.394807173842666
#Cassius_JC,mean,1,3.394807173842666
#Cassius_JC,fell,1,3.394807173842666
#Cassius_JC,fellow,1,3.234608485345448
#Cassius_JC,other,1,3.234608485345448
#Cassius_JC,i'll,1,3.234608485345448
#Cassius_JC,place,1,3.234608485345448
#Cassius_JC,caesar's,2,3.199868758799691
#Cassius_JC,follow,1,3.09034572690779
#Cassius_JC,himself,1,3.09034572690779
#Cassius_JC,honorable,1,2.959727521550859
#Cassius_JC,cause,1,2.959727521550859
#Cassius_JC,dead,1,2.959727521550859
#Cassius_JC,house,1,2.959727521550859
#Cassius_JC,comes,1,2.959727521550859
#Cassius_JC,put,1,2.8408725389677816
#Cassius_JC,stay,1,2.8408725389677816
#Cassius_JC,run,1,2.8408725389677816
#Cassius_JC,peace,1,2.7322261034727795
#Cassius_JC,ho,1,2.632494539145034
#Cassius_JC,octavius,1,2.632494539145034
#Cassius_JC,down,1,2.2349326850924784
#Cassius_JC,blood,1,2.1708823434159634
#Cassius_JC,lord,1,1.4099590330690113
#Casca_JC,offered,5,40.022357900085964
#Casca_JC,crown,6,35.775688992670126
#Casca_JC,fell,6,35.775688992670126
#Casca_JC,put,7,34.92781624609937
#Casca_JC,again,5,21.565072903868586
#Casca_JC,taken,2,19.95875214062821
#Casca_JC,years,2,19.95875214062821
#Casca_JC,down,5,19.627098233416792
#Casca_JC,own,3,18.83071042468202
#Casca_JC,send,3,18.83071042468202
#Casca_JC,every,5,18.53711493368717
#Casca_JC,marketplace,2,18.53711493368717
#Casca_JC,heavens,2,18.53711493368717
#Casca_JC,ay,4,18.494777677510186
#Casca_JC,mean,3,17.887844496335063
#Casca_JC,off,4,17.849122600458028
#Casca_JC,fire,4,17.849122600458028
#Casca_JC,had,5,17.574374280046566
#Casca_JC,would,7,17.335093125809852
#Casca_JC,th',2,17.197541948237344
#Casca_JC,point,2,17.197541948237344
#Casca_JC,high,2,17.197541948237344
#Casca_JC,hand,5,16.71711010097131
#Casca_JC,mine,4,16.698128526515077
#Casca_JC,part,3,16.283582828731834
#Casca_JC,both,2,16.008943160034384
#Casca_JC,tomorrow,2,16.008943160034384
#Casca_JC,up,5,15.25451695877544
#Casca_JC,why,6,15.111833482119895
#Casca_JC,saw,2,14.969064105471157
#Casca_JC,cicero,2,14.969064105471157
#Casca_JC,still,2,14.059499424037252
#Casca_JC,common,2,14.059499424037252
#Casca_JC,seen,2,14.059499424037252
#Casca_JC,who,4,13.373688080777049
#Casca_JC,people,2,13.26030789496923
#Casca_JC,said,2,13.26030789496923
#Casca_JC,hearts,2,12.553806949788013
#Casca_JC,farewell,2,12.553806949788013
#Casca_JC,indeed,2,12.553806949788013
#Casca_JC,there,5,11.611341902770487
#Casca_JC,did,7,11.603148514768504
#Casca_JC,hold,2,11.362486022417567
#Casca_JC,sword,2,11.362486022417567
#Casca_JC,time,3,10.82479745611643
#Casca_JC,these,4,10.81949054869723
#Casca_JC,hands,2,10.396888138440232
#Casca_JC,fear,3,10.030266060582786
#Casca_JC,noise,1,9.979376070314105
#Casca_JC,lay,1,9.979376070314105
#Casca_JC,almost,1,9.979376070314105
#Casca_JC,air,1,9.979376070314105
#Casca_JC,glad,1,9.979376070314105
#Casca_JC,plucked,1,9.979376070314105
#Casca_JC,less,1,9.979376070314105
#Casca_JC,heads,1,9.979376070314105
#Casca_JC,news,1,9.979376070314105
#Casca_JC,sight,1,9.979376070314105
#Casca_JC,held,1,9.979376070314105
#Casca_JC,sit,1,9.979376070314105
#Casca_JC,antonius,1,9.979376070314105
#Casca_JC,ear,1,9.979376070314105
#Casca_JC,tempt,1,9.979376070314105
#Casca_JC,dreadful,1,9.979376070314105
#Casca_JC,king,1,9.979376070314105
#Casca_JC,wear,1,9.979376070314105
#Casca_JC,foot,1,9.979376070314105
#Casca_JC,haste,1,9.979376070314105
#Casca_JC,offense,1,9.979376070314105
#Casca_JC,pulpit,1,9.979376070314105
#Casca_JC,peace,2,9.597724439122764
#Casca_JC,bid,2,9.597724439122764
#Casca_JC,could,2,9.597724439122764
#Casca_JC,never,2,9.597724439122764
#Casca_JC,capitol,2,9.597724439122764
#Casca_JC,one,3,9.355665065919474
#Casca_JC,speaks,1,9.268557466843586
#Casca_JC,honest,1,9.268557466843586
#Casca_JC,cried,1,9.268557466843586
#Casca_JC,alive,1,9.268557466843586
#Casca_JC,worth,1,9.268557466843586
#Casca_JC,earth,1,9.268557466843586
#Casca_JC,clouds,1,9.268557466843586
#Casca_JC,heaven,1,9.268557466843586
#Casca_JC,burn,1,9.268557466843586
#Casca_JC,besides,1,9.268557466843586
#Casca_JC,without,1,9.268557466843586
#Casca_JC,bondman,1,9.268557466843586
#Casca_JC,griefs,1,9.268557466843586
#Casca_JC,awhile,1,9.268557466843586
#Casca_JC,can,2,8.924561300229014
#Casca_JC,word,2,8.626029161547436
#Casca_JC,thrice,1,8.598770974118672
#Casca_JC,cut,1,8.598770974118672
#Casca_JC,there's,1,8.598770974118672
#Casca_JC,spoke,1,8.598770974118672
#Casca_JC,nay,1,8.598770974118672
#Casca_JC,another,1,8.598770974118672
#Casca_JC,fare,1,8.598770974118672
#Casca_JC,through,1,8.598770974118672
#Casca_JC,left,1,8.598770974118672
#Casca_JC,since,1,8.598770974118672
#Casca_JC,went,1,8.598770974118672
#Casca_JC,believe,1,8.598770974118672
#Casca_JC,wherefore,1,8.598770974118672
#Casca_JC,power,1,8.598770974118672
#Casca_JC,redress,1,8.598770974118672
#Casca_JC,virtue,1,8.598770974118672
#Casca_JC,fit,1,8.598770974118672
#Casca_JC,tell,3,8.430339609141862
#Casca_JC,such,3,8.430339609141862
#Casca_JC,like,3,8.114617911522924
#Casca_JC,till,2,8.09133548767839
#Casca_JC,'t,1,8.004471580017192
#Casca_JC,durst,1,8.004471580017192
#Casca_JC,came,1,8.004471580017192
#Casca_JC,three,1,8.004471580017192
#Casca_JC,thing,1,8.004471580017192
#Casca_JC,senators,1,8.004471580017192
#Casca_JC,far,1,8.004471580017192
#Casca_JC,speak,3,7.9664282817076915
#Casca_JC,done,2,7.850839293366717
#Casca_JC,bad,1,7.484532052735578
#Casca_JC,remember,1,7.484532052735578
#Casca_JC,mind,1,7.484532052735578
#Casca_JC,ambitious,1,7.484532052735578
#Casca_JC,against,1,7.484532052735578
#Casca_JC,walk,1,7.484532052735578
#Casca_JC,reasons,1,7.484532052735578
#Casca_JC,appear,1,7.484532052735578
#Casca_JC,change,1,7.484532052735578
#Casca_JC,go,3,7.4293256253470785
#Casca_JC,or,3,7.4293256253470785
#Casca_JC,gods,2,7.4148459734748675
#Casca_JC,anything,1,7.029749712018626
#Casca_JC,alas,1,7.029749712018626
#Casca_JC,those,1,7.029749712018626
#Casca_JC,moved,1,7.029749712018626
#Casca_JC,tonight,1,7.029749712018626
#Casca_JC,directly,1,7.029749712018626
#Casca_JC,being,1,6.630153947484615
#Casca_JC,sure,1,6.630153947484615
#Casca_JC,use,1,6.630153947484615
#Casca_JC,been,1,6.630153947484615
#Casca_JC,two,1,6.630153947484615
#Casca_JC,night,2,6.5290275452619975
#Casca_JC,streets,1,6.276903474894007
#Casca_JC,ever,1,6.276903474894007
#Casca_JC,bears,1,6.276903474894007
#Casca_JC,first,1,6.276903474894007
#Casca_JC,mark,2,6.237110043946315
#Casca_JC,man,3,6.209333436535982
#Casca_JC,very,1,5.9626148321116865
#Casca_JC,before,1,5.9626148321116865
#Casca_JC,hence,1,5.9626148321116865
#Casca_JC,life,1,5.9626148321116865
#Casca_JC,caesar,7,5.763315859479336
#Casca_JC,more,2,5.732513982745781
#Casca_JC,back,1,5.6812430112087835
#Casca_JC,other,1,5.6812430112087835
#Casca_JC,might,1,5.6812430112087835
#Casca_JC,i'll,1,5.6812430112087835
#Casca_JC,face,1,5.6812430112087835
#Casca_JC,else,1,5.6812430112087835
#Casca_JC,place,1,5.6812430112087835
#Casca_JC,way,1,5.6812430112087835
#Casca_JC,men,3,5.613399039551684
#Casca_JC,once,1,5.427860942910611
#Casca_JC,himself,1,5.427860942910611
#Casca_JC,mighty,1,5.427860942910611
#Casca_JC,set,1,5.427860942910611
#Casca_JC,comes,1,5.198444069220116
#Casca_JC,many,1,5.198444069220116
#Casca_JC,even,1,4.798862219561382
#Casca_JC,meet,1,4.798862219561382
#Casca_JC,things,1,4.798862219561382
#Casca_JC,roman,1,4.798862219561382
#Casca_JC,ho,1,4.623694419377546
#Casca_JC,true,1,4.623694419377546
#Casca_JC,any,1,4.623694419377546
#Casca_JC,world,1,4.623694419377546
#Casca_JC,leave,1,4.462280650114507
#Casca_JC,forth,1,4.045667743839195
#Casca_JC,think,1,3.9254196466833586
#Casca_JC,'tis,1,3.9254196466833586
#Casca_JC,antony,2,3.742266026367789
#Casca_JC,casca,1,3.7074229867374338
#Casca_JC,great,1,3.6082658187054766
#Casca_JC,know,2,3.5734753533470567
#Casca_JC,out,1,3.514874856009313
#Casca_JC,o,2,3.4952240152847573
#Casca_JC,cassius,2,3.4952240152847573
#Casca_JC,good,2,3.4575008024151055
#Casca_JC,most,1,3.4267430479063132
#Casca_JC,much,1,3.343422020194262
#Casca_JC,death,1,3.343422020194262
#Casca_JC,doth,1,3.2645137726309987
#Casca_JC,look,1,3.1896637488718205
#Casca_JC,stand,1,2.986453231563874
#Casca_JC,caesar's,1,2.810113203047288
#Casca_JC,now,1,1.8936356899728253
#Casca_JC,brutus,1,1.0524650951934247
#Calphurnia_JC,seen,3,33.28390240143311
#Calphurnia_JC,house,3,24.613181425707733
#Calphurnia_JC,today,3,21.12765314991078
#Calphurnia_JC,streets,2,19.81292375975608
#Calphurnia_JC,forth,3,19.155107343914644
#Calphurnia_JC,ceremonies,1,15.749853255024473
#Calphurnia_JC,war,1,15.749853255024473
#Calphurnia_JC,noise,1,15.749853255024473
#Calphurnia_JC,air,1,15.749853255024473
#Calphurnia_JC,things,2,15.147515278837231
#Calphurnia_JC,besides,1,14.628010705277799
#Calphurnia_JC,clouds,1,14.628010705277799
#Calphurnia_JC,heavens,1,14.628010705277799
#Calphurnia_JC,right,1,13.570926685366434
#Calphurnia_JC,themselves,1,13.570926685366434
#Calphurnia_JC,call,1,13.570926685366434
#Calphurnia_JC,battle,1,12.63297944490798
#Calphurnia_JC,senate,1,12.63297944490798
#Calphurnia_JC,walk,1,11.812389941268354
#Calphurnia_JC,stir,1,11.812389941268354
#Calphurnia_JC,heard,1,11.812389941268354
#Calphurnia_JC,alas,1,11.094634133811036
#Calphurnia_JC,fear,2,10.553446591580277
#Calphurnia_JC,within,1,10.463976003643795
#Calphurnia_JC,use,1,10.463976003643795
#Calphurnia_JC,own,1,9.90646187987804
#Calphurnia_JC,send,1,9.90646187987804
#Calphurnia_JC,sick,1,9.90646187987804
#Calphurnia_JC,mean,1,9.410438885187295
#Calphurnia_JC,dead,1,8.204393808569243
#Calphurnia_JC,we'll,1,8.204393808569243
#Calphurnia_JC,did,3,7.8482384261971045
#Calphurnia_JC,lord,2,7.8168406226707425
#Calphurnia_JC,never,1,7.5737576394186155
#Calphurnia_JC,capitol,1,7.5737576394186155
#Calphurnia_JC,die,1,7.5737576394186155
#Calphurnia_JC,there,2,7.330194985097727
#Calphurnia_JC,about,1,7.0425510499702595
#Calphurnia_JC,think,1,6.195255391122558
#Calphurnia_JC,blood,1,6.0177072138456875
#Calphurnia_JC,out,1,5.547317066905518
#Calphurnia_JC,most,1,5.408223897659062
#Calphurnia_JC,death,1,5.276723295790139
#Calphurnia_JC,one,1,4.921829142195148
#Calphurnia_JC,mark,1,4.921829142195148
#Calphurnia_JC,up,1,4.815058614569943
#Calphurnia_JC,these,1,4.268938940556982
#Calphurnia_JC,go,1,3.9084203113353713
#Calphurnia_JC,caesar,3,3.8982416654501777
#Calphurnia_JC,now,1,2.9886121161691297
#Calphurnia_JC,men,1,2.9530974853170884
#Calphurnia_JC,antony,1,2.9530974853170884
#Calphurnia_JC,o,1,2.7581516592970545
#Caesar_JC,calphurnia,6,50.47595390512956
#Caesar_JC,antonius,3,29.290146699061033
#Caesar_JC,constant,3,29.290146699061033
#Caesar_JC,dangerous,3,23.493667858113795
#Caesar_JC,she,3,23.493667858113795
#Caesar_JC,home,4,23.33423945705675
#Caesar_JC,tell,8,21.99432840377502
#Caesar_JC,decius,3,21.96761002429578
#Caesar_JC,today,5,21.828494743112312
#Caesar_JC,smiles,2,19.526764466040692
#Caesar_JC,quality,2,19.526764466040692
#Caesar_JC,move,2,19.526764466040692
#Caesar_JC,whose,2,18.135897206379244
#Caesar_JC,without,2,18.135897206379244
#Caesar_JC,go,7,16.95989198520683
#Caesar_JC,way,3,16.674834183905332
#Caesar_JC,men,9,16.475707518221835
#Caesar_JC,come,10,16.385207207229755
#Caesar_JC,fear,5,16.35528459868243
#Caesar_JC,doth,5,15.969282820179611
#Caesar_JC,end,2,15.662445238742531
#Caesar_JC,senate,2,15.662445238742531
#Caesar_JC,pray,2,15.662445238742531
#Caesar_JC,caesar,19,15.304702276773023
#Caesar_JC,blood,4,14.92158047286849
#Caesar_JC,stay,3,14.645073349530517
#Caesar_JC,morrow,2,14.645073349530517
#Caesar_JC,remember,2,14.645073349530517
#Caesar_JC,could,3,14.084986617315682
#Caesar_JC,sleep,2,13.75519530626172
#Caesar_JC,moved,2,13.75519530626172
#Caesar_JC,tonight,2,13.75519530626172
#Caesar_JC,publius,2,13.75519530626172
#Caesar_JC,such,5,13.746455252359386
#Caesar_JC,dost,2,12.973301496397763
#Caesar_JC,within,2,12.973301496397763
#Caesar_JC,cimber,2,12.973301496397763
#Caesar_JC,should,5,12.758006842529447
#Caesar_JC,philippi,2,12.282092073364439
#Caesar_JC,one,4,12.204227791275432
#Caesar_JC,forth,3,11.874309664028877
#Caesar_JC,before,2,11.667119728528375
#Caesar_JC,very,2,11.667119728528375
#Caesar_JC,face,2,11.116556122603555
#Caesar_JC,fellow,2,11.116556122603555
#Caesar_JC,see,4,10.99716420188751
#Caesar_JC,set,2,10.62076040023422
#Caesar_JC,once,2,10.62076040023422
#Caesar_JC,these,4,10.585313254975585
#Caesar_JC,out,3,10.316396479696287
#Caesar_JC,many,2,10.171857660671597
#Caesar_JC,cause,2,10.171857660671597
#Caesar_JC,much,3,9.813170759209456
#Caesar_JC,run,2,9.763382233020346
#Caesar_JC,course,1,9.763382233020346
#Caesar_JC,speed,1,9.763382233020346
#Caesar_JC,quite,1,9.763382233020346
#Caesar_JC,deeds,1,9.763382233020346
#Caesar_JC,spirit,2,9.763382233020346
#Caesar_JC,behold,1,9.763382233020346
#Caesar_JC,ear,1,9.763382233020346
#Caesar_JC,present,1,9.763382233020346
#Caesar_JC,dare,1,9.763382233020346
#Caesar_JC,does,1,9.763382233020346
#Caesar_JC,wine,1,9.763382233020346
#Caesar_JC,ready,1,9.763382233020346
#Caesar_JC,prevent,1,9.763382233020346
#Caesar_JC,fools,1,9.763382233020346
#Caesar_JC,number,1,9.763382233020346
#Caesar_JC,shalt,1,9.763382233020346
#Caesar_JC,never,2,9.389991078210453
#Caesar_JC,bid,2,9.389991078210453
#Caesar_JC,now,5,9.263248985220363
#Caesar_JC,ha,1,9.067948603189622
#Caesar_JC,press,1,9.067948603189622
#Caesar_JC,smile,1,9.067948603189622
#Caesar_JC,heaven,1,9.067948603189622
#Caesar_JC,earth,1,9.067948603189622
#Caesar_JC,cried,1,9.067948603189622
#Caesar_JC,times,1,9.067948603189622
#Caesar_JC,statue,1,9.067948603189622
#Caesar_JC,seem,1,9.067948603189622
#Caesar_JC,long,1,9.067948603189622
#Caesar_JC,prepare,1,9.067948603189622
#Caesar_JC,blame,1,9.067948603189622
#Caesar_JC,little,1,9.067948603189622
#Caesar_JC,world,2,9.047238149357602
#Caesar_JC,true,2,9.047238149357602
#Caesar_JC,leave,2,8.731397897244925
#Caesar_JC,fire,2,8.731397897244925
#Caesar_JC,pass,1,8.412658984188258
#Caesar_JC,looks,1,8.412658984188258
#Caesar_JC,through,1,8.412658984188258
#Caesar_JC,themselves,1,8.412658984188258
#Caesar_JC,right,1,8.412658984188258
#Caesar_JC,thrice,1,8.412658984188258
#Caesar_JC,valiant,1,8.412658984188258
#Caesar_JC,fetch,1,8.412658984188258
#Caesar_JC,ligarius,1,8.412658984188258
#Caesar_JC,same,1,8.412658984188258
#Caesar_JC,call,1,8.412658984188258
#Caesar_JC,near,1,8.412658984188258
#Caesar_JC,together,1,8.412658984188258
#Caesar_JC,redress,1,8.412658984188258
#Caesar_JC,base,1,8.412658984188258
#Caesar_JC,satisfied,1,8.412658984188258
#Caesar_JC,there's,1,8.412658984188258
#Caesar_JC,wilt,1,8.412658984188258
#Caesar_JC,like,3,7.938984941231691
#Caesar_JC,shake,1,7.831222619371266
#Caesar_JC,strange,1,7.831222619371266
#Caesar_JC,senators,1,7.831222619371266
#Caesar_JC,cannot,1,7.831222619371266
#Caesar_JC,far,1,7.831222619371266
#Caesar_JC,wife,1,7.831222619371266
#Caesar_JC,came,1,7.831222619371266
#Caesar_JC,'t,1,7.831222619371266
#Caesar_JC,trebonius,1,7.831222619371266
#Caesar_JC,ides,1,7.831222619371266
#Caesar_JC,friends,2,7.460790236434245
#Caesar_JC,tongue,1,7.322536674765258
#Caesar_JC,loves,1,7.322536674765258
#Caesar_JC,antony,4,7.322536674765258
#Caesar_JC,rather,1,7.322536674765258
#Caesar_JC,truly,1,7.322536674765258
#Caesar_JC,heard,1,7.322536674765258
#Caesar_JC,humor,1,7.322536674765258
#Caesar_JC,saw,1,7.322536674765258
#Caesar_JC,welcome,1,7.322536674765258
#Caesar_JC,talk,1,7.322536674765258
#Caesar_JC,last,1,7.322536674765258
#Caesar_JC,turn,1,7.322536674765258
#Caesar_JC,gods,2,7.254358882551697
#Caesar_JC,know,4,6.99226194687472
#Caesar_JC,directly,1,6.87759765313086
#Caesar_JC,cry,1,6.87759765313086
#Caesar_JC,anything,1,6.87759765313086
#Caesar_JC,lie,1,6.87759765313086
#Caesar_JC,enough,1,6.87759765313086
#Caesar_JC,who,2,6.542113839472972
#Caesar_JC,death,2,6.542113839472972
#Caesar_JC,been,1,6.4866507481988815
#Caesar_JC,bring,1,6.4866507481988815
#Caesar_JC,general,1,6.4866507481988815
#Caesar_JC,full,1,6.4866507481988815
#Caesar_JC,two,1,6.4866507481988815
#Caesar_JC,enemy,1,6.4866507481988815
#Caesar_JC,metellus,1,6.4866507481988815
#Caesar_JC,march,1,6.4866507481988815
#Caesar_JC,keep,1,6.4866507481988815
#Caesar_JC,look,2,6.241253191706603
#Caesar_JC,send,1,6.141046036682219
#Caesar_JC,first,1,6.141046036682219
#Caesar_JC,bears,1,6.141046036682219
#Caesar_JC,fall,1,6.141046036682219
#Caesar_JC,up,2,5.969739141975351
#Caesar_JC,mean,1,5.8335598642641875
#Caesar_JC,words,1,5.8335598642641875
#Caesar_JC,brother,1,5.8335598642641875
#Caesar_JC,hence,1,5.8335598642641875
#Caesar_JC,more,2,5.608439322792172
#Caesar_JC,must,2,5.608439322792172
#Caesar_JC,therefore,1,5.5582780613017775
#Caesar_JC,back,1,5.5582780613017775
#Caesar_JC,caius,1,5.5582780613017775
#Caesar_JC,cinna,1,5.5582780613017775
#Caesar_JC,might,1,5.5582780613017775
#Caesar_JC,into,1,5.5582780613017775
#Caesar_JC,hold,1,5.5582780613017775
#Caesar_JC,place,1,5.5582780613017775
#Caesar_JC,show,1,5.5582780613017775
#Caesar_JC,hear,2,5.498582100943755
#Caesar_JC,himself,1,5.31038020011711
#Caesar_JC,mighty,1,5.31038020011711
#Caesar_JC,speak,2,5.1960018207035095
#Caesar_JC,brutus,5,5.148427586496457
#Caesar_JC,name,1,5.085928830335798
#Caesar_JC,hands,1,5.085928830335798
#Caesar_JC,good,3,5.073999867392118
#Caesar_JC,did,3,4.865147018839403
#Caesar_JC,would,2,4.845683424344808
#Caesar_JC,peace,1,4.694995539105227
#Caesar_JC,things,1,4.694995539105227
#Caesar_JC,die,1,4.694995539105227
#Caesar_JC,romans,1,4.694995539105227
#Caesar_JC,made,1,4.694995539105227
#Caesar_JC,wrong,1,4.694995539105227
#Caesar_JC,even,1,4.694995539105227
#Caesar_JC,ho,1,4.523619074678801
#Caesar_JC,ay,1,4.523619074678801
#Caesar_JC,off,1,4.365698948622462
#Caesar_JC,about,1,4.365698948622462
#Caesar_JC,can,1,4.365698948622462
#Caesar_JC,again,1,4.219663597401475
#Caesar_JC,mine,1,4.084178465461321
#Caesar_JC,man,2,4.049958990490033
#Caesar_JC,bear,1,3.8404577766725048
#Caesar_JC,think,1,3.8404577766725048
#Caesar_JC,'tis,1,3.8404577766725048
#Caesar_JC,day,1,3.6271794412758487
#Caesar_JC,casca,1,3.6271794412758487
#Caesar_JC,every,1,3.6271794412758487
#Caesar_JC,great,1,3.530168433190916
#Caesar_JC,time,1,3.530168433190916
#Caesar_JC,heart,1,3.4387988265654297
#Caesar_JC,cassius,2,3.4195733090739333
#Caesar_JC,most,1,3.352574545274294
#Caesar_JC,hand,1,3.271056919736486
#Caesar_JC,mark,1,3.051056947818858
#Caesar_JC,stand,1,2.9218143714949867
#Caesar_JC,love,1,2.9218143714949867
#Caesar_JC,may,1,2.7492910504718777
#Caesar_JC,there,1,2.272005152151076
#Brutus_JC,lucius,15,30.48676163359123
#Brutus_JC,lucilius,8,26.319979818094282
#Brutus_JC,good,34,25.83700226497365
#Brutus_JC,awake,8,24.720699870469378
#Brutus_JC,cassius,32,24.58249223701022
#Brutus_JC,any,12,24.389409306872984
#Brutus_JC,death,16,23.51484353994359
#Brutus_JC,volumnius,6,22.678720283170453
#Brutus_JC,other,9,22.475884315280314
#Brutus_JC,farewell,8,22.073253426572343
#Brutus_JC,must,17,21.418791378549873
#Brutus_JC,speak,18,21.01095600761765
#Brutus_JC,boy,8,20.96803125946792
#Brutus_JC,ride,5,20.37103353216716
#Brutus_JC,welcome,6,19.73998486357071
#Brutus_JC,hark,6,19.73998486357071
#Brutus_JC,honor,8,19.087524706452964
#Brutus_JC,follow,8,19.087524706452964
#Brutus_JC,more,15,18.89893356930871
#Brutus_JC,night,13,18.654893319979635
#Brutus_JC,sleep,6,18.540524902852034
#Brutus_JC,young,6,18.540524902852034
#Brutus_JC,portia,6,18.540524902852034
#Brutus_JC,would,17,18.50580462389084
#Brutus_JC,love,14,18.378694806844994
#Brutus_JC,countrymen,7,18.34702735203443
#Brutus_JC,messala,9,18.29205698015474
#Brutus_JC,strato,5,17.59274402161519
#Brutus_JC,sad,4,17.546653212062854
#Brutus_JC,depart,4,17.546653212062854
#Brutus_JC,sirs,4,17.546653212062854
#Brutus_JC,march,6,17.486616082919156
#Brutus_JC,hold,7,17.481243356329134
#Brutus_JC,caius,7,17.481243356329134
#Brutus_JC,time,11,17.44705466274443
#Brutus_JC,done,10,17.255081070915892
#Brutus_JC,think,10,17.255081070915892
#Brutus_JC,roman,8,16.875598351203017
#Brutus_JC,eyes,7,16.701584118146343
#Brutus_JC,body,6,16.554940069929252
#Brutus_JC,philippi,6,16.554940069929252
#Brutus_JC,along,5,16.449987386308923
#Brutus_JC,vile,5,16.449987386308923
#Brutus_JC,offended,4,16.296826825733728
#Brutus_JC,instrument,4,16.296826825733728
#Brutus_JC,claudius,4,16.296826825733728
#Brutus_JC,till,9,16.0052932094598
#Brutus_JC,cause,7,15.995666031009554
#Brutus_JC,antony,19,15.627488016993478
#Brutus_JC,looks,4,15.119146855446967
#Brutus_JC,redress,4,15.119146855446967
#Brutus_JC,break,4,15.119146855446967
#Brutus_JC,spoke,4,15.119146855446967
#Brutus_JC,cold,4,15.119146855446967
#Brutus_JC,same,4,15.119146855446967
#Brutus_JC,though,4,15.119146855446967
#Brutus_JC,mark,11,15.079155104116516
#Brutus_JC,i'll,6,14.983922876853548
#Brutus_JC,therefore,6,14.983922876853548
#Brutus_JC,such,12,14.822995399638625
#Brutus_JC,caesar's,12,14.822995399638625
#Brutus_JC,die,7,14.76614855730264
#Brutus_JC,day,9,14.667144143160355
#Brutus_JC,rest,5,14.572180069099296
#Brutus_JC,rome,12,14.53951013059546
#Brutus_JC,these,12,14.267864587791294
#Brutus_JC,like,12,14.267864587791294
#Brutus_JC,ides,4,14.07419521729215
#Brutus_JC,let's,4,14.07419521729215
#Brutus_JC,end,4,14.07419521729215
#Brutus_JC,look,10,14.020897516587066
#Brutus_JC,come,19,13.987482243379642
#Brutus_JC,bears,5,13.795783391607712
#Brutus_JC,hands,6,13.710570883722475
#Brutus_JC,comes,6,13.710570883722475
#Brutus_JC,may,11,13.587745783002077
#Brutus_JC,friends,8,13.408457831744435
#Brutus_JC,why,12,13.285505007571679
#Brutus_JC,again,7,13.271190360480505
#Brutus_JC,word,7,13.271190360480505
#Brutus_JC,much,9,13.22709949121827
#Brutus_JC,spirit,6,13.159989909047143
#Brutus_JC,taper,3,13.159989909047143
#Brutus_JC,strike,3,13.159989909047143
#Brutus_JC,oath,3,13.159989909047143
#Brutus_JC,given,3,13.159989909047143
#Brutus_JC,swords,3,13.159989909047143
#Brutus_JC,business,3,13.159989909047143
#Brutus_JC,fortune,3,13.159989909047143
#Brutus_JC,legions,3,13.159989909047143
#Brutus_JC,rather,4,13.159989909047141
#Brutus_JC,please,4,13.159989909047141
#Brutus_JC,hour,4,13.159989909047141
#Brutus_JC,reasons,4,13.159989909047141
#Brutus_JC,tent,4,13.159989909047141
#Brutus_JC,stand,10,13.127639147746425
#Brutus_JC,hence,5,13.10501953716745
#Brutus_JC,life,5,13.10501953716745
#Brutus_JC,o,17,13.05944900091168
#Brutus_JC,mine,7,12.845078435800094
#Brutus_JC,caesar,35,12.666987397976033
#Brutus_JC,romans,6,12.656698763402265
#Brutus_JC,even,6,12.656698763402265
#Brutus_JC,should,11,12.610709487766862
#Brutus_JC,might,5,12.486602397377954
#Brutus_JC,fellow,5,12.486602397377954
#Brutus_JC,face,5,12.486602397377954
#Brutus_JC,work,4,12.360349935234689
#Brutus_JC,had,8,12.360349935234689
#Brutus_JC,under,4,12.360349935234689
#Brutus_JC,heart,8,12.360349935234689
#Brutus_JC,worthy,4,12.360349935234689
#Brutus_JC,publius,4,12.360349935234689
#Brutus_JC,see,10,12.352496166365523
#Brutus_JC,one,9,12.337490539731697
#Brutus_JC,honors,3,12.222620119300295
#Brutus_JC,times,3,12.222620119300295
#Brutus_JC,mettle,3,12.222620119300295
#Brutus_JC,nature,3,12.222620119300295
#Brutus_JC,need,3,12.222620119300295
#Brutus_JC,head,3,12.222620119300295
#Brutus_JC,pity,3,12.222620119300295
#Brutus_JC,speech,3,12.222620119300295
#Brutus_JC,blame,3,12.222620119300295
#Brutus_JC,ill,3,12.222620119300295
#Brutus_JC,griefs,3,12.222620119300295
#Brutus_JC,art,7,12.078556749641127
#Brutus_JC,part,5,11.929702941533103
#Brutus_JC,himself,5,11.929702941533103
#Brutus_JC,once,5,11.929702941533103
#Brutus_JC,man,13,11.827637121939683
#Brutus_JC,who,8,11.757421769971796
#Brutus_JC,people,4,11.657744055279437
#Brutus_JC,general,4,11.657744055279437
#Brutus_JC,gentle,4,11.657744055279437
#Brutus_JC,full,4,11.657744055279437
#Brutus_JC,two,4,11.657744055279437
#Brutus_JC,men,14,11.514991170416247
#Brutus_JC,better,5,11.425475736435395
#Brutus_JC,myself,6,11.375306023269005
#Brutus_JC,th',3,11.339360141585226
#Brutus_JC,believe,3,11.339360141585226
#Brutus_JC,patience,3,11.339360141585226
#Brutus_JC,high,3,11.339360141585226
#Brutus_JC,near,3,11.339360141585226
#Brutus_JC,call,3,11.339360141585226
#Brutus_JC,base,3,11.339360141585226
#Brutus_JC,alone,3,11.339360141585226
#Brutus_JC,'em,3,11.339360141585226
#Brutus_JC,hide,3,11.339360141585226
#Brutus_JC,hither,3,11.339360141585226
#Brutus_JC,themselves,3,11.339360141585226
#Brutus_JC,ligarius,3,11.339360141585226
#Brutus_JC,satisfied,3,11.339360141585226
#Brutus_JC,loved,3,11.339360141585226
#Brutus_JC,gold,3,11.339360141585226
#Brutus_JC,yes,3,11.339360141585226
#Brutus_JC,own,4,11.036626713286172
#Brutus_JC,send,4,11.036626713286172
#Brutus_JC,or,10,10.885767425818141
#Brutus_JC,go,10,10.885767425818141
#Brutus_JC,up,8,10.72875566998206
#Brutus_JC,friend,6,10.670195472973198
#Brutus_JC,both,3,10.55564641296911
#Brutus_JC,thought,3,10.55564641296911
#Brutus_JC,senators,3,10.55564641296911
#Brutus_JC,came,3,10.55564641296911
#Brutus_JC,reason,3,10.55564641296911
#Brutus_JC,thing,3,10.55564641296911
#Brutus_JC,fashion,3,10.55564641296911
#Brutus_JC,bed,3,10.55564641296911
#Brutus_JC,spirits,3,10.55564641296911
#Brutus_JC,respect,3,10.55564641296911
#Brutus_JC,she,3,10.55564641296911
#Brutus_JC,find,5,10.547248969501888
#Brutus_JC,peace,5,10.547248969501888
#Brutus_JC,wrong,5,10.547248969501888
#Brutus_JC,brother,4,10.48401562973396
#Brutus_JC,before,4,10.48401562973396
#Brutus_JC,'tis,6,10.353048642549538
#Brutus_JC,hand,7,10.287744048725322
#Brutus_JC,know,13,10.210219061894126
#Brutus_JC,did,14,10.200859338408359
#Brutus_JC,away,5,10.162253877863744
#Brutus_JC,ho,5,10.162253877863744
#Brutus_JC,true,5,10.162253877863744
#Brutus_JC,into,4,9.989281917902364
#Brutus_JC,show,4,9.989281917902364
#Brutus_JC,now,12,9.988691235150345
#Brutus_JC,hear,8,9.881996933092417
#Brutus_JC,change,3,9.869992431785356
#Brutus_JC,against,3,9.869992431785356
#Brutus_JC,talk,3,9.869992431785356
#Brutus_JC,deed,3,9.869992431785356
#Brutus_JC,appear,3,9.869992431785356
#Brutus_JC,last,3,9.869992431785356
#Brutus_JC,humor,3,9.869992431785356
#Brutus_JC,didst,3,9.869992431785356
#Brutus_JC,leave,5,9.807488282680929
#Brutus_JC,fire,5,9.807488282680929
#Brutus_JC,gods,6,9.778096095440237
#Brutus_JC,every,6,9.778096095440237
#Brutus_JC,set,4,9.543762353226482
#Brutus_JC,after,3,9.270262451426017
#Brutus_JC,out,6,9.270262451426017
#Brutus_JC,enough,3,9.270262451426017
#Brutus_JC,anything,3,9.270262451426017
#Brutus_JC,still,3,9.270262451426017
#Brutus_JC,lie,3,9.270262451426017
#Brutus_JC,there,9,9.18725626898714
#Brutus_JC,dead,4,9.140380589148316
#Brutus_JC,number,2,8.773326606031427
#Brutus_JC,king,2,8.773326606031427
#Brutus_JC,present,2,8.773326606031427
#Brutus_JC,chanced,2,8.773326606031427
#Brutus_JC,known,2,8.773326606031427
#Brutus_JC,prevent,2,8.773326606031427
#Brutus_JC,kind,2,8.773326606031427
#Brutus_JC,called,2,8.773326606031427
#Brutus_JC,dream,2,8.773326606031427
#Brutus_JC,monstrous,2,8.773326606031427
#Brutus_JC,smiles,2,8.773326606031427
#Brutus_JC,souls,2,8.773326606031427
#Brutus_JC,health,2,8.773326606031427
#Brutus_JC,freedom,2,8.773326606031427
#Brutus_JC,heads,2,8.773326606031427
#Brutus_JC,patient,2,8.773326606031427
#Brutus_JC,struck,2,8.773326606031427
#Brutus_JC,pulpit,2,8.773326606031427
#Brutus_JC,stay,4,8.773326606031427
#Brutus_JC,less,2,8.773326606031427
#Brutus_JC,living,2,8.773326606031427
#Brutus_JC,tears,2,8.773326606031427
#Brutus_JC,country,2,8.773326606031427
#Brutus_JC,sake,2,8.773326606031427
#Brutus_JC,grace,2,8.773326606031427
#Brutus_JC,denied,2,8.773326606031427
#Brutus_JC,ready,2,8.773326606031427
#Brutus_JC,wine,2,8.773326606031427
#Brutus_JC,sit,2,8.773326606031427
#Brutus_JC,taken,2,8.773326606031427
#Brutus_JC,knave,2,8.773326606031427
#Brutus_JC,clitus,2,8.773326606031427
#Brutus_JC,prithee,2,8.773326606031427
#Brutus_JC,poor,3,8.743308041459578
#Brutus_JC,nothing,3,8.743308041459578
#Brutus_JC,said,3,8.743308041459578
#Brutus_JC,been,3,8.743308041459578
#Brutus_JC,bloody,3,8.743308041459578
#Brutus_JC,take,5,8.627540535457946
#Brutus_JC,down,5,8.627540535457946
#Brutus_JC,meet,4,8.437799175601508
#Brutus_JC,titinius,4,8.437799175601508
#Brutus_JC,blood,5,8.380286144840273
#Brutus_JC,get,3,8.277470034964626
#Brutus_JC,first,3,8.277470034964626
#Brutus_JC,fall,3,8.277470034964626
#Brutus_JC,hearts,3,8.277470034964626
#Brutus_JC,sick,3,8.277470034964626
#Brutus_JC,ever,3,8.277470034964626
#Brutus_JC,long,2,8.148413412866864
#Brutus_JC,angry,2,8.148413412866864
#Brutus_JC,grant,2,8.148413412866864
#Brutus_JC,lest,2,8.148413412866864
#Brutus_JC,little,2,8.148413412866864
#Brutus_JC,several,2,8.148413412866864
#Brutus_JC,seem,2,8.148413412866864
#Brutus_JC,awhile,2,8.148413412866864
#Brutus_JC,speaks,2,8.148413412866864
#Brutus_JC,prepare,2,8.148413412866864
#Brutus_JC,dagger,2,8.148413412866864
#Brutus_JC,note,2,8.148413412866864
#Brutus_JC,perceive,2,8.148413412866864
#Brutus_JC,sirrah,2,8.148413412866864
#Brutus_JC,cato,2,8.148413412866864
#Brutus_JC,forever,2,8.148413412866864
#Brutus_JC,while,2,8.148413412866864
#Brutus_JC,octavius,4,8.129803102290994
#Brutus_JC,words,3,7.86301172230047
#Brutus_JC,off,4,7.845990626144744
#Brutus_JC,can,4,7.845990626144744
#Brutus_JC,further,2,7.559573427723484
#Brutus_JC,eye,2,7.559573427723484
#Brutus_JC,wherefore,2,7.559573427723484
#Brutus_JC,went,2,7.559573427723484
#Brutus_JC,power,2,7.559573427723484
#Brutus_JC,since,2,7.559573427723484
#Brutus_JC,wilt,2,7.559573427723484
#Brutus_JC,weak,2,7.559573427723484
#Brutus_JC,cut,2,7.559573427723484
#Brutus_JC,fit,2,7.559573427723484
#Brutus_JC,going,2,7.559573427723484
#Brutus_JC,valiant,2,7.559573427723484
#Brutus_JC,funeral,2,7.559573427723484
#Brutus_JC,enemies,2,7.559573427723484
#Brutus_JC,ere,2,7.559573427723484
#Brutus_JC,fare,2,7.559573427723484
#Brutus_JC,hast,3,7.491961438426774
#Brutus_JC,else,3,7.491961438426774
#Brutus_JC,place,3,7.491961438426774
#Brutus_JC,tell,6,7.4114976998193125
#Brutus_JC,doth,5,7.174958969222935
#Brutus_JC,mighty,3,7.157821764919861
#Brutus_JC,noble,6,7.133932293895647
#Brutus_JC,lead,2,7.037097608646075
#Brutus_JC,son,2,7.037097608646075
#Brutus_JC,tomorrow,2,7.037097608646075
#Brutus_JC,kill,2,7.037097608646075
#Brutus_JC,wife,2,7.037097608646075
#Brutus_JC,endure,2,7.037097608646075
#Brutus_JC,durst,2,7.037097608646075
#Brutus_JC,pray,2,7.037097608646075
#Brutus_JC,letters,2,7.037097608646075
#Brutus_JC,bear,4,6.902032428366358
#Brutus_JC,name,3,6.855285441861238
#Brutus_JC,put,3,6.579994954523571
#Brutus_JC,run,3,6.579994954523571
#Brutus_JC,turn,2,6.5799949545235705
#Brutus_JC,hard,2,6.5799949545235705
#Brutus_JC,cicero,2,6.5799949545235705
#Brutus_JC,none,2,6.5799949545235705
#Brutus_JC,old,2,6.5799949545235705
#Brutus_JC,bad,2,6.5799949545235705
#Brutus_JC,dear,2,6.5799949545235705
#Brutus_JC,remember,2,6.5799949545235705
#Brutus_JC,things,3,6.328349381701132
#Brutus_JC,bid,3,6.328349381701132
#Brutus_JC,only,2,6.1801749676173445
#Brutus_JC,seek,2,6.1801749676173445
#Brutus_JC,means,2,6.1801749676173445
#Brutus_JC,common,2,6.1801749676173445
#Brutus_JC,alas,2,6.1801749676173445
#Brutus_JC,cry,2,6.1801749676173445
#Brutus_JC,those,2,6.1801749676173445
#Brutus_JC,ay,3,6.097352326718246
#Brutus_JC,fear,4,5.878710884985898
#Brutus_JC,being,2,5.828872027639719
#Brutus_JC,sure,2,5.828872027639719
#Brutus_JC,metellus,2,5.828872027639719
#Brutus_JC,matter,2,5.828872027639719
#Brutus_JC,pardon,2,5.828872027639719
#Brutus_JC,brutus',2,5.828872027639719
#Brutus_JC,yourself,2,5.828872027639719
#Brutus_JC,strong,2,5.828872027639719
#Brutus_JC,enemy,2,5.828872027639719
#Brutus_JC,answer,2,5.518313356643086
#Brutus_JC,master,2,5.518313356643086
#Brutus_JC,forth,3,5.335097736486599
#Brutus_JC,crown,2,5.24200781486698
#Brutus_JC,very,2,5.24200781486698
#Brutus_JC,home,2,5.24200781486698
#Brutus_JC,brutus,11,5.088986501847588
#Brutus_JC,back,2,4.994640958951182
#Brutus_JC,sword,2,4.994640958951182
#Brutus_JC,casca,3,4.889048047720118
#Brutus_JC,honorable,2,4.570190294574158
#Brutus_JC,many,2,4.570190294574158
#Brutus_JC,beware,1,4.386663303015713
#Brutus_JC,war,1,4.386663303015713
#Brutus_JC,speed,1,4.386663303015713
#Brutus_JC,lay,1,4.386663303015713
#Brutus_JC,noise,1,4.386663303015713
#Brutus_JC,grown,1,4.386663303015713
#Brutus_JC,fault,1,4.386663303015713
#Brutus_JC,round,1,4.386663303015713
#Brutus_JC,air,1,4.386663303015713
#Brutus_JC,light,1,4.386663303015713
#Brutus_JC,dreadful,1,4.386663303015713
#Brutus_JC,feeble,1,4.386663303015713
#Brutus_JC,doubt,1,4.386663303015713
#Brutus_JC,begin,1,4.386663303015713
#Brutus_JC,course,1,4.386663303015713
#Brutus_JC,masters,1,4.386663303015713
#Brutus_JC,purpose,1,4.386663303015713
#Brutus_JC,fast,1,4.386663303015713
#Brutus_JC,sound,1,4.386663303015713
#Brutus_JC,morning,1,4.386663303015713
#Brutus_JC,haste,1,4.386663303015713
#Brutus_JC,wear,1,4.386663303015713
#Brutus_JC,ear,1,4.386663303015713
#Brutus_JC,constant,1,4.386663303015713
#Brutus_JC,red,1,4.386663303015713
#Brutus_JC,liberty,1,4.386663303015713
#Brutus_JC,wise,1,4.386663303015713
#Brutus_JC,worse,1,4.386663303015713
#Brutus_JC,beg,1,4.386663303015713
#Brutus_JC,arms,1,4.386663303015713
#Brutus_JC,thoughts,1,4.386663303015713
#Brutus_JC,ceremonies,1,4.386663303015713
#Brutus_JC,live,2,4.386663303015713
#Brutus_JC,ambition,1,4.386663303015713
#Brutus_JC,corpse,1,4.386663303015713
#Brutus_JC,move,1,4.386663303015713
#Brutus_JC,write,1,4.386663303015713
#Brutus_JC,yea,1,4.386663303015713
#Brutus_JC,glad,1,4.386663303015713
#Brutus_JC,wind,1,4.386663303015713
#Brutus_JC,answered,1,4.386663303015713
#Brutus_JC,faults,1,4.386663303015713
#Brutus_JC,straight,1,4.386663303015713
#Brutus_JC,fools,1,4.386663303015713
#Brutus_JC,presently,1,4.386663303015713
#Brutus_JC,ground,1,4.386663303015713
#Brutus_JC,flood,1,4.386663303015713
#Brutus_JC,lose,1,4.386663303015713
#Brutus_JC,does,1,4.386663303015713
#Brutus_JC,shalt,1,4.386663303015713
#Brutus_JC,wisely,1,4.386663303015713
#Brutus_JC,gives,1,4.386663303015713
#Brutus_JC,almost,1,4.386663303015713
#Brutus_JC,half,1,4.386663303015713
#Brutus_JC,capitol,2,4.218899587800754
#Brutus_JC,never,2,4.218899587800754
#Brutus_JC,made,2,4.218899587800754
#Brutus_JC,sickness,1,4.074206706433432
#Brutus_JC,clouds,1,4.074206706433432
#Brutus_JC,took,1,4.074206706433432
#Brutus_JC,state,1,4.074206706433432
#Brutus_JC,free,1,4.074206706433432
#Brutus_JC,brave,1,4.074206706433432
#Brutus_JC,press,1,4.074206706433432
#Brutus_JC,days,1,4.074206706433432
#Brutus_JC,marketplace,1,4.074206706433432
#Brutus_JC,bondman,1,4.074206706433432
#Brutus_JC,wherein,1,4.074206706433432
#Brutus_JC,resolved,1,4.074206706433432
#Brutus_JC,room,1,4.074206706433432
#Brutus_JC,soldier,1,4.074206706433432
#Brutus_JC,certain,1,4.074206706433432
#Brutus_JC,heaven,1,4.074206706433432
#Brutus_JC,marcus,1,4.074206706433432
#Brutus_JC,grief,1,4.074206706433432
#Brutus_JC,alive,1,4.074206706433432
#Brutus_JC,besides,1,4.074206706433432
#Brutus_JC,ha,1,4.074206706433432
#Brutus_JC,smile,1,4.074206706433432
#Brutus_JC,side,1,4.074206706433432
#Brutus_JC,ourselves,1,4.074206706433432
#Brutus_JC,world,2,4.064901551145497
#Brutus_JC,about,2,3.922995313072372
#Brutus_JC,another,1,3.779786713861742
#Brutus_JC,thrice,1,3.779786713861742
#Brutus_JC,there's,1,3.779786713861742
#Brutus_JC,virtue,1,3.779786713861742
#Brutus_JC,pompey's,1,3.779786713861742
#Brutus_JC,weep,1,3.779786713861742
#Brutus_JC,wish,1,3.779786713861742
#Brutus_JC,pass,1,3.779786713861742
#Brutus_JC,left,1,3.779786713861742
#Brutus_JC,field,1,3.779786713861742
#Brutus_JC,nay,1,3.779786713861742
#Brutus_JC,together,1,3.779786713861742
#Brutus_JC,found,1,3.779786713861742
#Brutus_JC,offered,1,3.5185488043230375
#Brutus_JC,cannot,1,3.5185488043230375
#Brutus_JC,over,1,3.5185488043230375
#Brutus_JC,enterprise,1,3.5185488043230375
#Brutus_JC,lies,1,3.5185488043230375
#Brutus_JC,'t,1,3.5185488043230375
#Brutus_JC,three,1,3.5185488043230375
#Brutus_JC,whilst,1,3.5185488043230375
#Brutus_JC,stir,1,3.2899974772617853
#Brutus_JC,loves,1,3.2899974772617853
#Brutus_JC,morrow,1,3.2899974772617853
#Brutus_JC,walk,1,3.2899974772617853
#Brutus_JC,ambitious,1,3.2899974772617853
#Brutus_JC,saw,1,3.2899974772617853
#Brutus_JC,mind,1,3.2899974772617853
#Brutus_JC,tongue,1,3.2899974772617853
#Brutus_JC,great,2,3.172191756862624
#Brutus_JC,moved,1,3.0900874838086723
#Brutus_JC,seen,1,3.0900874838086723
#Brutus_JC,pindarus,1,3.0900874838086723
#Brutus_JC,tonight,1,3.0900874838086723
#Brutus_JC,bring,1,2.9144360138198593
#Brutus_JC,cimber,1,2.9144360138198593
#Brutus_JC,use,1,2.9144360138198593
#Brutus_JC,yours,1,2.9144360138198593
#Brutus_JC,dost,1,2.9144360138198593
#Brutus_JC,streets,1,2.759156678321543
#Brutus_JC,mean,1,2.62100390743349
#Brutus_JC,best,1,2.62100390743349
#Brutus_JC,fell,1,2.62100390743349
#Brutus_JC,read,1,2.497320479475591
#Brutus_JC,fly,1,2.497320479475591
#Brutus_JC,way,1,2.497320479475591
#Brutus_JC,could,1,2.109449793900377
#Brutus_JC,today,1,1.961497656536186
#Brutus_JC,most,1,1.5063033872258613
#Brutus_JC,lord,1,1.0885767425818142
#Antony_JC,honorable,10,36.4488293882344
#Antony_JC,made,8,26.91773276301538
#Antony_JC,ambitious,5,26.23885418486934
#Antony_JC,wounds,4,25.994552622720413
#Antony_JC,octavius,8,25.935183188073694
#Antony_JC,blood,9,24.060832499903263
#Antony_JC,friends,9,24.060832499903263
#Antony_JC,wrong,7,23.553016167638457
#Antony_JC,yours,5,23.243623171832084
#Antony_JC,caesar,39,22.513820435899103
#Antony_JC,caesar's,11,21.673383202591182
#Antony_JC,corpse,3,20.991083347895476
#Antony_JC,says,4,19.71560293684541
#Antony_JC,worth,3,19.495914467040308
#Antony_JC,mutiny,3,19.495914467040308
#Antony_JC,world,6,19.451387391055274
#Antony_JC,bloody,4,18.59489853746567
#Antony_JC,pardon,4,18.59489853746567
#Antony_JC,gentle,4,18.59489853746567
#Antony_JC,poor,4,18.59489853746567
#Antony_JC,cut,3,18.087054434607367
#Antony_JC,enemies,3,18.087054434607367
#Antony_JC,weep,3,18.087054434607367
#Antony_JC,left,3,18.087054434607367
#Antony_JC,know,14,17.53876625775132
#Antony_JC,man,12,17.414667314246028
#Antony_JC,men,13,17.055255220165073
#Antony_JC,dangerous,3,16.836977473153077
#Antony_JC,whilst,3,16.836977473153077
#Antony_JC,countrymen,4,16.72272147815946
#Antony_JC,brutus,22,16.234562572598865
#Antony_JC,now,12,15.932645214970035
#Antony_JC,stir,3,15.743312510921605
#Antony_JC,speak,8,14.895071494838293
#Antony_JC,alas,3,14.786702202634059
#Antony_JC,under,3,14.786702202634059
#Antony_JC,only,3,14.786702202634059
#Antony_JC,o,12,14.70403321960366
#Antony_JC,many,4,14.579531755293761
#Antony_JC,friend,5,14.183075877432717
#Antony_JC,must,7,14.06770900469462
#Antony_JC,doubt,2,13.99405556526365
#Antony_JC,thine,2,13.99405556526365
#Antony_JC,beg,2,13.99405556526365
#Antony_JC,behold,2,13.99405556526365
#Antony_JC,war,2,13.99405556526365
#Antony_JC,chanced,2,13.99405556526365
#Antony_JC,shalt,2,13.99405556526365
#Antony_JC,ambition,2,13.99405556526365
#Antony_JC,straight,2,13.99405556526365
#Antony_JC,like,7,13.275627855094426
#Antony_JC,wherein,2,12.997276311360206
#Antony_JC,marketplace,2,12.997276311360206
#Antony_JC,earth,2,12.997276311360206
#Antony_JC,pity,2,12.997276311360206
#Antony_JC,side,2,12.997276311360206
#Antony_JC,awhile,2,12.997276311360206
#Antony_JC,ears,2,12.997276311360206
#Antony_JC,brought,2,12.997276311360206
#Antony_JC,whose,2,12.997276311360206
#Antony_JC,lepidus,2,12.997276311360206
#Antony_JC,fell,3,12.542041108619596
#Antony_JC,words,3,12.542041108619596
#Antony_JC,off,4,12.514891296914056
#Antony_JC,heart,5,12.32225183552838
#Antony_JC,myself,4,12.096260381785562
#Antony_JC,fit,2,12.058036289738245
#Antony_JC,though,2,12.058036289738245
#Antony_JC,point,2,12.058036289738245
#Antony_JC,funeral,2,12.058036289738245
#Antony_JC,voice,2,12.058036289738245
#Antony_JC,thrice,2,12.058036289738245
#Antony_JC,patience,2,12.058036289738245
#Antony_JC,loved,2,12.058036289738245
#Antony_JC,through,2,12.058036289738245
#Antony_JC,yourselves,2,12.058036289738245
#Antony_JC,another,2,12.058036289738245
#Antony_JC,back,3,11.950190545748079
#Antony_JC,read,3,11.950190545748079
#Antony_JC,see,6,11.821845383231555
#Antony_JC,hand,5,11.721182065656905
#Antony_JC,did,10,11.62219131476695
#Antony_JC,rome,6,11.595756193516646
#Antony_JC,noble,6,11.379109590080938
#Antony_JC,these,6,11.379109590080938
#Antony_JC,spirits,2,11.224651648768717
#Antony_JC,shake,2,11.224651648768717
#Antony_JC,over,2,11.224651648768717
#Antony_JC,take,4,11.009213454952098
#Antony_JC,'tis,4,11.009213454952098
#Antony_JC,down,4,11.009213454952098
#Antony_JC,hands,3,10.93464881647032
#Antony_JC,dead,3,10.93464881647032
#Antony_JC,one,5,10.932855910362225
#Antony_JC,remember,2,10.495541673947738
#Antony_JC,hour,2,10.495541673947738
#Antony_JC,live,3,10.495541673947738
#Antony_JC,bad,2,10.495541673947738
#Antony_JC,spirit,3,10.495541673947738
#Antony_JC,reasons,2,10.495541673947738
#Antony_JC,tongue,2,10.495541673947738
#Antony_JC,deed,2,10.495541673947738
#Antony_JC,stay,3,10.495541673947738
#Antony_JC,rather,2,10.495541673947738
#Antony_JC,tent,2,10.495541673947738
#Antony_JC,love,5,10.469740836275196
#Antony_JC,stand,5,10.469740836275196
#Antony_JC,go,6,10.418125830813764
#Antony_JC,roman,3,10.094149786130767
#Antony_JC,lie,2,9.857801468422705
#Antony_JC,those,2,9.857801468422705
#Antony_JC,had,4,9.857801468422705
#Antony_JC,common,2,9.857801468422705
#Antony_JC,such,5,9.851537819359631
#Antony_JC,tell,5,9.851537819359631
#Antony_JC,there,6,9.769534445625712
#Antony_JC,most,4,9.610627414459685
#Antony_JC,come,8,9.3941011274081
#Antony_JC,leave,3,9.386168472685544
#Antony_JC,dost,2,9.297449268732835
#Antony_JC,use,2,9.297449268732835
#Antony_JC,people,2,9.297449268732835
#Antony_JC,general,2,9.297449268732835
#Antony_JC,bring,2,9.297449268732835
#Antony_JC,should,5,9.143156152001843
#Antony_JC,look,4,8.945715928874591
#Antony_JC,master,2,8.80208696280733
#Antony_JC,first,2,8.80208696280733
#Antony_JC,fall,2,8.80208696280733
#Antony_JC,indeed,2,8.80208696280733
#Antony_JC,ever,2,8.80208696280733
#Antony_JC,hearts,2,8.80208696280733
#Antony_JC,answer,2,8.80208696280733
#Antony_JC,would,5,8.681771525678137
#Antony_JC,up,4,8.556549284774714
#Antony_JC,forth,3,8.50984552645963
#Antony_JC,mean,2,8.36136073907973
#Antony_JC,best,2,8.36136073907973
#Antony_JC,bear,3,8.256910091214074
#Antony_JC,art,3,8.256910091214074
#Antony_JC,else,2,7.966793697165385
#Antony_JC,place,2,7.966793697165385
#Antony_JC,caius,2,7.966793697165385
#Antony_JC,therefore,2,7.966793697165385
#Antony_JC,might,2,7.966793697165385
#Antony_JC,show,2,7.966793697165385
#Antony_JC,face,2,7.966793697165385
#Antony_JC,fellow,2,7.966793697165385
#Antony_JC,other,2,7.966793697165385
#Antony_JC,hear,4,7.881230255487703
#Antony_JC,casca,3,7.798365786816123
#Antony_JC,every,3,7.798365786816123
#Antony_JC,mighty,2,7.611476619422022
#Antony_JC,eyes,2,7.611476619422022
#Antony_JC,great,3,7.589793991942923
#Antony_JC,cause,2,7.2897658776468806
#Antony_JC,comes,2,7.2897658776468806
#Antony_JC,good,6,7.27266785092974
#Antony_JC,fear,3,7.032709239394142
#Antony_JC,who,3,7.032709239394142
#Antony_JC,given,1,6.997027782631825
#Antony_JC,half,1,6.997027782631825
#Antony_JC,swords,1,6.997027782631825
#Antony_JC,pleasure,1,6.997027782631825
#Antony_JC,years,1,6.997027782631825
#Antony_JC,ground,1,6.997027782631825
#Antony_JC,coward,1,6.997027782631825
#Antony_JC,fast,1,6.997027782631825
#Antony_JC,that's,1,6.997027782631825
#Antony_JC,pulpit,1,6.997027782631825
#Antony_JC,light,1,6.997027782631825
#Antony_JC,dreadful,1,6.997027782631825
#Antony_JC,deeds,1,6.997027782631825
#Antony_JC,revenge,1,6.997027782631825
#Antony_JC,write,1,6.997027782631825
#Antony_JC,speed,1,6.997027782631825
#Antony_JC,sake,1,6.997027782631825
#Antony_JC,fault,1,6.997027782631825
#Antony_JC,answered,1,6.997027782631825
#Antony_JC,masters,1,6.997027782631825
#Antony_JC,minds,1,6.997027782631825
#Antony_JC,yea,1,6.997027782631825
#Antony_JC,patient,1,6.997027782631825
#Antony_JC,tears,1,6.997027782631825
#Antony_JC,put,2,6.997027782631825
#Antony_JC,plucked,1,6.997027782631825
#Antony_JC,arms,1,6.997027782631825
#Antony_JC,quite,1,6.997027782631825
#Antony_JC,kind,1,6.997027782631825
#Antony_JC,souls,1,6.997027782631825
#Antony_JC,flood,1,6.997027782631825
#Antony_JC,wise,1,6.997027782631825
#Antony_JC,move,1,6.997027782631825
#Antony_JC,gives,1,6.997027782631825
#Antony_JC,course,1,6.997027782631825
#Antony_JC,fortune,1,6.997027782631825
#Antony_JC,lay,1,6.997027782631825
#Antony_JC,business,1,6.997027782631825
#Antony_JC,wind,1,6.997027782631825
#Antony_JC,begin,1,6.997027782631825
#Antony_JC,presently,1,6.997027782631825
#Antony_JC,sit,1,6.997027782631825
#Antony_JC,fearful,1,6.997027782631825
#Antony_JC,thoughts,1,6.997027782631825
#Antony_JC,generals,1,6.997027782631825
#Antony_JC,villains,1,6.997027782631825
#Antony_JC,teeth,1,6.997027782631825
#Antony_JC,struck,1,6.997027782631825
#Antony_JC,flatterers,1,6.997027782631825
#Antony_JC,less,1,6.997027782631825
#Antony_JC,safe,1,6.997027782631825
#Antony_JC,or,4,6.94541722054251
#Antony_JC,die,2,6.729433190753845
#Antony_JC,things,2,6.729433190753845
#Antony_JC,romans,2,6.729433190753845
#Antony_JC,meet,2,6.729433190753845
#Antony_JC,even,2,6.729433190753845
#Antony_JC,bid,2,6.729433190753845
#Antony_JC,he's,1,6.498638155680103
#Antony_JC,little,1,6.498638155680103
#Antony_JC,instrument,1,6.498638155680103
#Antony_JC,age,1,6.498638155680103
#Antony_JC,marcus,1,6.498638155680103
#Antony_JC,brave,1,6.498638155680103
#Antony_JC,took,1,6.498638155680103
#Antony_JC,times,1,6.498638155680103
#Antony_JC,smile,1,6.498638155680103
#Antony_JC,state,1,6.498638155680103
#Antony_JC,seem,1,6.498638155680103
#Antony_JC,cried,1,6.498638155680103
#Antony_JC,without,1,6.498638155680103
#Antony_JC,press,1,6.498638155680103
#Antony_JC,prepare,1,6.498638155680103
#Antony_JC,cassius',1,6.498638155680103
#Antony_JC,dagger,1,6.498638155680103
#Antony_JC,resolved,1,6.498638155680103
#Antony_JC,statue,1,6.498638155680103
#Antony_JC,while,1,6.498638155680103
#Antony_JC,perceive,1,6.498638155680103
#Antony_JC,griefs,1,6.498638155680103
#Antony_JC,gave,1,6.498638155680103
#Antony_JC,speech,1,6.498638155680103
#Antony_JC,several,1,6.498638155680103
#Antony_JC,tiber,1,6.498638155680103
#Antony_JC,forever,1,6.498638155680103
#Antony_JC,days,1,6.498638155680103
#Antony_JC,honors,1,6.498638155680103
#Antony_JC,ourselves,1,6.498638155680103
#Antony_JC,head,1,6.498638155680103
#Antony_JC,long,1,6.498638155680103
#Antony_JC,alive,1,6.498638155680103
#Antony_JC,honest,1,6.498638155680103
#Antony_JC,nature,1,6.498638155680103
#Antony_JC,away,2,6.4837957970184235
#Antony_JC,cassius,5,6.1266805081681905
#Antony_JC,word,2,6.048130190892781
#Antony_JC,fare,1,6.029018144869123
#Antony_JC,valiant,1,6.029018144869123
#Antony_JC,cold,1,6.029018144869123
#Antony_JC,more,3,6.029018144869123
#Antony_JC,spoke,1,6.029018144869123
#Antony_JC,found,1,6.029018144869123
#Antony_JC,nay,1,6.029018144869123
#Antony_JC,base,1,6.029018144869123
#Antony_JC,pompey's,1,6.029018144869123
#Antony_JC,traitors,1,6.029018144869123
#Antony_JC,power,1,6.029018144869123
#Antony_JC,right,1,6.029018144869123
#Antony_JC,wilt,1,6.029018144869123
#Antony_JC,wish,1,6.029018144869123
#Antony_JC,fetch,1,6.029018144869123
#Antony_JC,hither,1,6.029018144869123
#Antony_JC,gold,1,6.029018144869123
#Antony_JC,wherefore,1,6.029018144869123
#Antony_JC,field,1,6.029018144869123
#Antony_JC,till,2,5.673230350973087
#Antony_JC,trebonius,1,5.612325824384358
#Antony_JC,reason,1,5.612325824384358
#Antony_JC,lies,1,5.612325824384358
#Antony_JC,far,1,5.612325824384358
#Antony_JC,three,1,5.612325824384358
#Antony_JC,fashion,1,5.612325824384358
#Antony_JC,lead,1,5.612325824384358
#Antony_JC,battle,1,5.612325824384358
#Antony_JC,thought,1,5.612325824384358
#Antony_JC,why,3,5.297822127148807
#Antony_JC,hard,1,5.247770836973869
#Antony_JC,please,1,5.247770836973869
#Antony_JC,decius,1,5.247770836973869
#Antony_JC,last,1,5.247770836973869
#Antony_JC,didst,1,5.247770836973869
#Antony_JC,against,1,5.247770836973869
#Antony_JC,none,1,5.247770836973869
#Antony_JC,saw,1,5.247770836973869
#Antony_JC,loves,1,5.247770836973869
#Antony_JC,walk,1,5.247770836973869
#Antony_JC,turn,1,5.247770836973869
#Antony_JC,talk,1,5.247770836973869
#Antony_JC,vile,1,5.247770836973869
#Antony_JC,old,1,5.247770836973869
#Antony_JC,seek,1,4.928900734211353
#Antony_JC,cry,1,4.928900734211353
#Antony_JC,young,1,4.928900734211353
#Antony_JC,after,1,4.928900734211353
#Antony_JC,out,2,4.928900734211353
#Antony_JC,work,1,4.928900734211353
#Antony_JC,anything,1,4.928900734211353
#Antony_JC,moved,1,4.928900734211353
#Antony_JC,seen,1,4.928900734211353
#Antony_JC,directly,1,4.928900734211353
#Antony_JC,means,1,4.928900734211353
#Antony_JC,still,1,4.928900734211353
#Antony_JC,death,2,4.688472826262762
#Antony_JC,metellus,1,4.648724634366418
#Antony_JC,two,1,4.648724634366418
#Antony_JC,brutus',1,4.648724634366418
#Antony_JC,rest,1,4.648724634366418
#Antony_JC,sure,1,4.648724634366418
#Antony_JC,within,1,4.648724634366418
#Antony_JC,being,1,4.648724634366418
#Antony_JC,strong,1,4.648724634366418
#Antony_JC,full,1,4.648724634366418
#Antony_JC,keep,1,4.648724634366418
#Antony_JC,body,1,4.401043481403665
#Antony_JC,get,1,4.401043481403665
#Antony_JC,bears,1,4.401043481403665
#Antony_JC,hence,1,4.180680369539865
#Antony_JC,home,1,4.180680369539865
#Antony_JC,crown,1,4.180680369539865
#Antony_JC,life,1,4.180680369539865
#Antony_JC,cinna,1,3.9833968485826925
#Antony_JC,hast,1,3.9833968485826925
#Antony_JC,into,1,3.9833968485826925
#Antony_JC,way,1,3.9833968485826925
#Antony_JC,may,2,3.9406151277438517
#Antony_JC,antony,3,3.9358281277304012
#Antony_JC,once,1,3.805738309711011
#Antony_JC,himself,1,3.805738309711011
#Antony_JC,better,1,3.6448829388234403
#Antony_JC,house,1,3.6448829388234403
#Antony_JC,run,1,3.4985138913159126
#Antony_JC,find,1,3.3647165953769225
#Antony_JC,peace,1,3.3647165953769225
#Antony_JC,could,1,3.3647165953769225
#Antony_JC,true,1,3.2418978985092117
#Antony_JC,about,1,3.128722824228514
#Antony_JC,mine,1,2.9269682892686477
#Antony_JC,done,1,2.7523033637380245
#Antony_JC,day,1,2.5994552622720413
#Antony_JC,gods,1,2.5994552622720413
#Antony_JC,time,1,2.5299313306476408
#Antony_JC,mark,1,2.1865711820724454
#Antony_JC,lord,1,1.7363543051356276
