Character,Number of words spoken,Number of speeches
#Prologue_H8,266,1
#Buckingham_H8,1480,26
#Norfolk_H8,1451,48
#Abergavenny_H8,114,5
#Wolsey_H8,3200,79
#SECRETARIES.0.1_H8,8,2
#Brandon_H8,84,6
#Sergeant_H8,28,1
#HenryVIII_H8,3370,82
#Katherine_H8,2885,50
#Surveyor_H8,449,9
#Chamberlain_H8,1128,39
#Sands_H8,338,17
#Lovell_H8,475,22
#Guilford_H8,69,1
#Anne_H8,376,18
#SERVANTS.X.1_H8,24,1
#GENTLEMEN.1_H8,698,34
#GENTLEMEN.2_H8,564,37
#Vaux_H8,24,1
#Suffolk_H8,622,30
#Campeius_H8,379,14
#Gardiner_H8,663,22
#OldLady_H8,495,15
#Scribe_H8,18,2
#Crier_H8,24,3
#Usher_H8,5,1
#BishopOfLincoln_H8,52,2
#LADIES.KATHERINE.0.1_H8,70,1
#GENTLEMEN.X_H8,19,2
#Surrey_H8,520,24
#Cromwell_H8,302,21
#GENTLEMEN.3_H8,437,10
#GENTLEMEN.1_H8 #GENTLEMEN.2_H8,5,1
#Griffith_H8,421,12
#LADIES.KATHERINE.Patience_H8,35,3
#Messenger_H8,29,2
#Capuchius_H8,65,5
#Page_H8,3,1
#Denny_H8,21,3
#Cranmer_H8,1039,21
#Keeper_H8,40,5
#Butts_H8,59,4
#Chancellor_H8,210,6
#Chancellor_H8 #Suffolk_H8 #Norfolk_H8 #Surrey_H8 #Chamberlain_H8 #Gardiner_H8 #Cromwell_H8,2,1
#Porter_H8,274,10
#SERVANTS.LARDER.1_H8,13,2
#SERVANTS.PORTER.1_H8,354,6
#Garter_H8,21,1
#Epilogue_H8,123,1
