Character,Number of words spoken,Number of speeches
#Roderigo_Oth,861,60
#Iago_Oth,8439,273
#Brabantio_Oth,1045,30
#Othello_Oth,6263,274
#Cassio_Oth,1958,111
#OFFICERS_Oth,19,1
#Duke_Oth,470,23
#SENATORS.0.1_Oth,181,9
#SENATORS.0.2_Oth,38,1
#Sailor_Oth,24,2
#OFFICERS.0.1_Oth,9,2
#MESSENGERS.X.1_Oth,62,2
#Duke_Oth #SENATORS_Oth,6,1
#Desdemona_Oth,2755,165
#Montano_Oth,417,24
#GENTLEMEN.1_Oth,19,1
#GENTLEMEN.2_Oth,88,5
#GENTLEMEN.3_Oth,113,4
#MESSENGERS.X.2_Oth,19,1
#Emilia_Oth,1823,103
#Herald_Oth,101,1
#GENTLEMEN_Oth,2,1
#Clown_Oth,227,14
#MUSICIANS.0.1_Oth,23,5
#GENTLEMEN.0.1_Oth,5,1
#Bianca_Oth,267,15
#Lodovico_Oth,529,33
#Gratiano_Oth,162,19
#Cassio_Oth #Gratiano_Oth #Montano_Oth #Bianca_Oth,3,1
