Character,Number of words spoken,Number of speeches
#Barnardo_Ham,206,19
#Francisco_Ham,55,8
#Horatio_Ham,2045,110
#Marcellus_Ham,410,30
#Claudius_Ham,4085,102
#Cornelius_Ham #Voltemand_Ham,10,1
#Laertes_Ham,1446,62
#Polonius_Ham,2662,87
#Hamlet_Ham,11614,358
#Gertrude_Ham,1050,69
#Horatio_Ham #Marcellus_Ham #Barnardo_Ham,18,4
#Barnardo_Ham #Marcellus_Ham,2,1
#Ophelia_Ham,1183,58
#Ghost_Ham,680,14
#Horatio_Ham #Marcellus_Ham,10,2
#Reynaldo_Ham,65,13
#Rosencrantz_Ham,704,48
#Guildenstern_Ham,319,28
#Voltemand_Ham,149,1
#Rosencrantz_Ham #Guildenstern_Ham,4,1
#PLAYERS.1_Ham,352,6
#PLAYERS.0.1_Ham,14,2
#PLAYERS.Prologue_Ham,16,1
#PLAYERS.King_Ham,337,4
#PLAYERS.Queen_Ham,247,5
#PLAYERS.Lucianus_Ham,40,1
#ATTENDANTS.GUARDS_Ham,3,1
#Fortinbras_Ham,187,6
#SOLDIERS.FORTINBRAS.Captain_Ham,85,7
#ATTENDANTS.1_Ham,99,2
#MESSENGERS.1_Ham,77,1
#FOLLOWERS.LAERTES_Ham,8,2
#ATTENDANTS.0.1_Ham,10,1
#SAILORS.0.1_Ham,40,2
#MESSENGERS.2_Ham,36,2
#Gravedigger_Ham,736,33
#GravediggersCompanion_Ham,97,12
#Doctor_Ham,90,2
#ATTENDANTS_Ham,3,2
#Osric_Ham,359,25
#ATTENDANTS.2_Ham,67,3
#AMBASSADORS_Ham,40,1
