Character,Number of words spoken,Number of speeches
#Warwick_2H6,3414,99
#York_1H6,1358,38
#EdwardIV_3H6,3483,133
#Montague_3H6,118,10
#RichardIII_R3,3169,108
#Norfolk_3H6,26,3
#HenryVI_1H6,2904,71
#Northumberland_3H6,244,15
#Clifford_3H6,1092,35
#Westmorland_3H6,85,6
#Exeter_3H6,136,13
#QueenMargaret_1H6,2246,53
#PrinceEdward_3H6,358,16
#MESSENGERS.X.1_3H6,32,1
#JohnMortimer_3H6,10,1
#Rutland_3H6,196,7
#Tutor_3H6,24,2
#MESSENGERS.X.2_3H6,162,2
#MESSENGERS.X.3_3H6,24,1
#MESSENGERS.X.4_3H6,46,1
#Clarence_3H6,836,39
#Son_3H6,190,4
#Father_3H6,218,4
#GAMEKEEPERS.1_3H6,147,7
#GAMEKEEPERS.2_3H6,123,9
#QueenElizabeth_3H6,594,30
#ATTENDANTS.EDWARD.1_3H6,16,1
#KingLewis_3H6,516,21
#Oxford_3H6,277,13
#LadyBona_3H6,71,4
#MESSENGERS.Post_3H6,224,9
#Somerset_3H6,262,11
#Hastings_3H6,153,9
#WATCHMEN.1_3H6,62,5
#WATCHMEN.2_3H6,48,5
#WATCHMEN.3_3H6,74,3
#Rivers_3H6,54,5
#Huntsman_3H6,18,2
#Lieutenant_3H6,21,1
#MayorOfYork_3H6,43,3
#Montgomery_3H6,114,5
#SOLDIERS.YORK.0.1_3H6,18,1
#RichardIII_R3 #Hastings_3H6 #Montgomery_3H6 #SOLDIERS.YORK_3H6 #MayorOfYork_3H6 #ALDERMEN_3H6 #Montgomery_3H6 #SOLDIERS.MONTGOMERY_3H6,5,1
#MESSENGERS.1_3H6,6,1
#MESSENGERS.2_3H6,8,1
#Somerville_3H6,44,3
#MESSENGERS.X.5_3H6,14,1
