Character,Number of words spoken,Number of speeches
#Chorus_H5,1668,6
#BishopOfCanterbury_H5,1652,18
#BishopOfEly_H5,240,13
#HenryV_H5,8331,147
#Exeter_H5,964,22
#Westmoreland_1H4,143,8
#AMBASSADORS.0.1_H5,132,2
#Bardolph_1H4,224,16
#Nym_H5,386,19
#Pistol_2H4,1118,62
#MistressQuickly_1H4,360,11
#Boy_H5,626,16
#Bedford_H5,77,5
#Scroop_H5,88,5
#Cambridge_H5,107,5
#Grey_H5,81,4
#Grey_H5 #Scroop_H5,5,1
#KingOfFrance_H5,698,19
#Dauphin_H5,905,31
#Constable_H5,922,40
#MESSENGERS.X.1_H5,12,1
#Fluellen_H5,2501,68
#Gower_H5,507,27
#Jamy_H5,98,4
#MacMorris_H5,205,4
#Governor_H5,56,1
#Katherine_H5,440,33
#Alice_H5,163,22
#Brittany_H5,65,2
#Montjoy_H5,399,11
#Gloucester_2H4,28,5
#Orleans_H5,312,29
#Rambures_H5,66,5
#MESSENGERS.X.2_H5,17,2
#Erpingham_H5,53,5
#SOLDIERS.ENGLISH.Court_H5,11,1
#SOLDIERS.ENGLISH.Bates_H5,167,7
#SOLDIERS.ENGLISH.Williams_H5,621,28
#MESSENGERS.X.3_H5,7,1
#Grandpre_H5,137,1
#Salisbury_H5,75,2
#York_H5,14,1
#SOLDIERS.FRENCH.LeFer_H5,98,10
#Bourbon_H5,74,2
#Warwick_2H4,7,1
#HERALDS.1_H5,8,1
#QueenOfFrance_H5,188,5
#Burgundy_H5,511,8
#ATTENDANTS.ENGLISH_H5,1,1
#HenryV_H5 #Westmoreland_1H4 #Exeter_H5 #KingOfFrance_H5 #Burgundy_H5 #Katherine_H5 #Alice_H5,1,1
