Character,Number of words spoken,Number of speeches
#Poet_Tim,718,30
#Painter_Tim,443,30
#Merchant_Tim,63,8
#Jeweler_Tim,78,8
#Timon_Tim,6336,210
#MESSENGERS.X.1_Tim,43,3
#OldMan_Tim,207,10
#SERVANTS.TIMON.Lucilius_Tim,35,3
#Apemantus_Tim,1761,101
#MESSENGERS.X.2_Tim,9,1
#Alcibiades_Tim,1177,39
#LORDS.0.1_Tim,118,12
#LORDS.0.2_Tim,111,11
#FRIENDS.Ventidius_Tim,59,2
#LORDS.0.3_Tim,16,2
#SERVANTS.TIMON.X.1_Tim,28,2
#Cupid_Tim,47,1
#FRIENDS.Lucius_Tim,349,11
#LADIES.0.1_Tim,9,1
#LADIES_Tim,4,1
#Flavius_Tim,1519,41
#ATTENDANTS.TIMON.0.1_Tim,5,1
#LORDS.0.2_Tim #LORDS.0.3_Tim #FRIENDS.Lucius_Tim #Alcibiades_Tim #FRIENDS.Ventidius_Tim,4,1
#SERVANTS.TIMON.1_Tim,16,1
#SERVANTS.TIMON.2_Tim,22,1
#SERVANTS.TIMON.3_Tim,26,1
#LORDS_Tim,4,1
#SENATORS.X_Tim,281,4
#SERVANTS.Caphis_Tim,126,14
#SERVANTS.VARRO.1_Tim,97,15
#SERVANTS.ISIDORE.1_Tim,39,5
#SERVANTS.Caphis_Tim #SERVANTS.VARRO.1_Tim #SERVANTS.ISIDORE.1_Tim,25,6
#Fool_Tim,181,9
#SERVANTS.Page_Tim,48,4
#SERVANTS.TIMON.Flaminius_Tim #SERVANTS.TIMON.Servilius_Tim #SERVANTS.TIMON.X.2_Tim,4,1
#SERVANTS.TIMON.Flaminius_Tim,216,10
#SERVANTS.LUCULLUS.1_Tim,23,3
#FRIENDS.Lucullus_Tim,282,6
#STRANGERS.1_Tim,230,4
#STRANGERS.2_Tim,48,3
#SERVANTS.TIMON.Servilius_Tim,125,8
#STRANGERS.3_Tim,4,1
#FRIENDS.Sempronius_Tim,212,2
#SERVANTS.TIMON.X.2_Tim,148,2
#SERVANTS.Titus_Tim,89,12
#SERVANTS.Hortensius_Tim,70,6
#SERVANTS.LUCIUS.1_Tim,193,16
#SERVANTS.Philotus_Tim,34,6
#SERVANTS.VARRO.2_Tim,40,4
#SENATORS.0.1_Tim,219,9
#SENATORS.0.2_Tim,74,4
#SENATORS.0.3_Tim,1,1
#FRIENDS.0.1_Tim,172,14
#FRIENDS.0.2_Tim,169,17
#FRIENDS.0.3_Tim,57,9
#FRIENDS.0.1_Tim #FRIENDS.0.2_Tim,2,1
#FRIENDS.0_Tim,8,2
#FRIENDS.0.4_Tim,18,3
#SERVANTS.TIMON.0.1_Tim,41,2
#SERVANTS.TIMON.0.2_Tim,57,1
#SERVANTS.TIMON.0.3_Tim,47,1
#Phrynia_Tim,4,1
#Timandra_Tim,15,3
#Phrynia_Tim #Timandra_Tim,29,3
#BANDITS.1_Tim,89,5
#BANDITS.2_Tim,33,4
#BANDITS.3_Tim,44,3
#BANDITS.2_Tim #BANDITS.3_Tim,1,1
#BANDITS.1_Tim #BANDITS.2_Tim #BANDITS.3_Tim,16,3
#Poet_Tim #Painter_Tim,40,6
#SENATORS.1_Tim,372,17
#SENATORS.2_Tim,342,9
#SENATORS.3_Tim,16,2
#MESSENGERS.X.3_Tim,70,2
#SENATORS.4_Tim,9,1
#SOLDIERS.1_Tim,118,2
#SENATORS.1_Tim #SENATORS.2_Tim,4,1
