Character,Word,Count,Significance
#Timon_Tim,wert,14,26.092346912180787
#Timon_Tim,go,21,24.014631674566527
#Timon_Tim,friends,19,21.727523896036388
#Timon_Tim,men,29,21.519563486336235
#Timon_Tim,dost,15,21.1100413274754
#Timon_Tim,honest,16,20.698088502613192
#Timon_Tim,welcome,12,20.645778316291743
#Timon_Tim,mankind,8,20.162370097054332
#Timon_Tim,whore,7,20.088265501511245
#Timon_Tim,art,19,19.524524268196927
#Timon_Tim,i'll,21,19.29259161463838
#Timon_Tim,prithee,8,19.01626987673275
#Timon_Tim,gods,21,18.962558625437683
#Timon_Tim,villains,6,18.496917727765506
#Timon_Tim,gold,18,18.496917727765506
#Timon_Tim,man,28,18.348982554231522
#Timon_Tim,more,24,18.3020373719785
#Timon_Tim,take,16,17.88896137043111
#Timon_Tim,ere,7,17.642073834922545
#Timon_Tim,thieves,7,17.642073834922545
#Timon_Tim,never,11,17.59791838139414
#Timon_Tim,earth,6,17.21851328700964
#Timon_Tim,thief,6,17.21851328700964
#Timon_Tim,plague,8,17.101668183958633
#Timon_Tim,why,15,16.770901284779168
#Timon_Tim,rogue,5,16.614752797743492
#Timon_Tim,tell,10,16.576806059643648
#Timon_Tim,there's,9,16.100065233387998
#Timon_Tim,confound,6,16.100065233387998
#Timon_Tim,love,15,16.060486983640768
#Timon_Tim,would,21,16.01428270048119
#Timon_Tim,away,10,15.998107619449215
#Timon_Tim,thine,10,15.998107619449215
#Timon_Tim,wouldst,7,15.752708004587422
#Timon_Tim,each,7,15.752708004587422
#Timon_Tim,beast,7,15.752708004587422
#Timon_Tim,hate,7,15.752708004587422
#Timon_Tim,can,12,15.523566376959897
#Timon_Tim,thyself,9,15.484333737218808
#Timon_Tim,apemantus,11,15.48069697348196
#Timon_Tim,'rt,5,15.414098106471258
#Timon_Tim,men's,5,15.414098106471258
#Timon_Tim,cut,5,15.414098106471258
#Timon_Tim,poison,5,15.414098106471258
#Timon_Tim,slave,5,15.414098106471258
#Timon_Tim,senators,6,15.121777572790752
#Timon_Tim,whom,9,14.919125453679282
#Timon_Tim,may,16,14.69911742067686
#Timon_Tim,had,11,14.620982462014272
#Timon_Tim,whose,10,14.504472719978489
#Timon_Tim,nature,9,14.398296857504294
#Timon_Tim,look,9,14.398296857504294
#Timon_Tim,themselves,5,14.348761072508037
#Timon_Tim,born,5,14.348761072508037
#Timon_Tim,slaves,5,14.348761072508037
#Timon_Tim,eyes,8,14.311169096344889
#Timon_Tim,lust,4,14.311169096344889
#Timon_Tim,roots,4,14.311169096344889
#Timon_Tim,fell,4,14.311169096344889
#Timon_Tim,th',15,14.280564915847808
#Timon_Tim,fair,6,14.262202407549562
#Timon_Tim,breath,6,14.262202407549562
#Timon_Tim,bear,6,14.262202407549562
#Timon_Tim,own,11,14.22993584554657
#Timon_Tim,must,13,14.219474303025843
#Timon_Tim,o,14,14.10469124608844
#Timon_Tim,heart,10,14.073360884983598
#Timon_Tim,athens,12,14.0446682102036
#Timon_Tim,come,13,13.919088719155333
#Timon_Tim,up,8,13.76385221086116
#Timon_Tim,true,8,13.76385221086116
#Timon_Tim,again,8,13.76385221086116
#Timon_Tim,enough,7,13.621925024841845
#Timon_Tim,pray,7,13.621925024841845
#Timon_Tim,first,7,13.621925024841845
#Timon_Tim,fortunes,7,13.621925024841845
#Timon_Tim,better,7,13.621925024841845
#Timon_Tim,'tis,17,13.529839709224342
#Timon_Tim,once,5,13.41672102782333
#Timon_Tim,quite,4,13.291802238194792
#Timon_Tim,ladies,4,13.291802238194792
#Timon_Tim,hence,4,13.291802238194792
#Timon_Tim,sit,4,13.291802238194792
#Timon_Tim,another,4,13.291802238194792
#Timon_Tim,within,4,13.291802238194792
#Timon_Tim,lend,4,13.291802238194792
#Timon_Tim,beat,4,13.291802238194792
#Timon_Tim,sun,4,13.291802238194792
#Timon_Tim,below,4,13.291802238194792
#Timon_Tim,hadst,4,13.291802238194792
#Timon_Tim,one,16,13.118867266293059
#Timon_Tim,there,11,12.87427919268663
#Timon_Tim,'t,18,12.8421609273847
#Timon_Tim,bid,5,12.60148131065896
#Timon_Tim,she,5,12.60148131065896
#Timon_Tim,general,5,12.60148131065896
#Timon_Tim,none,7,12.522272959301779
#Timon_Tim,ne'er,7,12.522272959301779
#Timon_Tim,down,7,12.522272959301779
#Timon_Tim,ventidius,4,12.331278485177004
#Timon_Tim,need,4,12.331278485177004
#Timon_Tim,youth,4,12.331278485177004
#Timon_Tim,stand,4,12.331278485177004
#Timon_Tim,long,6,12.220988893187998
#Timon_Tim,alcibiades,6,12.220988893187998
#Timon_Tim,o',6,12.220988893187998
#Timon_Tim,'em,8,11.973180449944499
#Timon_Tim,nothing,9,11.962622014375313
#Timon_Tim,needs,5,11.885168672957969
#Timon_Tim,back,5,11.885168672957969
#Timon_Tim,blood,5,11.885168672957969
#Timon_Tim,world,6,11.675935735578724
#Timon_Tim,think,7,11.603764241750554
#Timon_Tim,commend,4,11.479008858006427
#Timon_Tim,man's,4,11.479008858006427
#Timon_Tim,living,4,11.479008858006427
#Timon_Tim,yourselves,4,11.479008858006427
#Timon_Tim,hang,4,11.479008858006427
#Timon_Tim,mend,4,11.479008858006427
#Timon_Tim,who,10,11.43553889265073
#Timon_Tim,out,12,11.424451932678249
#Timon_Tim,wilt,5,11.251934288991015
#Timon_Tim,means,5,11.251934288991015
#Timon_Tim,feast,5,11.251934288991015
#Timon_Tim,common,5,11.251934288991015
#Timon_Tim,myself,6,11.18243439093462
#Timon_Tim,want,6,11.18243439093462
#Timon_Tim,does,8,10.936028941370132
#Timon_Tim,know,11,10.87031261253646
#Timon_Tim,freely,3,10.733376822258666
#Timon_Tim,father,3,10.733376822258666
#Timon_Tim,further,3,10.733376822258666
#Timon_Tim,together,4,10.733376822258666
#Timon_Tim,company,4,10.733376822258666
#Timon_Tim,therefore,4,10.733376822258666
#Timon_Tim,dinner,3,10.733376822258666
#Timon_Tim,because,3,10.733376822258666
#Timon_Tim,given,3,10.733376822258666
#Timon_Tim,weep,3,10.733376822258666
#Timon_Tim,grows,3,10.733376822258666
#Timon_Tim,grave,4,10.733376822258666
#Timon_Tim,steal,3,10.733376822258666
#Timon_Tim,laws,3,10.733376822258666
#Timon_Tim,confusion,3,10.733376822258666
#Timon_Tim,strong,3,10.733376822258666
#Timon_Tim,dog,6,10.733376822258666
#Timon_Tim,alone,3,10.733376822258666
#Timon_Tim,close,3,10.733376822258666
#Timon_Tim,false,4,10.733376822258666
#Timon_Tim,knave,3,10.733376822258666
#Timon_Tim,lion,3,10.733376822258666
#Timon_Tim,kindness,3,10.733376822258666
#Timon_Tim,villain,3,10.733376822258666
#Timon_Tim,eat,5,10.688542614974148
#Timon_Tim,mine,8,10.349044251306596
#Timon_Tim,hear,6,10.322889158145871
#Timon_Tim,put,6,10.322889158145871
#Timon_Tim,meat,5,10.184157410989998
#Timon_Tim,keep,5,10.184157410989998
#Timon_Tim,fare,4,10.081185048527166
#Timon_Tim,work,4,10.081185048527166
#Timon_Tim,rather,4,10.081185048527166
#Timon_Tim,pity,4,10.081185048527166
#Timon_Tim,doth,4,10.081185048527166
#Timon_Tim,help,3,9.968851678646095
#Timon_Tim,faults,3,9.968851678646095
#Timon_Tim,sweet,3,9.968851678646095
#Timon_Tim,hither,3,9.968851678646095
#Timon_Tim,lack,3,9.968851678646095
#Timon_Tim,throats,3,9.968851678646095
#Timon_Tim,high,3,9.968851678646095
#Timon_Tim,break,3,9.968851678646095
#Timon_Tim,drum,3,9.968851678646095
#Timon_Tim,curse,3,9.968851678646095
#Timon_Tim,fire,3,9.968851678646095
#Timon_Tim,feed,3,9.968851678646095
#Timon_Tim,ass,3,9.968851678646095
#Timon_Tim,ever,6,9.946083635786188
#Timon_Tim,much,9,9.844251440556352
#Timon_Tim,kind,5,9.729946446315605
#Timon_Tim,live,5,9.729946446315605
#Timon_Tim,like,11,9.60603579391613
#Timon_Tim,these,8,9.589432756979381
#Timon_Tim,even,4,9.508134938366375
#Timon_Tim,done,4,9.508134938366375
#Timon_Tim,show,4,9.508134938366375
#Timon_Tim,every,4,9.508134938366375
#Timon_Tim,see,8,9.363112140135733
#Timon_Tim,could,5,9.318695325778851
#Timon_Tim,speak,7,9.304261566736356
#Timon_Tim,still,6,9.277776568226514
#Timon_Tim,thank,3,9.248458863882753
#Timon_Tim,shouldst,3,9.248458863882753
#Timon_Tim,indeed,3,9.248458863882753
#Timon_Tim,instant,3,9.248458863882753
#Timon_Tim,old,3,9.248458863882753
#Timon_Tim,cold,3,9.248458863882753
#Timon_Tim,both,3,9.248458863882753
#Timon_Tim,city,3,9.248458863882753
#Timon_Tim,borrow,3,9.248458863882753
#Timon_Tim,horse,3,9.248458863882753
#Timon_Tim,root,3,9.248458863882753
#Timon_Tim,beasts,3,9.248458863882753
#Timon_Tim,himself,4,9.001547431192813
#Timon_Tim,friend,6,8.979885337458374
#Timon_Tim,pay,3,8.60925664350482
#Timon_Tim,promise,3,8.60925664350482
#Timon_Tim,jewel,3,8.60925664350482
#Timon_Tim,proud,3,8.60925664350482
#Timon_Tim,friendship,3,8.60925664350482
#Timon_Tim,water,3,8.60925664350482
#Timon_Tim,methinks,3,8.60925664350482
#Timon_Tim,near,3,8.60925664350482
#Timon_Tim,yours,3,8.60925664350482
#Timon_Tim,leave,3,8.60925664350482
#Timon_Tim,place,3,8.60925664350482
#Timon_Tim,thanks,3,8.60925664350482
#Timon_Tim,fools,3,8.60925664350482
#Timon_Tim,beggar,3,8.60925664350482
#Timon_Tim,sick,3,8.60925664350482
#Timon_Tim,meet,3,8.60925664350482
#Timon_Tim,sir,9,8.568338949508686
#Timon_Tim,till,4,8.550834091979317
#Timon_Tim,bring,4,8.550834091979317
#Timon_Tim,steward,4,8.550834091979317
#Timon_Tim,now,12,8.453451014736288
#Timon_Tim,use,6,8.44401653099016
#Timon_Tim,best,5,8.288403029821824
#Timon_Tim,good,12,8.246275183623814
#Timon_Tim,fortune,4,8.147325928791998
#Timon_Tim,set,4,8.147325928791998
#Timon_Tim,talents,4,8.147325928791998
#Timon_Tim,send,3,8.050032616693999
#Timon_Tim,find,3,8.050032616693999
#Timon_Tim,knaves,3,8.050032616693999
#Timon_Tim,health,3,8.050032616693999
#Timon_Tim,word,3,8.050032616693999
#Timon_Tim,without,3,8.050032616693999
#Timon_Tim,death,3,8.050032616693999
#Timon_Tim,five,3,8.050032616693999
#Timon_Tim,care,3,8.050032616693999
#Timon_Tim,sword,3,8.050032616693999
#Timon_Tim,poor,5,7.999053809724607
#Timon_Tim,rich,4,7.783957157052484
#Timon_Tim,been,4,7.783957157052484
#Timon_Tim,against,4,7.783957157052484
#Timon_Tim,stay,4,7.783957157052484
#Timon_Tim,or,6,7.761783188479948
#Timon_Tim,gentleman,3,7.560888786395376
#Timon_Tim,free,3,7.560888786395376
#Timon_Tim,being,3,7.560888786395376
#Timon_Tim,e'en,3,7.560888786395376
#Timon_Tim,hearts,3,7.560888786395376
#Timon_Tim,war,3,7.560888786395376
#Timon_Tim,get,3,7.560888786395376
#Timon_Tim,two,3,7.560888786395376
#Timon_Tim,most,7,7.193245783019919
#Timon_Tim,weigh,2,7.1555845481724445
#Timon_Tim,wait,2,7.1555845481724445
#Timon_Tim,bounteous,2,7.1555845481724445
#Timon_Tim,table,2,7.1555845481724445
#Timon_Tim,athenian,2,7.1555845481724445
#Timon_Tim,keeps,2,7.1555845481724445
#Timon_Tim,made,4,7.1555845481724445
#Timon_Tim,accept,2,7.1555845481724445
#Timon_Tim,wrong,2,7.1555845481724445
#Timon_Tim,seldom,2,7.1555845481724445
#Timon_Tim,farewell,2,7.1555845481724445
#Timon_Tim,try,2,7.1555845481724445
#Timon_Tim,trouble,2,7.1555845481724445
#Timon_Tim,draw,2,7.1555845481724445
#Timon_Tim,mistress,2,7.1555845481724445
#Timon_Tim,twenty,2,7.1555845481724445
#Timon_Tim,rest,2,7.1555845481724445
#Timon_Tim,amiss,2,7.1555845481724445
#Timon_Tim,bless,2,7.1555845481724445
#Timon_Tim,soft,2,7.1555845481724445
#Timon_Tim,manners,2,7.1555845481724445
#Timon_Tim,whole,2,7.1555845481724445
#Timon_Tim,lay,2,7.1555845481724445
#Timon_Tim,contempt,2,7.1555845481724445
#Timon_Tim,yield,2,7.1555845481724445
#Timon_Tim,odds,2,7.1555845481724445
#Timon_Tim,lips,2,7.1555845481724445
#Timon_Tim,light,2,7.1555845481724445
#Timon_Tim,spare,2,7.1555845481724445
#Timon_Tim,trust,2,7.1555845481724445
#Timon_Tim,hanged,2,7.1555845481724445
#Timon_Tim,whereof,2,7.1555845481724445
#Timon_Tim,bosom,2,7.1555845481724445
#Timon_Tim,catch,2,7.1555845481724445
#Timon_Tim,open,2,7.1555845481724445
#Timon_Tim,knew,2,7.1555845481724445
#Timon_Tim,tongue,2,7.1555845481724445
#Timon_Tim,right,3,7.131101203774781
#Timon_Tim,nay,3,7.131101203774781
#Timon_Tim,hast,3,7.131101203774781
#Timon_Tim,forth,3,7.131101203774781
#Timon_Tim,house,3,7.131101203774781
#Timon_Tim,should,8,7.102804460386386
#Timon_Tim,little,3,6.751160573394609
#Timon_Tim,that's,3,6.751160573394609
#Timon_Tim,hold,3,6.751160573394609
#Timon_Tim,under,2,6.645901119097396
#Timon_Tim,praise,2,6.645901119097396
#Timon_Tim,mere,2,6.645901119097396
#Timon_Tim,'lt,2,6.645901119097396
#Timon_Tim,we'll,2,6.645901119097396
#Timon_Tim,gave,2,6.645901119097396
#Timon_Tim,sorry,2,6.645901119097396
#Timon_Tim,canst,2,6.645901119097396
#Timon_Tim,toward,2,6.645901119097396
#Timon_Tim,great,5,6.645901119097396
#Timon_Tim,ears,2,6.645901119097396
#Timon_Tim,sound,2,6.645901119097396
#Timon_Tim,gifts,2,6.645901119097396
#Timon_Tim,beloved,2,6.645901119097396
#Timon_Tim,bears,2,6.645901119097396
#Timon_Tim,virtue,2,6.645901119097396
#Timon_Tim,grant,2,6.645901119097396
#Timon_Tim,low,2,6.645901119097396
#Timon_Tim,touch,2,6.645901119097396
#Timon_Tim,flatterer,2,6.645901119097396
#Timon_Tim,young,2,6.645901119097396
#Timon_Tim,valiant,2,6.645901119097396
#Timon_Tim,ha,2,6.645901119097396
#Timon_Tim,i'd,2,6.645901119097396
#Timon_Tim,misery,2,6.645901119097396
#Timon_Tim,sea,2,6.645901119097396
#Timon_Tim,lives,2,6.645901119097396
#Timon_Tim,forgot,2,6.645901119097396
#Timon_Tim,you're,2,6.645901119097396
#Timon_Tim,before,4,6.630722423857459
#Timon_Tim,timon,11,6.604796677197445
#Timon_Tim,lords,3,6.413125568984488
#Timon_Tim,power,3,6.413125568984488
#Timon_Tim,please,3,6.413125568984488
#Timon_Tim,other,3,6.413125568984488
#Timon_Tim,honor,5,6.300740655329479
#Timon_Tim,time,5,6.300740655329479
#Timon_Tim,cannot,4,6.185184378817676
#Timon_Tim,into,4,6.185184378817676
#Timon_Tim,debt,2,6.165639242588502
#Timon_Tim,hand,2,6.165639242588502
#Timon_Tim,worth,2,6.165639242588502
#Timon_Tim,lucius,2,6.165639242588502
#Timon_Tim,gentlemen,2,6.165639242588502
#Timon_Tim,masters,2,6.165639242588502
#Timon_Tim,strike,2,6.165639242588502
#Timon_Tim,fury,2,6.165639242588502
#Timon_Tim,worst,2,6.165639242588502
#Timon_Tim,sure,2,6.165639242588502
#Timon_Tim,seen,2,6.165639242588502
#Timon_Tim,life,3,6.110494446593999
#Timon_Tim,call,3,5.837967867789362
#Timon_Tim,such,4,5.801789087991397
#Timon_Tim,after,2,5.739504429003214
#Timon_Tim,doubt,2,5.739504429003214
#Timon_Tim,wear,2,5.739504429003214
#Timon_Tim,lie,2,5.739504429003214
#Timon_Tim,debts,2,5.739504429003214
#Timon_Tim,lucullus,2,5.739504429003214
#Timon_Tim,last,2,5.739504429003214
#Timon_Tim,turn,2,5.739504429003214
#Timon_Tim,makes,2,5.739504429003214
#Timon_Tim,wish,2,5.739504429003214
#Timon_Tim,above,2,5.739504429003214
#Timon_Tim,dear,2,5.739504429003214
#Timon_Tim,kill,2,5.739504429003214
#Timon_Tim,those,4,5.62934435399344
#Timon_Tim,ay,4,5.468014470685066
#Timon_Tim,die,2,5.366688411129333
#Timon_Tim,might,3,5.366688411129333
#Timon_Tim,day,3,5.366688411129333
#Timon_Tim,fellows,2,5.366688411129333
#Timon_Tim,he's,3,5.366688411129333
#Timon_Tim,air,2,5.366688411129333
#Timon_Tim,mind,2,5.366688411129333
#Timon_Tim,though,2,5.366688411129333
#Timon_Tim,things,2,5.366688411129333
#Timon_Tim,shalt,2,5.366688411129333
#Timon_Tim,yes,2,5.040592524263583
#Timon_Tim,drink,2,5.040592524263583
#Timon_Tim,dead,2,5.040592524263583
#Timon_Tim,words,2,4.7540674691831875
#Timon_Tim,thousand,2,4.7540674691831875
#Timon_Tim,here's,2,4.7540674691831875
#Timon_Tim,many,2,4.500773715596407
#Timon_Tim,did,3,4.489942668729187
#Timon_Tim,off,2,4.275417045989658
#Timon_Tim,fall,2,4.275417045989658
#Timon_Tim,worthy,2,4.073662964395999
#Timon_Tim,gone,2,4.073662964395999
#Timon_Tim,wealth,2,4.073662964395999
#Timon_Tim,only,2,3.891978578526242
#Timon_Tim,strain,1,3.5777922740862222
#Timon_Tim,comes,2,3.5777922740862222
#Timon_Tim,gentle,1,3.5777922740862222
#Timon_Tim,know'st,1,3.5777922740862222
#Timon_Tim,anger,1,3.5777922740862222
#Timon_Tim,become,1,3.5777922740862222
#Timon_Tim,angry,1,3.5777922740862222
#Timon_Tim,received,1,3.5777922740862222
#Timon_Tim,hearing,1,3.5777922740862222
#Timon_Tim,ingratitude,1,3.5777922740862222
#Timon_Tim,doors,1,3.5777922740862222
#Timon_Tim,sums,1,3.5777922740862222
#Timon_Tim,flies,1,3.5777922740862222
#Timon_Tim,bound,1,3.5777922740862222
#Timon_Tim,night,1,3.5777922740862222
#Timon_Tim,athenians,1,3.5777922740862222
#Timon_Tim,natures,1,3.5777922740862222
#Timon_Tim,clear,1,3.5777922740862222
#Timon_Tim,honored,1,3.5777922740862222
#Timon_Tim,age,1,3.5777922740862222
#Timon_Tim,soldiers,1,3.5777922740862222
#Timon_Tim,spent,1,3.5777922740862222
#Timon_Tim,new,1,3.5777922740862222
#Timon_Tim,throw,1,3.5777922740862222
#Timon_Tim,worse,1,3.5777922740862222
#Timon_Tim,seek,1,3.5777922740862222
#Timon_Tim,understand,1,3.5777922740862222
#Timon_Tim,suspect,1,3.5777922740862222
#Timon_Tim,hazard,1,3.5777922740862222
#Timon_Tim,hands,1,3.5777922740862222
#Timon_Tim,alive,1,3.5777922740862222
#Timon_Tim,god,1,3.5777922740862222
#Timon_Tim,ask,1,3.5777922740862222
#Timon_Tim,kept,1,3.5777922740862222
#Timon_Tim,fly,1,3.5777922740862222
#Timon_Tim,heard,1,3.5777922740862222
#Timon_Tim,ill,1,3.5777922740862222
#Timon_Tim,course,1,3.5777922740862222
#Timon_Tim,griefs,1,3.5777922740862222
#Timon_Tim,money,2,3.44096305271529
#Timon_Tim,has,3,3.430661667795219
#Timon_Tim,far,1,3.322950559548698
#Timon_Tim,often,1,3.322950559548698
#Timon_Tim,half,1,3.322950559548698
#Timon_Tim,loves,1,3.322950559548698
#Timon_Tim,base,1,3.322950559548698
#Timon_Tim,follow,1,3.322950559548698
#Timon_Tim,wast,1,3.322950559548698
#Timon_Tim,large,1,3.322950559548698
#Timon_Tim,heaven,1,3.322950559548698
#Timon_Tim,always,1,3.322950559548698
#Timon_Tim,times,1,3.322950559548698
#Timon_Tim,just,1,3.322950559548698
#Timon_Tim,wise,1,3.322950559548698
#Timon_Tim,happy,1,3.322950559548698
#Timon_Tim,excellent,1,3.322950559548698
#Timon_Tim,known,1,3.322950559548698
#Timon_Tim,came,1,3.322950559548698
#Timon_Tim,speaks,1,3.322950559548698
#Timon_Tim,lord,9,3.1714149154680378
#Timon_Tim,fool,2,3.092592189408838
#Timon_Tim,fie,1,3.082819621294251
#Timon_Tim,captain,1,3.082819621294251
#Timon_Tim,enemies,1,3.082819621294251
#Timon_Tim,told,1,3.082819621294251
#Timon_Tim,grace,1,3.082819621294251
#Timon_Tim,goes,1,3.082819621294251
#Timon_Tim,supply,1,3.082819621294251
#Timon_Tim,fifty,1,3.082819621294251
#Timon_Tim,senate,1,3.082819621294251
#Timon_Tim,less,1,3.082819621294251
#Timon_Tim,thrive,1,3.082819621294251
#Timon_Tim,piece,1,2.869752214501607
#Timon_Tim,any,1,2.869752214501607
#Timon_Tim,beseech,1,2.869752214501607
#Timon_Tim,state,1,2.869752214501607
#Timon_Tim,flaminius,1,2.869752214501607
#Timon_Tim,estate,1,2.869752214501607
#Timon_Tim,master's,1,2.869752214501607
#Timon_Tim,hope,1,2.869752214501607
#Timon_Tim,name,1,2.869752214501607
#Timon_Tim,full,1,2.869752214501607
#Timon_Tim,strange,1,2.869752214501607
#Timon_Tim,lord's,1,2.869752214501607
#Timon_Tim,way,1,2.869752214501607
#Timon_Tim,else,1,2.6833442055646666
#Timon_Tim,let's,1,2.6833442055646666
#Timon_Tim,bounty,1,2.6833442055646666
#Timon_Tim,servilius,1,2.6833442055646666
#Timon_Tim,law,1,2.6833442055646666
#Timon_Tim,peace,1,2.6833442055646666
#Timon_Tim,left,1,2.6833442055646666
#Timon_Tim,service,1,2.6833442055646666
#Timon_Tim,noble,2,2.658360447638959
#Timon_Tim,timon's,2,2.658360447638959
#Timon_Tim,serve,1,2.5202962621317915
#Timon_Tim,return,1,2.5202962621317915
#Timon_Tim,part,1,2.2503868577982034
#Timon_Tim,fear,1,2.137708522994829
#Timon_Tim,answer,1,2.137708522994829
#Timon_Tim,present,1,2.0368314821979996
#Timon_Tim,very,1,2.0368314821979996
#Timon_Tim,sent,1,1.7888961370431111
#STRANGERS.1_Tim,estate,2,24.17518852770355
#STRANGERS.1_Tim,timon's,3,16.79579634214781
#STRANGERS.1_Tim,past,1,15.069907830703968
#STRANGERS.1_Tim,observe,1,15.069907830703968
#STRANGERS.1_Tim,father,1,15.069907830703968
#STRANGERS.1_Tim,kept,1,15.069907830703968
#STRANGERS.1_Tim,looks,1,15.069907830703968
#STRANGERS.1_Tim,happy,1,13.996496951789844
#STRANGERS.1_Tim,just,1,13.996496951789844
#STRANGERS.1_Tim,came,1,13.996496951789844
#STRANGERS.1_Tim,virtue,1,13.996496951789844
#STRANGERS.1_Tim,half,1,13.996496951789844
#STRANGERS.1_Tim,less,1,12.985048877231286
#STRANGERS.1_Tim,soul,1,12.985048877231286
#STRANGERS.1_Tim,friend,2,12.607965471327828
#STRANGERS.1_Tim,piece,1,12.087594263851775
#STRANGERS.1_Tim,lord's,1,12.087594263851775
#STRANGERS.1_Tim,any,1,12.087594263851775
#STRANGERS.1_Tim,above,1,12.087594263851775
#STRANGERS.1_Tim,though,1,11.302430873027976
#STRANGERS.1_Tim,mind,1,11.302430873027976
#STRANGERS.1_Tim,can,2,10.897722048640983
#STRANGERS.1_Tim,pity,1,10.615661689328842
#STRANGERS.1_Tim,done,1,10.012230042035718
#STRANGERS.1_Tim,every,1,10.012230042035718
#STRANGERS.1_Tim,nay,1,10.012230042035718
#STRANGERS.1_Tim,right,1,10.012230042035718
#STRANGERS.1_Tim,has,2,9.633455712612113
#STRANGERS.1_Tim,common,1,9.47878466172493
#STRANGERS.1_Tim,part,1,9.47878466172493
#STRANGERS.1_Tim,men,3,9.376746794527834
#STRANGERS.1_Tim,honorable,1,9.00417574373297
#STRANGERS.1_Tim,life,1,8.579274690071143
#STRANGERS.1_Tim,wealth,1,8.579274690071143
#STRANGERS.1_Tim,call,1,8.196641107740739
#STRANGERS.1_Tim,been,1,8.196641107740739
#STRANGERS.1_Tim,ne'er,1,7.534953915351984
#STRANGERS.1_Tim,made,1,7.534953915351984
#STRANGERS.1_Tim,hear,1,7.246786856361174
#STRANGERS.1_Tim,money,1,7.246786856361174
#STRANGERS.1_Tim,put,1,7.246786856361174
#STRANGERS.1_Tim,tell,1,6.982265048075972
#STRANGERS.1_Tim,best,1,6.982265048075972
#STRANGERS.1_Tim,never,1,6.738513273590137
#STRANGERS.1_Tim,into,1,6.513105804088255
#STRANGERS.1_Tim,now,2,5.934419789458162
#STRANGERS.1_Tim,use,1,5.927796673413751
#STRANGERS.1_Tim,heart,1,5.927796673413751
#STRANGERS.1_Tim,does,1,5.757913524425149
#STRANGERS.1_Tim,noble,1,5.598598780715936
#STRANGERS.1_Tim,had,1,5.598598780715936
#STRANGERS.1_Tim,mine,1,5.448861024320491
#STRANGERS.1_Tim,own,1,5.448861024320491
#STRANGERS.1_Tim,timon,2,5.058156210761235
#STRANGERS.1_Tim,see,1,4.929759267411232
#STRANGERS.1_Tim,who,1,4.8167278563060565
#STRANGERS.1_Tim,why,1,4.70934619709499
#STRANGERS.1_Tim,much,1,4.607185117604667
#STRANGERS.1_Tim,must,1,4.607185117604667
#STRANGERS.1_Tim,love,1,4.509858594692585
#STRANGERS.1_Tim,o,1,4.243566598290749
#STRANGERS.1_Tim,know,1,4.162409680516331
#STRANGERS.1_Tim,out,1,4.010048293579326
#STRANGERS.1_Tim,should,1,3.73968778640432
#STRANGERS.1_Tim,one,1,3.453598361100507
#STRANGERS.1_Tim,would,1,3.2120601568027274
#STRANGERS.1_Tim,lord,2,2.9684929704453062
#STRANGERS.1_Tim,man,1,2.760256432460029
#SERVANTS.TIMON.Flaminius_Tim,lord's,2,24.52434541653456
#SERVANTS.TIMON.Flaminius_Tim,faith,1,15.287559168856257
#SERVANTS.TIMON.Flaminius_Tim,empty,1,15.287559168856257
#SERVANTS.TIMON.Flaminius_Tim,having,1,15.287559168856257
#SERVANTS.TIMON.Flaminius_Tim,alive,1,15.287559168856257
#SERVANTS.TIMON.Flaminius_Tim,fly,1,15.287559168856257
#SERVANTS.TIMON.Flaminius_Tim,said,1,14.198645254568094
#SERVANTS.TIMON.Flaminius_Tim,occasion,1,14.198645254568094
#SERVANTS.TIMON.Flaminius_Tim,speaks,1,14.198645254568094
#SERVANTS.TIMON.Flaminius_Tim,help,1,14.198645254568094
#SERVANTS.TIMON.Flaminius_Tim,lordship,2,13.214346294826552
#SERVANTS.TIMON.Flaminius_Tim,thank,1,13.172589059683101
#SERVANTS.TIMON.Flaminius_Tim,supply,1,13.172589059683101
#SERVANTS.TIMON.Flaminius_Tim,instant,1,13.172589059683101
#SERVANTS.TIMON.Flaminius_Tim,fifty,1,13.172589059683101
#SERVANTS.TIMON.Flaminius_Tim,less,1,13.172589059683101
#SERVANTS.TIMON.Flaminius_Tim,slave,1,13.172589059683101
#SERVANTS.TIMON.Flaminius_Tim,thrive,1,13.172589059683101
#SERVANTS.TIMON.Flaminius_Tim,poison,1,13.172589059683101
#SERVANTS.TIMON.Flaminius_Tim,indeed,1,13.172589059683101
#SERVANTS.TIMON.Flaminius_Tim,need,1,13.172589059683101
#SERVANTS.TIMON.Flaminius_Tim,friendship,1,12.26217270826728
#SERVANTS.TIMON.Flaminius_Tim,master's,1,12.26217270826728
#SERVANTS.TIMON.Flaminius_Tim,turn,1,12.26217270826728
#SERVANTS.TIMON.Flaminius_Tim,sick,1,12.26217270826728
#SERVANTS.TIMON.Flaminius_Tim,any,1,12.26217270826728
#SERVANTS.TIMON.Flaminius_Tim,sir,3,12.203893596448353
#SERVANTS.TIMON.Flaminius_Tim,may,3,11.776481665426397
#SERVANTS.TIMON.Flaminius_Tim,health,1,11.465669376642191
#SERVANTS.TIMON.Flaminius_Tim,death,1,11.465669376642191
#SERVANTS.TIMON.Flaminius_Tim,servilius,1,11.465669376642191
#SERVANTS.TIMON.Flaminius_Tim,nothing,2,11.358916203654477
#SERVANTS.TIMON.Flaminius_Tim,honor,2,10.768981337863579
#SERVANTS.TIMON.Flaminius_Tim,two,1,10.768981337863579
#SERVANTS.TIMON.Flaminius_Tim,work,1,10.768981337863579
#SERVANTS.TIMON.Flaminius_Tim,has,2,9.772589577957254
#SERVANTS.TIMON.Flaminius_Tim,himself,1,9.615684647369067
#SERVANTS.TIMON.Flaminius_Tim,part,1,9.615684647369067
#SERVANTS.TIMON.Flaminius_Tim,power,1,9.134221057984261
#SERVANTS.TIMON.Flaminius_Tim,talents,1,8.703183252595036
#SERVANTS.TIMON.Flaminius_Tim,present,1,8.703183252595036
#SERVANTS.TIMON.Flaminius_Tim,meat,1,8.703183252595036
#SERVANTS.TIMON.Flaminius_Tim,o,2,8.609710979940534
#SERVANTS.TIMON.Flaminius_Tim,world,1,8.315023378255962
#SERVANTS.TIMON.Flaminius_Tim,only,1,8.315023378255962
#SERVANTS.TIMON.Flaminius_Tim,sent,1,7.643779584428128
#SERVANTS.TIMON.Flaminius_Tim,he's,1,7.643779584428128
#SERVANTS.TIMON.Flaminius_Tim,should,2,7.587398536203852
#SERVANTS.TIMON.Flaminius_Tim,tell,1,7.083108354360261
#SERVANTS.TIMON.Flaminius_Tim,nature,1,6.835836127029604
#SERVANTS.TIMON.Flaminius_Tim,friend,1,6.395029760869383
#SERVANTS.TIMON.Flaminius_Tim,such,1,6.197620429944193
#SERVANTS.TIMON.Flaminius_Tim,'t,2,6.097034148229163
#SERVANTS.TIMON.Flaminius_Tim,lord,4,6.0227325127437865
#SERVANTS.TIMON.Flaminius_Tim,use,1,6.013410526713803
#SERVANTS.TIMON.Flaminius_Tim,heart,1,6.013410526713803
#SERVANTS.TIMON.Flaminius_Tim,great,1,5.6794581018272385
#SERVANTS.TIMON.Flaminius_Tim,these,1,5.121839441668411
#SERVANTS.TIMON.Flaminius_Tim,who,1,4.886294788978627
#SERVANTS.TIMON.Flaminius_Tim,why,1,4.777362240267581
#SERVANTS.TIMON.Flaminius_Tim,much,1,4.673725670952903
#SERVANTS.TIMON.Flaminius_Tim,come,1,4.574993482645421
#SERVANTS.TIMON.Flaminius_Tim,gods,1,3.8583415582970977
#SERVANTS.LUCIUS.1_Tim,pay,2,25.150307009639295
#SERVANTS.LUCIUS.1_Tim,five,2,23.51664030136781
#SERVANTS.LUCIUS.1_Tim,thousand,2,20.832156830526444
#SERVANTS.LUCIUS.1_Tim,ay,3,17.970485654119884
#SERVANTS.LUCIUS.1_Tim,call,2,17.05451356222304
#SERVANTS.LUCIUS.1_Tim,mine,3,17.005930786121045
#SERVANTS.LUCIUS.1_Tim,business,1,15.677760200911875
#SERVANTS.LUCIUS.1_Tim,course,1,15.677760200911875
#SERVANTS.LUCIUS.1_Tim,shows,1,15.677760200911875
#SERVANTS.LUCIUS.1_Tim,jewels,1,15.677760200911875
#SERVANTS.LUCIUS.1_Tim,clear,1,15.677760200911875
#SERVANTS.LUCIUS.1_Tim,alas,1,15.677760200911875
#SERVANTS.LUCIUS.1_Tim,money,2,15.078179354178998
#SERVANTS.LUCIUS.1_Tim,ha,1,14.56105275016169
#SERVANTS.LUCIUS.1_Tim,far,1,14.56105275016169
#SERVANTS.LUCIUS.1_Tim,think,2,14.527796495199928
#SERVANTS.LUCIUS.1_Tim,owes,1,13.508807404885259
#SERVANTS.LUCIUS.1_Tim,goes,1,13.508807404885259
#SERVANTS.LUCIUS.1_Tim,days,1,12.575153504819648
#SERVANTS.LUCIUS.1_Tim,strange,1,12.575153504819648
#SERVANTS.LUCIUS.1_Tim,wear,1,12.575153504819648
#SERVANTS.LUCIUS.1_Tim,flaminius,1,12.575153504819648
#SERVANTS.LUCIUS.1_Tim,sick,1,12.575153504819648
#SERVANTS.LUCIUS.1_Tim,methinks,1,12.575153504819648
#SERVANTS.LUCIUS.1_Tim,debts,1,12.575153504819648
#SERVANTS.LUCIUS.1_Tim,way,1,12.575153504819648
#SERVANTS.LUCIUS.1_Tim,find,1,11.758320150683906
#SERVANTS.LUCIUS.1_Tim,send,1,11.758320150683906
#SERVANTS.LUCIUS.1_Tim,word,1,11.758320150683906
#SERVANTS.LUCIUS.1_Tim,health,1,11.758320150683906
#SERVANTS.LUCIUS.1_Tim,should,3,11.67158996594614
#SERVANTS.LUCIUS.1_Tim,e'en,1,11.043849783886179
#SERVANTS.LUCIUS.1_Tim,serve,1,11.043849783886179
#SERVANTS.LUCIUS.1_Tim,forth,1,10.416078415263222
#SERVANTS.LUCIUS.1_Tim,here's,1,10.416078415263222
#SERVANTS.LUCIUS.1_Tim,little,1,9.861116245172358
#SERVANTS.LUCIUS.1_Tim,many,1,9.861116245172358
#SERVANTS.LUCIUS.1_Tim,fear,1,9.367363735927942
#SERVANTS.LUCIUS.1_Tim,steward,1,9.367363735927942
#SERVANTS.LUCIUS.1_Tim,answer,1,9.367363735927942
#SERVANTS.LUCIUS.1_Tim,keep,1,8.925324082914766
#SERVANTS.LUCIUS.1_Tim,enough,1,8.52725678111152
#SERVANTS.LUCIUS.1_Tim,rich,1,8.52725678111152
#SERVANTS.LUCIUS.1_Tim,pray,1,8.52725678111152
#SERVANTS.LUCIUS.1_Tim,sir,2,8.343591247813984
#SERVANTS.LUCIUS.1_Tim,lord,5,7.7205715973114994
#SERVANTS.LUCIUS.1_Tim,like,2,7.653329413590403
#SERVANTS.LUCIUS.1_Tim,welcome,1,7.539089677089499
#SERVANTS.LUCIUS.1_Tim,put,1,7.539089677089499
#SERVANTS.LUCIUS.1_Tim,one,2,7.185802002754082
#SERVANTS.LUCIUS.1_Tim,away,1,7.010314621749934
#SERVANTS.LUCIUS.1_Tim,'em,1,6.558257074344064
#SERVANTS.LUCIUS.1_Tim,does,1,5.990161884706628
#SERVANTS.LUCIUS.1_Tim,timon's,1,5.824421100064675
#SERVANTS.LUCIUS.1_Tim,much,1,4.793018264375265
#SERVANTS.LUCIUS.1_Tim,must,1,4.793018264375265
#SERVANTS.LUCIUS.1_Tim,come,1,4.691766026833683
#SERVANTS.LUCIUS.1_Tim,may,1,4.025688546739264
#SERVANTS.LUCIUS.1_Tim,gods,1,3.956822214459506
#SERVANTS.LUCIUS.1_Tim,'tis,1,3.4874872262354764
#SERVANTS.LUCIUS.1_Tim,more,1,3.341620231190503
#SERVANTS.LUCIUS.1_Tim,now,1,3.0868938096990624
#SERVANTS.LUCIUS.1_Tim,good,1,3.011240707851603
#SERVANTS.LUCIUS.1_Tim,timon,1,2.6310897525696175
#SENATORS.X_Tim,get,3,30.380151920890093
#SENATORS.X_Tim,horse,2,24.773946842900358
#SENATORS.X_Tim,thousand,2,19.10215796532075
#SENATORS.X_Tim,hold,2,18.084406887110866
#SENATORS.X_Tim,gone,2,16.368247600141643
#SENATORS.X_Tim,sum,1,14.37580632368297
#SENATORS.X_Tim,steal,1,14.37580632368297
#SENATORS.X_Tim,dog,2,14.37580632368297
#SENATORS.X_Tim,twenty,1,14.37580632368297
#SENATORS.X_Tim,ask,1,14.37580632368297
#SENATORS.X_Tim,past,1,14.37580632368297
#SENATORS.X_Tim,sound,1,13.351835435847558
#SENATORS.X_Tim,cap,1,13.351835435847558
#SENATORS.X_Tim,times,1,13.351835435847558
#SENATORS.X_Tim,break,1,13.351835435847558
#SENATORS.X_Tim,must,3,13.184951432767718
#SENATORS.X_Tim,still,2,12.426240247396967
#SENATORS.X_Tim,cannot,2,12.426240247396967
#SENATORS.X_Tim,owes,1,12.386973421450179
#SENATORS.X_Tim,pass,1,12.386973421450179
#SENATORS.X_Tim,ho,1,12.386973421450179
#SENATORS.X_Tim,hand,1,12.386973421450179
#SENATORS.X_Tim,supply,1,12.386973421450179
#SENATORS.X_Tim,makes,1,11.530854468953775
#SENATORS.X_Tim,state,1,11.530854468953775
#SENATORS.X_Tim,commend,1,11.530854468953775
#SENATORS.X_Tim,turn,1,11.530854468953775
#SENATORS.X_Tim,days,1,11.530854468953775
#SENATORS.X_Tim,late,1,10.781854742762228
#SENATORS.X_Tim,five,1,10.781854742762228
#SENATORS.X_Tim,find,1,10.781854742762228
#SENATORS.X_Tim,left,1,10.781854742762228
#SENATORS.X_Tim,own,2,10.395786311406665
#SENATORS.X_Tim,rather,1,10.126717306963366
#SENATORS.X_Tim,serve,1,10.126717306963366
#SENATORS.X_Tim,timon,4,9.65036745515926
#SENATORS.X_Tim,right,1,9.551078982660375
#SENATORS.X_Tim,back,1,9.551078982660375
#SENATORS.X_Tim,needs,1,9.551078982660375
#SENATORS.X_Tim,words,1,9.551078982660375
#SENATORS.X_Tim,every,1,9.551078982660375
#SENATORS.X_Tim,go,2,9.189750535177609
#SENATORS.X_Tim,why,2,8.984878952301857
#SENATORS.X_Tim,master,1,8.589454431338918
#SENATORS.X_Tim,fear,1,8.589454431338918
#SENATORS.X_Tim,gold,2,8.257982280966786
#SENATORS.X_Tim,better,1,7.819113852145883
#SENATORS.X_Tim,want,1,7.488627004038197
#SENATORS.X_Tim,put,1,6.913008724831268
#SENATORS.X_Tim,tell,1,6.660670467224234
#SENATORS.X_Tim,nothing,1,5.340734174339023
#SENATORS.X_Tim,can,1,5.1978931557033325
#SENATORS.X_Tim,mine,1,5.1978931557033325
#SENATORS.X_Tim,honor,1,5.063358653481682
#SENATORS.X_Tim,take,1,4.4924394761509285
#SENATORS.X_Tim,love,1,4.302140028514633
#SENATORS.X_Tim,come,1,4.302140028514633
#SENATORS.X_Tim,most,1,4.128991140483393
#SENATORS.X_Tim,out,1,3.82535037803339
#SENATORS.X_Tim,sir,1,3.82535037803339
#SENATORS.X_Tim,one,1,3.294529848272507
#SENATORS.X_Tim,would,1,3.0641165979883582
#SENATORS.X_Tim,more,1,3.0641165979883582
#SENATORS.X_Tim,lord,2,2.8317678180744785
#SENATORS.X_Tim,now,1,2.83054383925508
#SENATORS.2_Tim,sword,2,20.54241221464831
#SENATORS.2_Tim,die,2,20.54241221464831
#SENATORS.2_Tim,means,2,17.2278958396207
#SENATORS.2_Tim,wilt,2,17.2278958396207
#SENATORS.2_Tim,griefs,1,13.694941476432206
#SENATORS.2_Tim,seldom,1,13.694941476432206
#SENATORS.2_Tim,weigh,1,13.694941476432206
#SENATORS.2_Tim,sums,1,13.694941476432206
#SENATORS.2_Tim,wrongs,1,13.694941476432206
#SENATORS.2_Tim,strain,1,13.694941476432206
#SENATORS.2_Tim,hazard,1,13.694941476432206
#SENATORS.2_Tim,throw,1,13.694941476432206
#SENATORS.2_Tim,confusion,1,13.694941476432206
#SENATORS.2_Tim,times,1,12.719467748786462
#SENATORS.2_Tim,toward,1,12.719467748786462
#SENATORS.2_Tim,lack,1,12.719467748786462
#SENATORS.2_Tim,read,1,12.719467748786462
#SENATORS.2_Tim,ears,1,12.719467748786462
#SENATORS.2_Tim,love,3,12.295148095490633
#SENATORS.2_Tim,thine,2,12.24739340899707
#SENATORS.2_Tim,hand,1,11.800303388716024
#SENATORS.2_Tim,city,1,11.800303388716024
#SENATORS.2_Tim,days,1,10.984731817472223
#SENATORS.2_Tim,itself,1,10.984731817472223
#SENATORS.2_Tim,hope,1,10.984731817472223
#SENATORS.2_Tim,dear,1,10.984731817472223
#SENATORS.2_Tim,living,1,10.984731817472223
#SENATORS.2_Tim,any,1,10.984731817472223
#SENATORS.2_Tim,full,1,10.984731817472223
#SENATORS.2_Tim,send,1,10.271206107324154
#SENATORS.2_Tim,together,1,10.271206107324154
#SENATORS.2_Tim,left,1,10.271206107324154
#SENATORS.2_Tim,death,1,10.271206107324154
#SENATORS.2_Tim,shalt,1,10.271206107324154
#SENATORS.2_Tim,else,1,10.271206107324154
#SENATORS.2_Tim,general,1,9.647097195429277
#SENATORS.2_Tim,doth,1,9.647097195429277
#SENATORS.2_Tim,dead,1,9.647097195429277
#SENATORS.2_Tim,return,1,9.647097195429277
#SENATORS.2_Tim,war,1,9.647097195429277
#SENATORS.2_Tim,hearts,1,9.647097195429277
#SENATORS.2_Tim,rather,1,9.647097195429277
#SENATORS.2_Tim,time,2,9.647097195429277
#SENATORS.2_Tim,forth,1,9.098722169679673
#SENATORS.2_Tim,even,1,9.098722169679673
#SENATORS.2_Tim,common,1,8.61394791981035
#SENATORS.2_Tim,bring,1,8.182641940430047
#SENATORS.2_Tim,fall,1,8.182641940430047
#SENATORS.2_Tim,other,1,8.182641940430047
#SENATORS.2_Tim,till,1,8.182641940430047
#SENATORS.2_Tim,wealth,1,7.796508519539622
#SENATORS.2_Tim,fortunes,1,7.448786119654999
#SENATORS.2_Tim,against,1,7.448786119654999
#SENATORS.2_Tim,first,1,7.448786119654999
#SENATORS.2_Tim,out,2,7.288349380126277
#SENATORS.2_Tim,may,2,7.0330925264096065
#SENATORS.2_Tim,down,1,6.847470738216103
#SENATORS.2_Tim,ever,1,6.3452087617626605
#SENATORS.2_Tim,nature,1,6.123696704498535
#SENATORS.2_Tim,still,1,5.918855232483057
#SENATORS.2_Tim,into,1,5.918855232483057
#SENATORS.2_Tim,did,1,5.728812385797015
#SENATORS.2_Tim,such,1,5.55196863958083
#SENATORS.2_Tim,use,1,5.386949239410086
#SENATORS.2_Tim,ay,1,5.232566093251041
#SENATORS.2_Tim,timon's,1,5.087787099514585
#SENATORS.2_Tim,great,1,5.087787099514585
#SENATORS.2_Tim,noble,1,5.087787099514585
#SENATORS.2_Tim,own,1,4.951711296418443
#SENATORS.2_Tim,can,1,4.951711296418443
#SENATORS.2_Tim,or,1,4.951711296418443
#SENATORS.2_Tim,honor,1,4.823548597714638
#SENATORS.2_Tim,timon,2,4.596654077995863
#SENATORS.2_Tim,athens,1,4.479971969207615
#SENATORS.2_Tim,who,1,4.377253453774491
#SENATORS.2_Tim,take,1,4.279669211385064
#SENATORS.2_Tim,like,1,3.342693633395462
#SENATORS.2_Tim,more,1,2.9189943535399934
#SENATORS.2_Tim,men,1,2.8404066353731934
#SENATORS.2_Tim,'t,1,2.730930586025462
#SENATORS.2_Tim,now,1,2.6964840338182143
#SENATORS.2_Tim,man,1,2.508412840154697
#SENATORS.2_Tim,lord,1,1.348825021365436
#SENATORS.1_Tim,ours,3,37.34644390655367
#SENATORS.1_Tim,foot,2,26.80706319659263
#SENATORS.1_Tim,fall,3,24.025579078561698
#SENATORS.1_Tim,those,4,21.089288909516956
#SENATORS.1_Tim,therefore,2,20.10529739744447
#SENATORS.1_Tim,senators,2,18.883639964916235
#SENATORS.1_Tim,return,2,18.883639964916235
#SENATORS.1_Tim,doth,2,18.883639964916235
#SENATORS.1_Tim,back,2,17.810227274836418
#SENATORS.1_Tim,bring,2,16.01705271904113
#SENATORS.1_Tim,power,2,16.01705271904113
#SENATORS.1_Tim,fear,2,16.01705271904113
#SENATORS.1_Tim,these,3,13.471883125265254
#SENATORS.1_Tim,athenians,1,13.403531598296315
#SENATORS.1_Tim,ourselves,1,13.403531598296315
#SENATORS.1_Tim,thought,1,13.403531598296315
#SENATORS.1_Tim,met,1,13.403531598296315
#SENATORS.1_Tim,become,1,13.403531598296315
#SENATORS.1_Tim,lips,1,13.403531598296315
#SENATORS.1_Tim,heard,1,13.403531598296315
#SENATORS.1_Tim,griefs,1,13.403531598296315
#SENATORS.1_Tim,cause,1,13.403531598296315
#SENATORS.1_Tim,ingratitude,1,13.403531598296315
#SENATORS.1_Tim,hands,1,13.403531598296315
#SENATORS.1_Tim,received,1,13.403531598296315
#SENATORS.1_Tim,spare,1,13.403531598296315
#SENATORS.1_Tim,athenian,1,13.403531598296315
#SENATORS.1_Tim,approach,1,13.403531598296315
#SENATORS.1_Tim,gentle,1,13.403531598296315
#SENATORS.1_Tim,athens,3,13.15393262952436
#SENATORS.1_Tim,like,4,13.086262490641111
#SENATORS.1_Tim,sorry,1,12.448814635517891
#SENATORS.1_Tim,drum,1,12.448814635517891
#SENATORS.1_Tim,young,1,12.448814635517891
#SENATORS.1_Tim,mere,1,12.448814635517891
#SENATORS.1_Tim,hadst,1,12.448814635517891
#SENATORS.1_Tim,loves,1,12.448814635517891
#SENATORS.1_Tim,grief,1,12.448814635517891
#SENATORS.1_Tim,faults,1,12.448814635517891
#SENATORS.1_Tim,'lt,1,12.448814635517891
#SENATORS.1_Tim,root,1,11.549208852942359
#SENATORS.1_Tim,vain,1,11.549208852942359
#SENATORS.1_Tim,pass,1,11.549208852942359
#SENATORS.1_Tim,timon,5,11.247108701939869
#SENATORS.1_Tim,promise,1,10.75099154440908
#SENATORS.1_Tim,lie,1,10.75099154440908
#SENATORS.1_Tim,thanks,1,10.75099154440908
#SENATORS.1_Tim,name,1,10.75099154440908
#SENATORS.1_Tim,above,1,10.75099154440908
#SENATORS.1_Tim,dear,1,10.75099154440908
#SENATORS.1_Tim,leave,1,10.75099154440908
#SENATORS.1_Tim,kill,1,10.75099154440908
#SENATORS.1_Tim,th',3,10.69989470755255
#SENATORS.1_Tim,shalt,1,10.052648698722235
#SENATORS.1_Tim,peace,1,10.052648698722235
#SENATORS.1_Tim,air,1,10.052648698722235
#SENATORS.1_Tim,without,1,10.052648698722235
#SENATORS.1_Tim,together,1,10.052648698722235
#SENATORS.1_Tim,send,1,10.052648698722235
#SENATORS.1_Tim,speak,2,9.95905170841431
#SENATORS.1_Tim,ere,1,9.441819982458117
#SENATORS.1_Tim,words,1,8.905113637418209
#SENATORS.1_Tim,forth,1,8.905113637418209
#SENATORS.1_Tim,who,2,8.56822281166884
#SENATORS.1_Tim,part,1,8.430654729554616
#SENATORS.1_Tim,that's,1,8.430654729554616
#SENATORS.1_Tim,wilt,1,8.430654729554616
#SENATORS.1_Tim,take,2,8.377207248935196
#SENATORS.1_Tim,please,1,8.008526359520564
#SENATORS.1_Tim,worthy,1,7.630609336876129
#SENATORS.1_Tim,alcibiades,1,7.630609336876129
#SENATORS.1_Tim,set,1,7.630609336876129
#SENATORS.1_Tim,live,1,7.290286000532584
#SENATORS.1_Tim,first,1,7.290286000532584
#SENATORS.1_Tim,against,1,7.290286000532584
#SENATORS.1_Tim,sent,1,6.701765799148157
#SENATORS.1_Tim,up,1,6.445463217595408
#SENATORS.1_Tim,again,1,6.445463217595408
#SENATORS.1_Tim,best,1,6.210191279928648
#SENATORS.1_Tim,whom,1,6.210191279928648
#SENATORS.1_Tim,before,1,6.210191279928648
#SENATORS.1_Tim,thine,1,5.993392700390883
#SENATORS.1_Tim,nature,1,5.993392700390883
#SENATORS.1_Tim,such,1,5.4338302373497
#SENATORS.1_Tim,use,1,5.272322227379239
#SENATORS.1_Tim,heart,1,5.272322227379239
#SENATORS.1_Tim,nothing,1,4.979525854207155
#SENATORS.1_Tim,noble,1,4.979525854207155
#SENATORS.1_Tim,had,1,4.979525854207155
#SENATORS.1_Tim,great,1,4.979525854207155
#SENATORS.1_Tim,or,1,4.846345560614704
#SENATORS.1_Tim,must,1,4.097739149883706
#SENATORS.1_Tim,love,1,4.0111746439916045
#SENATORS.1_Tim,o,1,3.7743282592464173
#SENATORS.1_Tim,out,1,3.566631569184184
#SENATORS.1_Tim,should,1,3.3261665549610466
#SENATORS.1_Tim,one,1,3.071711869831166
#SENATORS.1_Tim,good,1,2.5744276899590264
#SENATORS.0.1_Tim,valor,3,39.394195601335674
#SENATORS.0.1_Tim,wrongs,2,30.47951031424667
#SENATORS.0.1_Tim,words,2,20.250148326261037
#SENATORS.0.1_Tim,into,3,19.759537791832773
#SENATORS.0.1_Tim,bring,2,18.211316919486336
#SENATORS.0.1_Tim,hazard,1,15.239755157123335
#SENATORS.0.1_Tim,ill,1,15.239755157123335
#SENATORS.0.1_Tim,clear,1,15.239755157123335
#SENATORS.0.1_Tim,anger,1,15.239755157123335
#SENATORS.0.1_Tim,banish,1,15.239755157123335
#SENATORS.0.1_Tim,came,1,14.154246263411698
#SENATORS.0.1_Tim,valiant,1,14.154246263411698
#SENATORS.0.1_Tim,another,1,14.154246263411698
#SENATORS.0.1_Tim,look,2,13.628921101071153
#SENATORS.0.1_Tim,sin,1,13.131398533778558
#SENATORS.0.1_Tim,captain,1,13.131398533778558
#SENATORS.0.1_Tim,head,1,13.131398533778558
#SENATORS.0.1_Tim,indeed,1,13.131398533778558
#SENATORS.0.1_Tim,worst,1,13.131398533778558
#SENATORS.0.1_Tim,what's,1,13.131398533778558
#SENATORS.0.1_Tim,spirit,1,13.131398533778558
#SENATORS.0.1_Tim,born,1,12.223829043229415
#SENATORS.0.1_Tim,wear,1,12.223829043229415
#SENATORS.0.1_Tim,kill,1,12.223829043229415
#SENATORS.0.1_Tim,after,1,12.223829043229415
#SENATORS.0.1_Tim,die,1,11.429816367842502
#SENATORS.0.1_Tim,law,1,11.429816367842502
#SENATORS.0.1_Tim,can,2,11.02054622081355
#SENATORS.0.1_Tim,two,1,10.735306864094374
#SENATORS.0.1_Tim,'tis,3,10.170161571612613
#SENATORS.0.1_Tim,fair,1,10.125074163130519
#SENATORS.0.1_Tim,bear,1,10.125074163130519
#SENATORS.0.1_Tim,blood,1,10.125074163130519
#SENATORS.0.1_Tim,set,1,8.675968504333037
#SENATORS.0.1_Tim,life,1,8.675968504333037
#SENATORS.0.1_Tim,world,1,8.289022401203756
#SENATORS.0.1_Tim,he's,1,7.619877578561668
#SENATORS.0.1_Tim,ne'er,1,7.619877578561668
#SENATORS.0.1_Tim,cannot,1,6.586512597277592
#SENATORS.0.1_Tim,friend,1,6.375032580525266
#SENATORS.0.1_Tim,such,1,6.178240546178784
#SENATORS.0.1_Tim,heart,1,5.994606665077113
#SENATORS.0.1_Tim,nothing,1,5.6616985053646784
#SENATORS.0.1_Tim,or,1,5.510273110406775
#SENATORS.0.1_Tim,own,1,5.510273110406775
#SENATORS.0.1_Tim,athens,1,4.985320750657661
#SENATORS.0.1_Tim,much,1,4.659110987579129
#SENATORS.0.1_Tim,should,1,3.781836416594998
#SENATORS.0.1_Tim,like,1,3.7197554020868413
#SENATORS.0.1_Tim,more,1,3.2482620922133467
#SENATORS.0.1_Tim,'t,1,3.0389843982721314
#SENATORS.0.1_Tim,now,1,3.0006522138996083
#SENATORS.0.1_Tim,man,1,2.791366256126635
#SENATORS.0.1_Tim,lord,1,1.5009748753425174
#Poet_Tim,fortune,4,25.332749941059454
#Poet_Tim,late,3,25.030232628280054
#Poet_Tim,flies,2,22.249095669582275
#Poet_Tim,down,4,22.249095669582275
#Poet_Tim,natures,2,22.249095669582275
#Poet_Tim,labor,2,22.249095669582275
#Poet_Tim,even,3,22.17296879718663
#Poet_Tim,that's,3,20.991606830574298
#Poet_Tim,happy,2,20.664320128415934
#Poet_Tim,large,2,20.664320128415934
#Poet_Tim,follow,2,20.664320128415934
#Poet_Tim,grace,2,19.171025993609213
#Poet_Tim,present,3,18.999562455794592
#Poet_Tim,whose,4,18.03969467545843
#Poet_Tim,itself,2,17.846030925523518
#Poet_Tim,bounty,2,16.686821752186706
#Poet_Tim,let's,2,16.686821752186706
#Poet_Tim,free,2,15.672881027220162
#Poet_Tim,sir,5,14.801010916223332
#Poet_Tim,forth,2,14.781979198124425
#Poet_Tim,nay,2,14.781979198124425
#Poet_Tim,see,4,14.556517106915663
#Poet_Tim,hold,2,13.994404553716198
#Poet_Tim,himself,2,13.994404553716198
#Poet_Tim,power,2,13.293695608401652
#Poet_Tim,off,2,13.293695608401652
#Poet_Tim,one,5,12.747164946802513
#Poet_Tim,long,2,12.666374970529727
#Poet_Tim,life,2,12.666374970529727
#Poet_Tim,world,2,12.101457701273512
#Poet_Tim,better,2,12.101457701273512
#Poet_Tim,against,2,12.101457701273512
#Poet_Tim,glory,1,11.124547834791137
#Poet_Tim,i',1,11.124547834791137
#Poet_Tim,shows,1,11.124547834791137
#Poet_Tim,gentle,1,11.124547834791137
#Poet_Tim,bound,1,11.124547834791137
#Poet_Tim,course,1,11.124547834791137
#Poet_Tim,bosom,1,11.124547834791137
#Poet_Tim,fill,1,11.124547834791137
#Poet_Tim,hands,1,11.124547834791137
#Poet_Tim,foot,1,11.124547834791137
#Poet_Tim,thought,1,11.124547834791137
#Poet_Tim,try,1,11.124547834791137
#Poet_Tim,seek,1,11.124547834791137
#Poet_Tim,having,1,11.124547834791137
#Poet_Tim,open,1,11.124547834791137
#Poet_Tim,hearing,1,11.124547834791137
#Poet_Tim,whole,1,11.124547834791137
#Poet_Tim,ingratitude,1,11.124547834791137
#Poet_Tim,known,1,10.332160064207967
#Poet_Tim,fire,1,10.332160064207967
#Poet_Tim,excellent,1,10.332160064207967
#Poet_Tim,speaks,1,10.332160064207967
#Poet_Tim,lives,1,10.332160064207967
#Poet_Tim,sea,1,10.332160064207967
#Poet_Tim,flatterer,1,10.332160064207967
#Poet_Tim,loves,1,10.332160064207967
#Poet_Tim,high,1,10.332160064207967
#Poet_Tim,base,1,10.332160064207967
#Poet_Tim,beloved,1,10.332160064207967
#Poet_Tim,toward,1,10.332160064207967
#Poet_Tim,often,1,10.332160064207967
#Poet_Tim,heaven,1,10.332160064207967
#Poet_Tim,gave,1,10.332160064207967
#Poet_Tim,whom,2,10.308562254674777
#Poet_Tim,nature,2,9.9486890151639
#Poet_Tim,seen,1,9.585512996804606
#Poet_Tim,goes,1,9.585512996804606
#Poet_Tim,hand,1,9.585512996804606
#Poet_Tim,what's,1,9.585512996804606
#Poet_Tim,youth,1,9.585512996804606
#Poet_Tim,sin,1,9.585512996804606
#Poet_Tim,strange,1,8.923015462761759
#Poet_Tim,piece,1,8.923015462761759
#Poet_Tim,slaves,1,8.923015462761759
#Poet_Tim,after,1,8.923015462761759
#Poet_Tim,lie,1,8.923015462761759
#Poet_Tim,full,1,8.923015462761759
#Poet_Tim,estate,1,8.923015462761759
#Poet_Tim,meet,1,8.923015462761759
#Poet_Tim,any,1,8.923015462761759
#Poet_Tim,th',3,8.880606549733997
#Poet_Tim,grave,1,8.343410876093353
#Poet_Tim,things,1,8.343410876093353
#Poet_Tim,peace,1,8.343410876093353
#Poet_Tim,fellows,1,8.343410876093353
#Poet_Tim,air,1,8.343410876093353
#Poet_Tim,timon's,2,8.265728051366374
#Poet_Tim,own,2,8.044656382925039
#Poet_Tim,senators,1,7.836440513610081
#Poet_Tim,work,1,7.836440513610081
#Poet_Tim,doth,1,7.836440513610081
#Poet_Tim,hearts,1,7.836440513610081
#Poet_Tim,drink,1,7.836440513610081
#Poet_Tim,yes,1,7.836440513610081
#Poet_Tim,serve,1,7.836440513610081
#Poet_Tim,being,1,7.836440513610081
#Poet_Tim,these,2,7.454185098041783
#Poet_Tim,words,1,7.3909895990622125
#Poet_Tim,friends,2,7.111379850044458
#Poet_Tim,each,1,6.997202276858099
#Poet_Tim,must,2,6.802012567071785
#Poet_Tim,till,1,6.646847804200826
#Poet_Tim,good,3,6.4101040328357115
#Poet_Tim,o',1,6.3331874852648635
#Poet_Tim,worthy,1,6.3331874852648635
#Poet_Tim,rich,1,6.050728850636756
#Poet_Tim,kind,1,6.050728850636756
#Poet_Tim,live,1,6.050728850636756
#Poet_Tim,been,1,6.050728850636756
#Poet_Tim,enough,1,6.050728850636756
#Poet_Tim,day,1,5.562273917395569
#Poet_Tim,comes,1,5.562273917395569
#Poet_Tim,might,1,5.562273917395569
#Poet_Tim,eyes,1,5.562273917395569
#Poet_Tim,he's,1,5.562273917395569
#Poet_Tim,hear,1,5.349550105931846
#Poet_Tim,true,1,5.349550105931846
#Poet_Tim,before,1,5.154281127337389
#Poet_Tim,tell,1,5.154281127337389
#Poet_Tim,'tis,2,4.949268004395559
#Poet_Tim,lordship,1,4.8079495830102195
#Poet_Tim,cannot,1,4.8079495830102195
#Poet_Tim,now,2,4.380765799048325
#Poet_Tim,apemantus,1,4.375876640330226
#Poet_Tim,those,1,4.375876640330226
#Poet_Tim,ay,1,4.2504695549996745
#Poet_Tim,does,1,4.2504695549996745
#Poet_Tim,great,1,4.132864025683187
#Poet_Tim,timon,2,3.7339114050726536
#Poet_Tim,there,1,3.639129276728916
#Poet_Tim,athens,1,3.639129276728916
#Poet_Tim,has,1,3.555689925022229
#Poet_Tim,love,1,3.329160219718343
#Poet_Tim,come,1,3.329160219718343
#Poet_Tim,most,1,3.1951709989348687
#Poet_Tim,art,1,3.1951709989348687
#Poet_Tim,gold,1,3.1951709989348687
#Poet_Tim,o,1,3.1325844950839428
#Poet_Tim,know,1,3.0726747714115614
#Poet_Tim,out,1,2.9602021832446668
#Poet_Tim,may,1,2.856528243337142
#Poet_Tim,like,1,2.7153058876340124
#Poet_Tim,men,1,2.3072927722871275
#Poet_Tim,lord,2,2.191330061068954
#Poet_Tim,man,1,2.0376106519131323
#Painter_Tim,piece,3,30.796244759100478
#Painter_Tim,show,3,25.50872243296963
#Painter_Tim,you're,2,23.773109106105444
#Painter_Tim,said,2,23.773109106105444
#Painter_Tim,head,2,22.055160285449574
#Painter_Tim,promise,2,20.53082983940032
#Painter_Tim,great,4,19.018487284884355
#Painter_Tim,very,2,14.571934246177845
#Painter_Tim,'tis,5,14.234618842123963
#Painter_Tim,kind,2,13.922029492743276
#Painter_Tim,grows,1,12.798151005650912
#Painter_Tim,understand,1,12.798151005650912
#Painter_Tim,rest,1,12.798151005650912
#Painter_Tim,happiness,1,12.798151005650912
#Painter_Tim,eyes,2,12.798151005650912
#Painter_Tim,foot,1,12.798151005650912
#Painter_Tim,accept,1,12.798151005650912
#Painter_Tim,soldiers,1,12.798151005650912
#Painter_Tim,sum,1,12.798151005650912
#Painter_Tim,amiss,1,12.798151005650912
#Painter_Tim,having,1,12.798151005650912
#Painter_Tim,night,1,12.798151005650912
#Painter_Tim,light,1,12.798151005650912
#Painter_Tim,true,2,12.30869804054324
#Painter_Tim,touch,1,11.886554553052722
#Painter_Tim,below,1,11.886554553052722
#Painter_Tim,far,1,11.886554553052722
#Painter_Tim,gave,1,11.886554553052722
#Painter_Tim,loves,1,11.886554553052722
#Painter_Tim,just,1,11.886554553052722
#Painter_Tim,excellent,1,11.886554553052722
#Painter_Tim,quite,1,11.886554553052722
#Painter_Tim,gifts,1,11.886554553052722
#Painter_Tim,hither,1,11.886554553052722
#Painter_Tim,came,1,11.886554553052722
#Painter_Tim,both,1,11.027580142724787
#Painter_Tim,seen,1,11.027580142724787
#Painter_Tim,goes,1,11.027580142724787
#Painter_Tim,methinks,1,10.26541491970016
#Painter_Tim,above,1,10.26541491970016
#Painter_Tim,beseech,1,10.26541491970016
#Painter_Tim,place,1,10.26541491970016
#Painter_Tim,certain,1,10.26541491970016
#Painter_Tim,makes,1,10.26541491970016
#Painter_Tim,sir,3,10.21662590993768
#Painter_Tim,together,1,9.598613254238183
#Painter_Tim,else,1,9.598613254238183
#Painter_Tim,therefore,1,9.598613254238183
#Painter_Tim,air,1,9.598613254238183
#Painter_Tim,find,1,9.598613254238183
#Painter_Tim,late,1,9.598613254238183
#Painter_Tim,service,1,9.598613254238183
#Painter_Tim,nothing,2,9.509243642442177
#Painter_Tim,noble,2,9.509243642442177
#Painter_Tim,work,1,9.01537307667709
#Painter_Tim,time,2,9.01537307667709
#Painter_Tim,free,1,9.01537307667709
#Painter_Tim,these,2,8.57561025630689
#Painter_Tim,forth,1,8.502907477656544
#Painter_Tim,thousand,1,8.502907477656544
#Painter_Tim,words,1,8.502907477656544
#Painter_Tim,common,1,8.049877863462454
#Painter_Tim,come,2,7.660013844465845
#Painter_Tim,steward,1,7.646815238970879
#Painter_Tim,master,1,7.646815238970879
#Painter_Tim,lord,6,7.562996745919226
#Painter_Tim,good,3,7.374455177189104
#Painter_Tim,life,1,7.2859671230889225
#Painter_Tim,fortune,1,7.2859671230889225
#Painter_Tim,alcibiades,1,7.2859671230889225
#Painter_Tim,o',1,7.2859671230889225
#Painter_Tim,know,2,7.069870398290642
#Painter_Tim,against,1,6.961014746371638
#Painter_Tim,only,1,6.961014746371638
#Painter_Tim,th',2,6.811083939958454
#Painter_Tim,myself,1,6.6667967740207
#Painter_Tim,comes,1,6.399075502825456
#Painter_Tim,dog,1,6.399075502825456
#Painter_Tim,day,1,6.399075502825456
#Painter_Tim,none,1,6.399075502825456
#Painter_Tim,again,1,6.15434902027162
#Painter_Tim,best,1,5.929703316744201
#Painter_Tim,ever,1,5.929703316744201
#Painter_Tim,before,1,5.929703316744201
#Painter_Tim,look,1,5.722696608222125
#Painter_Tim,poor,1,5.722696608222125
#Painter_Tim,lordship,1,5.531268839393363
#Painter_Tim,cannot,1,5.531268839393363
#Painter_Tim,more,2,5.455697723942316
#Painter_Tim,friend,1,5.353670632521334
#Painter_Tim,such,1,5.1884072049722185
#Painter_Tim,use,1,5.034193825829153
#Painter_Tim,ay,1,4.889920203289682
#Painter_Tim,speak,1,4.754621821221089
#Painter_Tim,had,1,4.754621821221089
#Painter_Tim,can,1,4.627456715825301
#Painter_Tim,or,1,4.627456715825301
#Painter_Tim,see,1,4.1866084540537445
#Painter_Tim,athens,1,4.1866084540537445
#Painter_Tim,gold,1,3.6758600475749286
#Painter_Tim,most,1,3.6758600475749286
#Painter_Tim,out,1,3.405541969979227
#Painter_Tim,gods,1,3.230053754759012
#Painter_Tim,one,1,2.932975691342903
#Painter_Tim,would,1,2.727848861971158
#Painter_Tim,'t,1,2.552100137561885
#Painter_Tim,man,1,2.3441535962793285
#Painter_Tim,timon,1,2.147824914482881
#OldMan_Tim,she,2,21.745769410844783
#OldMan_Tim,noble,3,17.202767242243763
#OldMan_Tim,call,2,16.79049998847981
#OldMan_Tim,servant,1,15.43505955255679
#OldMan_Tim,fellow,1,15.43505955255679
#OldMan_Tim,night,1,15.43505955255679
#OldMan_Tim,witness,1,15.43505955255679
#OldMan_Tim,young,1,14.335639368536468
#OldMan_Tim,vain,1,13.299683379919056
#OldMan_Tim,youth,1,13.299683379919056
#OldMan_Tim,estate,1,12.380482973463582
#OldMan_Tim,itself,1,12.380482973463582
#OldMan_Tim,three,1,12.380482973463582
#OldMan_Tim,else,1,11.576294664417592
#OldMan_Tim,therefore,1,11.576294664417592
#OldMan_Tim,timon,4,10.361435944573735
#OldMan_Tim,hast,1,10.254831594779594
#OldMan_Tim,house,1,10.254831594779594
#OldMan_Tim,fair,1,10.254831594779594
#OldMan_Tim,prithee,1,10.254831594779594
#OldMan_Tim,bear,1,10.254831594779594
#OldMan_Tim,forth,1,10.254831594779594
#OldMan_Tim,most,2,8.866455586612705
#OldMan_Tim,o',1,8.787154987716034
#OldMan_Tim,talents,1,8.787154987716034
#OldMan_Tim,present,1,8.787154987716034
#OldMan_Tim,man,3,8.481416653765617
#OldMan_Tim,first,1,8.395249994239904
#OldMan_Tim,been,1,8.395249994239904
#OldMan_Tim,only,1,8.395249994239904
#OldMan_Tim,world,1,8.395249994239904
#OldMan_Tim,myself,1,8.04041186780554
#OldMan_Tim,hear,1,7.422380279242584
#OldMan_Tim,before,1,7.15144896966195
#OldMan_Tim,whom,1,7.15144896966195
#OldMan_Tim,best,1,7.15144896966195
#OldMan_Tim,one,2,7.074561699122048
#OldMan_Tim,thine,1,6.901790962625918
#OldMan_Tim,lord,4,6.080842204862927
#OldMan_Tim,speak,1,5.734255747414587
#OldMan_Tim,own,1,5.580889767131617
#OldMan_Tim,mine,1,5.580889767131617
#OldMan_Tim,honor,1,5.436442352711195
#OldMan_Tim,must,1,4.718819614476667
#OldMan_Tim,love,1,4.619134819183456
#OldMan_Tim,th',1,4.107213853950577
#OldMan_Tim,may,1,3.9633685974704624
#OldMan_Tim,gods,1,3.8955683551984577
#OldMan_Tim,more,1,3.2898900486725156
#Fool_Tim,sometime,4,63.600946928222584
#Fool_Tim,spirit,2,27.40101046996863
#Fool_Tim,master's,2,25.507204486638592
#Fool_Tim,fool,3,20.615903954289394
#Fool_Tim,like,5,19.40483651762547
#Fool_Tim,servant,1,15.900236732055646
#Fool_Tim,mistress,1,15.900236732055646
#Fool_Tim,approach,1,15.900236732055646
#Fool_Tim,'s,1,15.900236732055646
#Fool_Tim,often,1,14.76768255340801
#Fool_Tim,wise,1,14.76768255340801
#Fool_Tim,always,1,14.76768255340801
#Fool_Tim,follow,1,14.76768255340801
#Fool_Tim,away,2,14.219590123024314
#Fool_Tim,gentlemen,1,13.700505234984314
#Fool_Tim,borrow,1,13.700505234984314
#Fool_Tim,masters,1,13.700505234984314
#Fool_Tim,goes,1,13.700505234984314
#Fool_Tim,water,1,12.753602243319296
#Fool_Tim,leave,1,12.753602243319296
#Fool_Tim,three,1,12.753602243319296
#Fool_Tim,e'en,1,11.2005684323988
#Fool_Tim,two,1,11.2005684323988
#Fool_Tim,house,1,10.563888623115137
#Fool_Tim,go,2,10.164244406739089
#Fool_Tim,much,2,9.72206795970773
#Fool_Tim,very,1,9.051979620176098
#Fool_Tim,could,1,8.282731380855642
#Fool_Tim,comes,1,7.950118366027823
#Fool_Tim,down,1,7.950118366027823
#Fool_Tim,up,1,7.646073742277787
#Fool_Tim,think,1,7.366977186427804
#Fool_Tim,one,2,7.287772710468168
#Fool_Tim,look,1,7.109795061512157
#Fool_Tim,men,2,6.5955941462703205
#Fool_Tim,such,1,6.44600167515883
#Fool_Tim,man,2,5.8246846908875405
#Fool_Tim,see,1,5.201381472564864
#Fool_Tim,there,1,5.201381472564864
#Fool_Tim,has,1,5.082122203369544
#Fool_Tim,come,1,4.758344914200991
#Fool_Tim,'tis,1,3.53697669734347
#Fool_Tim,would,1,3.3890397648425012
#Fool_Tim,more,1,3.3890397648425012
#Fool_Tim,'t,1,3.17069210491644
#Fool_Tim,good,1,3.053971964009148
#Fool_Tim,lord,1,1.566026199289587
#Flavius_Tim,fie,4,29.391163066647735
#Flavius_Tim,suspect,3,25.582621365496927
#Flavius_Tim,mind,4,25.58262136549692
#Flavius_Tim,word,4,25.58262136549692
#Flavius_Tim,present,5,24.27357646026916
#Flavius_Tim,serve,4,24.028145501902515
#Flavius_Tim,grief,3,23.760402915765198
#Flavius_Tim,poor,6,22.878551824106125
#Flavius_Tim,still,6,22.113250004081372
#Flavius_Tim,flow,3,22.043372299985805
#Flavius_Tim,near,3,20.51985657416109
#Flavius_Tim,debts,3,20.51985657416109
#Flavius_Tim,gone,4,19.41886116821533
#Flavius_Tim,wealth,4,19.41886116821533
#Flavius_Tim,lord,23,19.317328153452525
#Flavius_Tim,bounty,3,19.186966024122693
#Flavius_Tim,care,3,19.186966024122693
#Flavius_Tim,fellows,3,19.186966024122693
#Flavius_Tim,kind,4,18.55278464286871
#Flavius_Tim,only,4,18.55278464286871
#Flavius_Tim,would,10,18.175939255417084
#Flavius_Tim,could,4,17.768622724244175
#Flavius_Tim,bless,2,17.05508091033128
#Flavius_Tim,made,4,17.05508091033128
#Flavius_Tim,looks,2,17.05508091033128
#Flavius_Tim,'twere,2,17.05508091033128
#Flavius_Tim,glory,2,17.05508091033128
#Flavius_Tim,undone,2,17.05508091033128
#Flavius_Tim,alas,2,17.05508091033128
#Flavius_Tim,o,7,16.809014609345823
#Flavius_Tim,many,3,16.09115077080475
#Flavius_Tim,out,7,15.884034995022107
#Flavius_Tim,wretched,2,15.840268610510133
#Flavius_Tim,speak,5,15.840268610510133
#Flavius_Tim,times,2,15.840268610510133
#Flavius_Tim,half,2,15.840268610510133
#Flavius_Tim,praise,2,15.840268610510133
#Flavius_Tim,steward,3,15.285456377575724
#Flavius_Tim,master,3,15.285456377575724
#Flavius_Tim,enemies,2,14.695581533323868
#Flavius_Tim,head,2,14.695581533323868
#Flavius_Tim,vain,2,14.695581533323868
#Flavius_Tim,set,3,14.564145876161497
#Flavius_Tim,been,3,13.914588482151531
#Flavius_Tim,rich,3,13.914588482151531
#Flavius_Tim,state,2,13.67990438277406
#Flavius_Tim,after,2,13.67990438277406
#Flavius_Tim,estate,2,13.67990438277406
#Flavius_Tim,yours,2,13.67990438277406
#Flavius_Tim,certain,2,13.67990438277406
#Flavius_Tim,believe,2,13.67990438277406
#Flavius_Tim,meet,2,13.67990438277406
#Flavius_Tim,wish,2,13.67990438277406
#Flavius_Tim,who,5,13.628099825695623
#Flavius_Tim,eyes,3,12.791310682748463
#Flavius_Tim,comes,3,12.791310682748463
#Flavius_Tim,late,2,12.79131068274846
#Flavius_Tim,false,2,12.79131068274846
#Flavius_Tim,let's,2,12.79131068274846
#Flavius_Tim,great,4,12.672214888408107
#Flavius_Tim,or,4,12.333289185697092
#Flavius_Tim,put,3,12.302119319205378
#Flavius_Tim,hear,3,12.302119319205378
#Flavius_Tim,most,5,12.246317944436559
#Flavius_Tim,pity,2,12.014072750951257
#Flavius_Tim,being,2,12.014072750951257
#Flavius_Tim,return,2,12.014072750951257
#Flavius_Tim,before,3,11.853068048268653
#Flavius_Tim,know,5,11.776819520175527
#Flavius_Tim,good,7,11.465243529153373
#Flavius_Tim,show,2,11.331150487321324
#Flavius_Tim,breath,2,11.331150487321324
#Flavius_Tim,i'll,5,10.948382135676287
#Flavius_Tim,has,4,10.9024798605565
#Flavius_Tim,friends,4,10.9024798605565
#Flavius_Tim,gods,5,10.761091213060839
#Flavius_Tim,means,2,10.72743384720317
#Flavius_Tim,himself,2,10.72743384720317
#Flavius_Tim,did,3,10.701618432764219
#Flavius_Tim,power,2,10.190304251717148
#Flavius_Tim,till,2,10.190304251717148
#Flavius_Tim,heart,3,10.063006325667235
#Flavius_Tim,does,3,9.774613302579272
#Flavius_Tim,worthy,2,9.709430584107665
#Flavius_Tim,life,2,9.709430584107665
#Flavius_Tim,timon's,3,9.504161166306082
#Flavius_Tim,noble,3,9.504161166306082
#Flavius_Tim,pray,2,9.276392321434354
#Flavius_Tim,fortunes,2,9.276392321434354
#Flavius_Tim,stay,2,9.276392321434354
#Flavius_Tim,mine,3,9.24996688927282
#Flavius_Tim,honest,3,9.24996688927282
#Flavius_Tim,th',4,9.07659142572692
#Flavius_Tim,want,2,8.884311362122087
#Flavius_Tim,timon,6,8.586707802140323
#Flavius_Tim,jewels,1,8.52754045516564
#Flavius_Tim,'s,1,8.52754045516564
#Flavius_Tim,i',1,8.52754045516564
#Flavius_Tim,faith,1,8.52754045516564
#Flavius_Tim,spent,1,8.52754045516564
#Flavius_Tim,ne'er,2,8.52754045516564
#Flavius_Tim,empty,1,8.52754045516564
#Flavius_Tim,yield,1,8.52754045516564
#Flavius_Tim,fly,1,8.52754045516564
#Flavius_Tim,business,1,8.52754045516564
#Flavius_Tim,dinner,1,8.52754045516564
#Flavius_Tim,understand,1,8.52754045516564
#Flavius_Tim,draw,1,8.52754045516564
#Flavius_Tim,throw,1,8.52754045516564
#Flavius_Tim,manners,1,8.52754045516564
#Flavius_Tim,close,1,8.52754045516564
#Flavius_Tim,seldom,1,8.52754045516564
#Flavius_Tim,having,1,8.52754045516564
#Flavius_Tim,night,1,8.52754045516564
#Flavius_Tim,whereof,1,8.52754045516564
#Flavius_Tim,flies,1,8.52754045516564
#Flavius_Tim,knew,1,8.52754045516564
#Flavius_Tim,amiss,1,8.52754045516564
#Flavius_Tim,catch,1,8.52754045516564
#Flavius_Tim,thought,1,8.52754045516564
#Flavius_Tim,ask,1,8.52754045516564
#Flavius_Tim,sums,1,8.52754045516564
#Flavius_Tim,wrong,1,8.52754045516564
#Flavius_Tim,table,1,8.52754045516564
#Flavius_Tim,hands,1,8.52754045516564
#Flavius_Tim,contempt,1,8.52754045516564
#Flavius_Tim,servant,1,8.52754045516564
#Flavius_Tim,witness,1,8.52754045516564
#Flavius_Tim,accept,1,8.52754045516564
#Flavius_Tim,honored,1,8.52754045516564
#Flavius_Tim,athenians,1,8.52754045516564
#Flavius_Tim,trouble,1,8.52754045516564
#Flavius_Tim,further,1,8.52754045516564
#Flavius_Tim,should,4,8.464640725479999
#Flavius_Tim,gifts,1,7.920134305255067
#Flavius_Tim,speaks,1,7.920134305255067
#Flavius_Tim,feed,1,7.920134305255067
#Flavius_Tim,wine,1,7.920134305255067
#Flavius_Tim,said,1,7.920134305255067
#Flavius_Tim,sorry,1,7.920134305255067
#Flavius_Tim,base,1,7.920134305255067
#Flavius_Tim,misery,1,7.920134305255067
#Flavius_Tim,low,1,7.920134305255067
#Flavius_Tim,follow,1,7.920134305255067
#Flavius_Tim,grant,1,7.920134305255067
#Flavius_Tim,forgot,1,7.920134305255067
#Flavius_Tim,heaven,1,7.920134305255067
#Flavius_Tim,i'd,1,7.920134305255067
#Flavius_Tim,ever,2,7.9020453655124365
#Flavius_Tim,much,3,7.821140895387067
#Flavius_Tim,love,3,7.655919739926038
#Flavius_Tim,'tis,4,7.587739071775487
#Flavius_Tim,into,2,7.37108333469379
#Flavius_Tim,debt,1,7.347790766661934
#Flavius_Tim,owes,1,7.347790766661934
#Flavius_Tim,gentlemen,1,7.347790766661934
#Flavius_Tim,hand,1,7.347790766661934
#Flavius_Tim,goes,1,7.347790766661934
#Flavius_Tim,lucius,1,7.347790766661934
#Flavius_Tim,sure,1,7.347790766661934
#Flavius_Tim,masters,1,7.347790766661934
#Flavius_Tim,pass,1,7.347790766661934
#Flavius_Tim,soul,1,7.347790766661934
#Flavius_Tim,seen,1,7.347790766661934
#Flavius_Tim,worst,1,7.347790766661934
#Flavius_Tim,sin,1,7.347790766661934
#Flavius_Tim,supply,1,7.347790766661934
#Flavius_Tim,senate,1,7.347790766661934
#Flavius_Tim,more,4,7.270375702166834
#Flavius_Tim,friend,2,7.13441228850948
#Flavius_Tim,beseech,1,6.83995219138703
#Flavius_Tim,beggar,1,6.83995219138703
#Flavius_Tim,pay,1,6.83995219138703
#Flavius_Tim,slaves,1,6.83995219138703
#Flavius_Tim,lucullus,1,6.83995219138703
#Flavius_Tim,way,1,6.83995219138703
#Flavius_Tim,name,1,6.83995219138703
#Flavius_Tim,itself,1,6.83995219138703
#Flavius_Tim,lord's,1,6.83995219138703
#Flavius_Tim,yourselves,1,6.83995219138703
#Flavius_Tim,dear,1,6.83995219138703
#Flavius_Tim,master's,1,6.83995219138703
#Flavius_Tim,days,1,6.83995219138703
#Flavius_Tim,friendship,1,6.83995219138703
#Flavius_Tim,strange,1,6.83995219138703
#Flavius_Tim,man's,1,6.83995219138703
#Flavius_Tim,makes,1,6.83995219138703
#Flavius_Tim,full,1,6.83995219138703
#Flavius_Tim,earth,1,6.83995219138703
#Flavius_Tim,wear,1,6.83995219138703
#Flavius_Tim,doubt,1,6.83995219138703
#Flavius_Tim,living,1,6.83995219138703
#Flavius_Tim,any,1,6.83995219138703
#Flavius_Tim,hope,1,6.83995219138703
#Flavius_Tim,now,4,6.7161664691052145
#Flavius_Tim,those,2,6.708670883778156
#Flavius_Tim,may,3,6.569029281405773
#Flavius_Tim,else,1,6.39565534137423
#Flavius_Tim,things,1,6.39565534137423
#Flavius_Tim,though,1,6.39565534137423
#Flavius_Tim,sword,1,6.39565534137423
#Flavius_Tim,knaves,1,6.39565534137423
#Flavius_Tim,left,1,6.39565534137423
#Flavius_Tim,peace,1,6.39565534137423
#Flavius_Tim,find,1,6.39565534137423
#Flavius_Tim,had,2,6.336107444204053
#Flavius_Tim,man,4,6.24773519755085
#Flavius_Tim,can,2,6.166644592848546
#Flavius_Tim,yes,1,6.007036375475629
#Flavius_Tim,e'en,1,6.007036375475629
#Flavius_Tim,bid,1,6.007036375475629
#Flavius_Tim,general,1,6.007036375475629
#Flavius_Tim,free,1,6.007036375475629
#Flavius_Tim,rather,1,6.007036375475629
#Flavius_Tim,two,1,6.007036375475629
#Flavius_Tim,honor,2,6.007036375475627
#Flavius_Tim,time,2,6.007036375475627
#Flavius_Tim,one,3,5.862816164046025
#Flavius_Tim,these,2,5.714017857431202
#Flavius_Tim,done,1,5.665575243660662
#Flavius_Tim,every,1,5.665575243660662
#Flavius_Tim,house,1,5.665575243660662
#Flavius_Tim,nay,1,5.665575243660662
#Flavius_Tim,blood,1,5.665575243660662
#Flavius_Tim,hold,1,5.363716923601585
#Flavius_Tim,each,1,5.363716923601585
#Flavius_Tim,part,1,5.363716923601585
#Flavius_Tim,feast,1,5.363716923601585
#Flavius_Tim,take,2,5.329712784478526
#Flavius_Tim,please,1,5.095152125858574
#Flavius_Tim,off,1,5.095152125858574
#Flavius_Tim,answer,1,5.095152125858574
#Flavius_Tim,fall,1,5.095152125858574
#Flavius_Tim,honorable,1,5.095152125858574
#Flavius_Tim,other,1,5.095152125858574
#Flavius_Tim,eat,1,5.095152125858574
#Flavius_Tim,bring,1,5.095152125858574
#Flavius_Tim,meat,1,4.854715292053832
#Flavius_Tim,world,1,4.638196160717177
#Flavius_Tim,call,1,4.638196160717177
#Flavius_Tim,enough,1,4.638196160717177
#Flavius_Tim,better,1,4.638196160717177
#Flavius_Tim,live,1,4.638196160717177
#Flavius_Tim,might,1,4.26377022758282
#Flavius_Tim,down,1,4.26377022758282
#Flavius_Tim,there's,1,4.26377022758282
#Flavius_Tim,he's,1,4.26377022758282
#Flavius_Tim,like,2,4.162844395802488
#Flavius_Tim,money,1,4.100706439735125
#Flavius_Tim,up,1,4.100706439735125
#Flavius_Tim,again,1,4.100706439735125
#Flavius_Tim,tell,1,3.9510226827562183
#Flavius_Tim,think,1,3.9510226827562183
#Flavius_Tim,best,1,3.9510226827562183
#Flavius_Tim,never,1,3.8130919706843533
#Flavius_Tim,nature,1,3.8130919706843533
#Flavius_Tim,look,1,3.8130919706843533
#Flavius_Tim,lordship,1,3.685541667346895
#Flavius_Tim,cannot,1,3.685541667346895
#Flavius_Tim,such,1,3.457089412270396
#Flavius_Tim,whose,1,3.457089412270396
#Flavius_Tim,'t,2,3.4009814635072595
#Flavius_Tim,use,1,3.354335441889078
#Flavius_Tim,ay,1,3.2582044341930905
#Flavius_Tim,nothing,1,3.1680537221020266
#Flavius_Tim,own,1,3.083322296424273
#Flavius_Tim,there,1,2.789580537541565
#Flavius_Tim,go,1,2.725619965139125
#Flavius_Tim,why,1,2.664856392239263
#Flavius_Tim,must,1,2.607046965129023
#Flavius_Tim,come,1,2.5519732466420124
#Flavius_Tim,gold,1,2.4492635888873115
#Flavius_Tim,sir,1,2.26914785643173
#Flavius_Tim,men,1,1.768659072691126
#FRIENDS.Sempronius_Tim,i'd,2,28.51762581927227
#FRIENDS.Sempronius_Tim,ventidius,2,26.45681747378152
#FRIENDS.Sempronius_Tim,first,3,25.05077644326473
#FRIENDS.Sempronius_Tim,lucullus,2,24.628268877494094
#FRIENDS.Sempronius_Tim,last,2,24.628268877494094
#FRIENDS.Sempronius_Tim,might,3,23.028511748004572
#FRIENDS.Sempronius_Tim,denied,2,21.62923115140969
#FRIENDS.Sempronius_Tim,trouble,1,15.35234116533638
#FRIENDS.Sempronius_Tim,shows,1,15.35234116533638
#FRIENDS.Sempronius_Tim,angry,1,15.35234116533638
#FRIENDS.Sempronius_Tim,received,1,15.35234116533638
#FRIENDS.Sempronius_Tim,rest,1,15.35234116533638
#FRIENDS.Sempronius_Tim,thought,1,15.35234116533638
#FRIENDS.Sempronius_Tim,sum,1,15.35234116533638
#FRIENDS.Sempronius_Tim,known,1,14.258812909636134
#FRIENDS.Sempronius_Tim,gift,1,14.258812909636134
#FRIENDS.Sempronius_Tim,must,3,14.080592635055918
#FRIENDS.Sempronius_Tim,lucius,1,13.22840873689076
#FRIENDS.Sempronius_Tim,owes,1,13.22840873689076
#FRIENDS.Sempronius_Tim,thrive,1,13.22840873689076
#FRIENDS.Sempronius_Tim,worth,1,13.22840873689076
#FRIENDS.Sempronius_Tim,three,1,12.314134438747047
#FRIENDS.Sempronius_Tim,place,1,12.314134438747047
#FRIENDS.Sempronius_Tim,does,2,11.731651423557508
#FRIENDS.Sempronius_Tim,send,1,11.514255874002286
#FRIENDS.Sempronius_Tim,or,2,11.101962181538404
#FRIENDS.Sempronius_Tim,rather,1,10.814615575704845
#FRIENDS.Sempronius_Tim,return,1,10.814615575704845
#FRIENDS.Sempronius_Tim,needs,1,10.199874687885345
#FRIENDS.Sempronius_Tim,has,2,9.814001542852909
#FRIENDS.Sempronius_Tim,little,1,9.656431717722118
#FRIENDS.Sempronius_Tim,'t,3,9.184306072647228
#FRIENDS.Sempronius_Tim,lords,1,9.172927896001443
#FRIENDS.Sempronius_Tim,answer,1,9.172927896001443
#FRIENDS.Sempronius_Tim,now,3,9.0684599650099
#FRIENDS.Sempronius_Tim,th',2,8.170405577009948
#FRIENDS.Sempronius_Tim,sent,1,7.67617058266819
#FRIENDS.Sempronius_Tim,whom,1,7.113123472889797
#FRIENDS.Sempronius_Tim,think,1,7.113123472889797
#FRIENDS.Sempronius_Tim,fool,1,6.63517146047631
#FRIENDS.Sempronius_Tim,such,1,6.223883237528003
#FRIENDS.Sempronius_Tim,had,1,5.703525163854453
#FRIENDS.Sempronius_Tim,mine,1,5.550981090769202
#FRIENDS.Sempronius_Tim,honor,1,5.407307787852423
#FRIENDS.Sempronius_Tim,these,1,5.143543559442678
#FRIENDS.Sempronius_Tim,see,1,5.022150565650842
#FRIENDS.Sempronius_Tim,friends,1,4.907000771426454
#FRIENDS.Sempronius_Tim,who,1,4.907000771426454
#FRIENDS.Sempronius_Tim,take,1,4.797606614167619
#FRIENDS.Sempronius_Tim,much,1,4.693530878351973
#FRIENDS.Sempronius_Tim,love,1,4.594380306167457
#FRIENDS.Sempronius_Tim,know,1,4.240419663017965
#FRIENDS.Sempronius_Tim,i'll,1,3.9421284164898545
#FRIENDS.Sempronius_Tim,may,1,3.9421284164898545
#FRIENDS.Sempronius_Tim,like,1,3.7472356606560946
#FRIENDS.Sempronius_Tim,good,1,2.9487371974982715
#FRIENDS.Sempronius_Tim,man,1,2.8119878987316342
#FRIENDS.Sempronius_Tim,lord,1,1.5120635554361668
#FRIENDS.Lucullus_Tim,flaminius,5,57.60489624237273
#FRIENDS.Lucullus_Tim,la,4,57.453978551606184
#FRIENDS.Lucullus_Tim,gentleman,3,30.354133840511142
#FRIENDS.Lucullus_Tim,ha',2,28.726989275803092
#FRIENDS.Lucullus_Tim,always,2,26.680801392406064
#FRIENDS.Lucullus_Tim,wise,2,26.680801392406064
#FRIENDS.Lucullus_Tim,told,2,24.752730012189936
#FRIENDS.Lucullus_Tim,get,2,20.236089227007426
#FRIENDS.Lucullus_Tim,time,4,20.236089227007422
#FRIENDS.Lucullus_Tim,right,2,19.085798551363656
#FRIENDS.Lucullus_Tim,here's,2,19.085798551363656
#FRIENDS.Lucullus_Tim,master,2,17.16419655206215
#FRIENDS.Lucullus_Tim,very,2,16.35422955366077
#FRIENDS.Lucullus_Tim,fill,1,14.363494637901546
#FRIENDS.Lucullus_Tim,alas,1,14.363494637901546
#FRIENDS.Lucullus_Tim,counsel,1,14.363494637901546
#FRIENDS.Lucullus_Tim,parts,1,14.363494637901546
#FRIENDS.Lucullus_Tim,draw,1,14.363494637901546
#FRIENDS.Lucullus_Tim,know'st,1,14.363494637901546
#FRIENDS.Lucullus_Tim,good,5,13.794043028589524
#FRIENDS.Lucullus_Tim,gift,1,13.340400696203032
#FRIENDS.Lucullus_Tim,wine,1,13.340400696203032
#FRIENDS.Lucullus_Tim,under,1,13.340400696203032
#FRIENDS.Lucullus_Tim,often,1,13.340400696203032
#FRIENDS.Lucullus_Tim,canst,1,13.340400696203032
#FRIENDS.Lucullus_Tim,lend,1,13.340400696203032
#FRIENDS.Lucullus_Tim,ha,1,13.340400696203032
#FRIENDS.Lucullus_Tim,less,1,12.376365006094968
#FRIENDS.Lucullus_Tim,spirit,1,12.376365006094968
#FRIENDS.Lucullus_Tim,lord's,1,11.520979248474546
#FRIENDS.Lucullus_Tim,friendship,1,11.520979248474546
#FRIENDS.Lucullus_Tim,three,1,11.520979248474546
#FRIENDS.Lucullus_Tim,use,2,11.2998535478331
#FRIENDS.Lucullus_Tim,health,1,10.77262097842616
#FRIENDS.Lucullus_Tim,without,1,10.77262097842616
#FRIENDS.Lucullus_Tim,honest,2,10.386883182661393
#FRIENDS.Lucullus_Tim,fare,1,10.118044613503713
#FRIENDS.Lucullus_Tim,hast,1,9.542899275681828
#FRIENDS.Lucullus_Tim,house,1,9.542899275681828
#FRIENDS.Lucullus_Tim,every,1,9.542899275681828
#FRIENDS.Lucullus_Tim,many,1,9.0344595462698
#FRIENDS.Lucullus_Tim,'t,3,8.592743582664164
#FRIENDS.Lucullus_Tim,honorable,1,8.582098276031076
#FRIENDS.Lucullus_Tim,art,2,8.25091000406331
#FRIENDS.Lucullus_Tim,keep,1,8.177114776830384
#FRIENDS.Lucullus_Tim,gone,1,8.177114776830384
#FRIENDS.Lucullus_Tim,enough,1,7.812417429651779
#FRIENDS.Lucullus_Tim,sir,2,7.644148565421222
#FRIENDS.Lucullus_Tim,could,1,7.482213616118791
#FRIENDS.Lucullus_Tim,ne'er,1,7.181747318950773
#FRIENDS.Lucullus_Tim,welcome,1,6.907088306226009
#FRIENDS.Lucullus_Tim,again,1,6.907088306226009
#FRIENDS.Lucullus_Tim,money,1,6.907088306226009
#FRIENDS.Lucullus_Tim,one,2,6.583416713414025
#FRIENDS.Lucullus_Tim,fool,1,6.207799101631068
#FRIENDS.Lucullus_Tim,would,2,6.122984872522341
#FRIENDS.Lucullus_Tim,does,1,5.488007024507333
#FRIENDS.Lucullus_Tim,timon's,1,5.336160278481214
#FRIENDS.Lucullus_Tim,nothing,1,5.336160278481214
#FRIENDS.Lucullus_Tim,noble,1,5.336160278481214
#FRIENDS.Lucullus_Tim,athens,1,4.698673117252833
#FRIENDS.Lucullus_Tim,there,1,4.698673117252833
#FRIENDS.Lucullus_Tim,see,1,4.698673117252833
#FRIENDS.Lucullus_Tim,has,1,4.590940138022806
#FRIENDS.Lucullus_Tim,why,1,4.488592074344234
#FRIENDS.Lucullus_Tim,take,1,4.488592074344234
#FRIENDS.Lucullus_Tim,come,1,4.298455602401331
#FRIENDS.Lucullus_Tim,lord,3,4.244013965709287
#FRIENDS.Lucullus_Tim,'tis,1,3.1951314111099776
#FRIENDS.Lucullus_Tim,men,1,2.9790682601201985
#FRIENDS.Lucullus_Tim,now,1,2.8281197132231344
#FRIENDS.Lucullus_Tim,man,1,2.630867349174812
#FRIENDS.Lucius_Tim,servilius,5,51.09270584872445
#FRIENDS.Lucius_Tim,honorable,5,40.70342989512304
#FRIENDS.Lucius_Tim,denied,3,28.792897006437244
#FRIENDS.Lucius_Tim,very,3,23.26959729599011
#FRIENDS.Lucius_Tim,commend,2,21.856816646957395
#FRIENDS.Lucius_Tim,myself,3,21.292118611687883
#FRIENDS.Lucius_Tim,sent,3,20.437082339489777
#FRIENDS.Lucius_Tim,gentleman,2,19.195264670958164
#FRIENDS.Lucius_Tim,before,3,18.93802235643857
#FRIENDS.Lucius_Tim,cannot,3,17.665520068113445
#FRIENDS.Lucius_Tim,little,2,17.139560930406024
#FRIENDS.Lucius_Tim,part,2,17.139560930406024
#FRIENDS.Lucius_Tim,beast,2,17.139560930406024
#FRIENDS.Lucius_Tim,talents,2,15.513064863993407
#FRIENDS.Lucius_Tim,honor,3,14.396448503218622
#FRIENDS.Lucius_Tim,want,2,14.194745741125255
#FRIENDS.Lucius_Tim,received,1,13.624721559659854
#FRIENDS.Lucius_Tim,jewels,1,13.624721559659854
#FRIENDS.Lucius_Tim,met,1,13.624721559659854
#FRIENDS.Lucius_Tim,ha',1,13.624721559659854
#FRIENDS.Lucius_Tim,witness,1,13.624721559659854
#FRIENDS.Lucius_Tim,because,1,13.624721559659854
#FRIENDS.Lucius_Tim,money,2,13.103657199409888
#FRIENDS.Lucius_Tim,good,5,13.08455916783471
#FRIENDS.Lucius_Tim,you're,1,12.65424950975671
#FRIENDS.Lucius_Tim,beloved,1,12.65424950975671
#FRIENDS.Lucius_Tim,occasion,1,12.65424950975671
#FRIENDS.Lucius_Tim,ha,1,12.65424950975671
#FRIENDS.Lucius_Tim,far,1,12.65424950975671
#FRIENDS.Lucius_Tim,said,1,12.65424950975671
#FRIENDS.Lucius_Tim,lordship,2,11.777013378742296
#FRIENDS.Lucius_Tim,fie,1,11.739798104829262
#FRIENDS.Lucius_Tim,fifty,1,11.739798104829262
#FRIENDS.Lucius_Tim,thank,1,11.739798104829262
#FRIENDS.Lucius_Tim,gentlemen,1,11.739798104829262
#FRIENDS.Lucius_Tim,indeed,1,11.739798104829262
#FRIENDS.Lucius_Tim,friend,2,11.398876549905406
#FRIENDS.Lucius_Tim,such,2,11.04700256695935
#FRIENDS.Lucius_Tim,believe,1,10.928408323478697
#FRIENDS.Lucius_Tim,strange,1,10.928408323478697
#FRIENDS.Lucius_Tim,hope,1,10.928408323478697
#FRIENDS.Lucius_Tim,turn,1,10.928408323478697
#FRIENDS.Lucius_Tim,now,4,10.730631953138587
#FRIENDS.Lucius_Tim,use,2,10.7186560189821
#FRIENDS.Lucius_Tim,once,1,10.21854116974489
#FRIENDS.Lucius_Tim,had,2,10.123399607805368
#FRIENDS.Lucius_Tim,own,2,9.852643441175143
#FRIENDS.Lucius_Tim,fare,1,9.597632335479082
#FRIENDS.Lucius_Tim,needs,1,9.052069066810326
#FRIENDS.Lucius_Tim,done,1,9.052069066810326
#FRIENDS.Lucius_Tim,words,1,9.052069066810326
#FRIENDS.Lucius_Tim,has,2,8.709618745924562
#FRIENDS.Lucius_Tim,that's,1,8.569780465203012
#FRIENDS.Lucius_Tim,'t,3,8.15078375414476
#FRIENDS.Lucius_Tim,power,1,8.140685979024607
#FRIENDS.Lucius_Tim,wealth,1,7.756532431996703
#FRIENDS.Lucius_Tim,against,1,7.410592955976471
#FRIENDS.Lucius_Tim,kind,1,7.410592955976471
#FRIENDS.Lucius_Tim,gods,2,6.87733454807554
#FRIENDS.Lucius_Tim,timon,3,6.859627552247611
#FRIENDS.Lucius_Tim,ne'er,1,6.812360779829927
#FRIENDS.Lucius_Tim,he's,1,6.812360779829927
#FRIENDS.Lucius_Tim,might,1,6.812360779829927
#FRIENDS.Lucius_Tim,day,1,6.812360779829927
#FRIENDS.Lucius_Tim,should,2,6.762112334357843
#FRIENDS.Lucius_Tim,lord,5,6.709545046407155
#FRIENDS.Lucius_Tim,true,1,6.551828599704944
#FRIENDS.Lucius_Tim,ever,1,6.312674118812858
#FRIENDS.Lucius_Tim,tell,1,6.312674118812858
#FRIENDS.Lucius_Tim,look,1,6.092297850135483
#FRIENDS.Lucius_Tim,dost,1,5.35932800949105
#FRIENDS.Lucius_Tim,nothing,1,5.061699803902684
#FRIENDS.Lucius_Tim,speak,1,5.061699803902684
#FRIENDS.Lucius_Tim,great,1,5.061699803902684
#FRIENDS.Lucius_Tim,can,1,4.926321720587572
#FRIENDS.Lucius_Tim,mine,1,4.926321720587572
#FRIENDS.Lucius_Tim,time,1,4.798816167739541
#FRIENDS.Lucius_Tim,these,1,4.564733682809135
#FRIENDS.Lucius_Tim,see,1,4.4570012059253035
#FRIENDS.Lucius_Tim,there,1,4.4570012059253035
#FRIENDS.Lucius_Tim,athens,1,4.4570012059253035
#FRIENDS.Lucius_Tim,who,1,4.354809372962281
#FRIENDS.Lucius_Tim,must,1,4.165361534148152
#FRIENDS.Lucius_Tim,much,1,4.165361534148152
#FRIENDS.Lucius_Tim,know,1,3.763239533470892
#FRIENDS.Lucius_Tim,sir,1,3.6254894226685668
#FRIENDS.Lucius_Tim,out,1,3.6254894226685668
#FRIENDS.Lucius_Tim,i'll,1,3.4985154022220586
#FRIENDS.Lucius_Tim,one,1,3.1224023781367705
#FRIENDS.Lucius_Tim,more,1,2.9040274008942095
#FRIENDS.Lucius_Tim,would,1,2.9040274008942095
#FRIENDS.Lucius_Tim,man,1,2.4955511173667984
#Apemantus_Tim,eat,6,28.734198901463817
#Apemantus_Tim,drink,5,28.230654969920586
#Apemantus_Tim,ho,4,27.62532909195205
#Apemantus_Tim,fools,4,25.716019448676693
#Apemantus_Tim,knaves,4,24.04560624749933
#Apemantus_Tim,fellow,3,24.04560624749933
#Apemantus_Tim,should,12,23.868244188527335
#Apemantus_Tim,thyself,6,23.12600518399777
#Apemantus_Tim,art,10,23.02110757662671
#Apemantus_Tim,meat,5,22.81520933462259
#Apemantus_Tim,wast,3,22.33286748186711
#Apemantus_Tim,shouldst,3,20.71899681896404
#Apemantus_Tim,or,7,20.28652457865877
#Apemantus_Tim,wouldst,4,20.165849828339812
#Apemantus_Tim,'em,6,20.117321002317926
#Apemantus_Tim,way,3,19.287014586507517
#Apemantus_Tim,fear,4,19.156132600975873
#Apemantus_Tim,men,11,18.286369854143064
#Apemantus_Tim,shalt,3,18.034204685624495
#Apemantus_Tim,die,3,18.034204685624495
#Apemantus_Tim,fool,5,17.32056353327774
#Apemantus_Tim,bid,3,16.93839298195235
#Apemantus_Tim,being,3,16.93839298195235
#Apemantus_Tim,timon,12,16.141629258607917
#Apemantus_Tim,these,6,16.11215147126518
#Apemantus_Tim,dog,4,16.030404164999553
#Apemantus_Tim,know'st,2,16.030404164999553
#Apemantus_Tim,labor,2,16.030404164999553
#Apemantus_Tim,god,2,16.030404164999553
#Apemantus_Tim,strain,2,16.030404164999553
#Apemantus_Tim,hanged,2,16.030404164999553
#Apemantus_Tim,doors,2,16.030404164999553
#Apemantus_Tim,observe,2,16.030404164999553
#Apemantus_Tim,trust,2,16.030404164999553
#Apemantus_Tim,ourselves,2,16.030404164999553
#Apemantus_Tim,become,2,16.030404164999553
#Apemantus_Tim,'twere,2,16.030404164999553
#Apemantus_Tim,dost,5,15.764027482828231
#Apemantus_Tim,again,4,15.417336789331845
#Apemantus_Tim,would,9,15.375528763964187
#Apemantus_Tim,ay,5,15.31225040998483
#Apemantus_Tim,wilt,3,15.124387371254857
#Apemantus_Tim,flatterer,2,14.888578321244738
#Apemantus_Tim,wine,2,14.888578321244738
#Apemantus_Tim,lives,2,14.888578321244738
#Apemantus_Tim,heaven,2,14.888578321244738
#Apemantus_Tim,ears,2,14.888578321244738
#Apemantus_Tim,canst,2,14.888578321244738
#Apemantus_Tim,'lt,2,14.888578321244738
#Apemantus_Tim,cap,2,14.888578321244738
#Apemantus_Tim,misery,2,14.888578321244738
#Apemantus_Tim,honest,5,14.490374699041979
#Apemantus_Tim,come,6,14.391897444645867
#Apemantus_Tim,answer,3,14.367099450731908
#Apemantus_Tim,thine,4,14.335998927183628
#Apemantus_Tim,never,4,14.335998927183628
#Apemantus_Tim,now,9,14.203476540905921
#Apemantus_Tim,worth,2,13.812664545976025
#Apemantus_Tim,grace,2,13.812664545976025
#Apemantus_Tim,sin,2,13.812664545976025
#Apemantus_Tim,root,2,13.812664545976025
#Apemantus_Tim,worst,2,13.812664545976025
#Apemantus_Tim,cold,2,13.812664545976025
#Apemantus_Tim,beasts,2,13.812664545976025
#Apemantus_Tim,worthy,3,13.689125600773554
#Apemantus_Tim,there,5,13.109906573506652
#Apemantus_Tim,stay,3,13.078593900039376
#Apemantus_Tim,better,3,13.078593900039376
#Apemantus_Tim,last,2,12.858009724338347
#Apemantus_Tim,man's,2,12.858009724338347
#Apemantus_Tim,methinks,2,12.858009724338347
#Apemantus_Tim,kill,2,12.858009724338347
#Apemantus_Tim,state,2,12.858009724338347
#Apemantus_Tim,proud,2,12.858009724338347
#Apemantus_Tim,doubt,2,12.858009724338347
#Apemantus_Tim,three,2,12.858009724338347
#Apemantus_Tim,mend,2,12.858009724338347
#Apemantus_Tim,those,4,12.611221986262585
#Apemantus_Tim,much,5,12.252072197100453
#Apemantus_Tim,confound,2,12.022803123749664
#Apemantus_Tim,none,3,12.022803123749664
#Apemantus_Tim,there's,3,12.022803123749664
#Apemantus_Tim,left,2,12.022803123749664
#Apemantus_Tim,things,2,12.022803123749664
#Apemantus_Tim,nothing,4,11.910862656995791
#Apemantus_Tim,like,6,11.738216633195854
#Apemantus_Tim,work,2,11.292261987968235
#Apemantus_Tim,yes,2,11.292261987968235
#Apemantus_Tim,e'en,2,11.292261987968235
#Apemantus_Tim,ever,3,11.1409305184761
#Apemantus_Tim,away,3,10.75199919538772
#Apemantus_Tim,out,5,10.664082287263811
#Apemantus_Tim,th',5,10.664082287263811
#Apemantus_Tim,hast,2,10.65036999362228
#Apemantus_Tim,breath,2,10.65036999362228
#Apemantus_Tim,man,7,10.276644919106634
#Apemantus_Tim,hate,2,10.082924914169906
#Apemantus_Tim,little,2,10.082924914169906
#Apemantus_Tim,whose,3,9.74815788994555
#Apemantus_Tim,'t,6,9.589947014206345
#Apemantus_Tim,till,2,9.578066300487937
#Apemantus_Tim,lords,2,9.578066300487937
#Apemantus_Tim,off,2,9.578066300487937
#Apemantus_Tim,plague,2,9.578066300487937
#Apemantus_Tim,apemantus,3,9.458416489696939
#Apemantus_Tim,good,6,9.236919999992006
#Apemantus_Tim,most,4,9.208443030650685
#Apemantus_Tim,one,5,9.184292660241676
#Apemantus_Tim,o',2,9.126083733849038
#Apemantus_Tim,wealth,2,9.126083733849038
#Apemantus_Tim,long,2,9.126083733849038
#Apemantus_Tim,o,4,9.028069505918838
#Apemantus_Tim,been,2,8.719062600026252
#Apemantus_Tim,call,2,8.719062600026252
#Apemantus_Tim,live,2,8.719062600026252
#Apemantus_Tim,myself,2,8.350538036805384
#Apemantus_Tim,i'll,4,8.232478826010695
#Apemantus_Tim,gods,4,8.091648104573654
#Apemantus_Tim,gentle,1,8.015202082499776
#Apemantus_Tim,athenians,1,8.015202082499776
#Apemantus_Tim,angry,1,8.015202082499776
#Apemantus_Tim,fill,1,8.015202082499776
#Apemantus_Tim,farewell,1,8.015202082499776
#Apemantus_Tim,kept,1,8.015202082499776
#Apemantus_Tim,fly,1,8.015202082499776
#Apemantus_Tim,ne'er,2,8.015202082499776
#Apemantus_Tim,parts,1,8.015202082499776
#Apemantus_Tim,keeps,1,8.015202082499776
#Apemantus_Tim,ill,1,8.015202082499776
#Apemantus_Tim,i',1,8.015202082499776
#Apemantus_Tim,odds,1,8.015202082499776
#Apemantus_Tim,comes,2,8.015202082499776
#Apemantus_Tim,glory,1,8.015202082499776
#Apemantus_Tim,shows,1,8.015202082499776
#Apemantus_Tim,age,1,8.015202082499776
#Apemantus_Tim,day,2,8.015202082499776
#Apemantus_Tim,faith,1,8.015202082499776
#Apemantus_Tim,sums,1,8.015202082499776
#Apemantus_Tim,given,1,8.015202082499776
#Apemantus_Tim,lay,1,8.015202082499776
#Apemantus_Tim,counsel,1,8.015202082499776
#Apemantus_Tim,ask,1,8.015202082499776
#Apemantus_Tim,might,2,8.015202082499776
#Apemantus_Tim,knave,1,8.015202082499776
#Apemantus_Tim,manners,1,8.015202082499776
#Apemantus_Tim,looks,1,8.015202082499776
#Apemantus_Tim,soft,1,8.015202082499776
#Apemantus_Tim,seek,1,8.015202082499776
#Apemantus_Tim,undone,1,8.015202082499776
#Apemantus_Tim,taste,1,8.015202082499776
#Apemantus_Tim,natures,1,8.015202082499776
#Apemantus_Tim,worse,1,8.015202082499776
#Apemantus_Tim,light,1,8.015202082499776
#Apemantus_Tim,catch,1,8.015202082499776
#Apemantus_Tim,alive,1,8.015202082499776
#Apemantus_Tim,tongue,1,8.015202082499776
#Apemantus_Tim,see,3,7.865943944103994
#Apemantus_Tim,welcome,2,7.7086683946659225
#Apemantus_Tim,up,2,7.7086683946659225
#Apemantus_Tim,put,2,7.7086683946659225
#Apemantus_Tim,loves,1,7.444289160622369
#Apemantus_Tim,sweet,1,7.444289160622369
#Apemantus_Tim,ass,1,7.444289160622369
#Apemantus_Tim,throats,1,7.444289160622369
#Apemantus_Tim,grant,1,7.444289160622369
#Apemantus_Tim,bears,1,7.444289160622369
#Apemantus_Tim,gift,1,7.444289160622369
#Apemantus_Tim,sun,1,7.444289160622369
#Apemantus_Tim,sound,1,7.444289160622369
#Apemantus_Tim,read,1,7.444289160622369
#Apemantus_Tim,hither,1,7.444289160622369
#Apemantus_Tim,forgot,1,7.444289160622369
#Apemantus_Tim,praise,1,7.444289160622369
#Apemantus_Tim,excellent,1,7.444289160622369
#Apemantus_Tim,just,1,7.444289160622369
#Apemantus_Tim,mere,1,7.444289160622369
#Apemantus_Tim,high,1,7.444289160622369
#Apemantus_Tim,wretched,1,7.444289160622369
#Apemantus_Tim,lack,1,7.444289160622369
#Apemantus_Tim,beloved,1,7.444289160622369
#Apemantus_Tim,curse,1,7.444289160622369
#Apemantus_Tim,best,2,7.4272870123174
#Apemantus_Tim,before,2,7.4272870123174
#Apemantus_Tim,love,3,7.1959487223229335
#Apemantus_Tim,look,2,7.167999463591814
#Apemantus_Tim,poor,2,7.167999463591814
#Apemantus_Tim,nature,2,7.167999463591814
#Apemantus_Tim,still,2,6.928225413311095
#Apemantus_Tim,what's,1,6.9063322729880126
#Apemantus_Tim,flow,1,6.9063322729880126
#Apemantus_Tim,need,1,6.9063322729880126
#Apemantus_Tim,enemies,1,6.9063322729880126
#Apemantus_Tim,men's,1,6.9063322729880126
#Apemantus_Tim,'rt,1,6.9063322729880126
#Apemantus_Tim,gold,3,6.9063322729880126
#Apemantus_Tim,less,1,6.9063322729880126
#Apemantus_Tim,thrive,1,6.9063322729880126
#Apemantus_Tim,told,1,6.9063322729880126
#Apemantus_Tim,both,1,6.9063322729880126
#Apemantus_Tim,know,3,6.641557821246456
#Apemantus_Tim,name,1,6.429004862169173
#Apemantus_Tim,piece,1,6.429004862169173
#Apemantus_Tim,pay,1,6.429004862169173
#Apemantus_Tim,themselves,1,6.429004862169173
#Apemantus_Tim,water,1,6.429004862169173
#Apemantus_Tim,thanks,1,6.429004862169173
#Apemantus_Tim,full,1,6.429004862169173
#Apemantus_Tim,yourselves,1,6.429004862169173
#Apemantus_Tim,born,1,6.429004862169173
#Apemantus_Tim,thief,1,6.429004862169173
#Apemantus_Tim,place,1,6.429004862169173
#Apemantus_Tim,wear,1,6.429004862169173
#Apemantus_Tim,lie,1,6.429004862169173
#Apemantus_Tim,turn,1,6.429004862169173
#Apemantus_Tim,beggar,1,6.429004862169173
#Apemantus_Tim,wish,1,6.429004862169173
#Apemantus_Tim,after,1,6.429004862169173
#Apemantus_Tim,heart,2,6.3056109931312925
#Apemantus_Tim,use,2,6.3056109931312925
#Apemantus_Tim,death,1,6.011401561874832
#Apemantus_Tim,law,1,6.011401561874832
#Apemantus_Tim,without,1,6.011401561874832
#Apemantus_Tim,false,1,6.011401561874832
#Apemantus_Tim,care,1,6.011401561874832
#Apemantus_Tim,air,1,6.011401561874832
#Apemantus_Tim,find,1,6.011401561874832
#Apemantus_Tim,send,1,6.011401561874832
#Apemantus_Tim,company,1,6.011401561874832
#Apemantus_Tim,else,1,6.011401561874832
#Apemantus_Tim,timon's,2,5.9554313284978955
#Apemantus_Tim,great,2,5.9554313284978955
#Apemantus_Tim,had,2,5.9554313284978955
#Apemantus_Tim,she,1,5.6461309939841176
#Apemantus_Tim,hearts,1,5.6461309939841176
#Apemantus_Tim,serve,1,5.6461309939841176
#Apemantus_Tim,rather,1,5.6461309939841176
#Apemantus_Tim,dead,1,5.6461309939841176
#Apemantus_Tim,right,1,5.32518499681114
#Apemantus_Tim,blood,1,5.32518499681114
#Apemantus_Tim,here's,1,5.32518499681114
#Apemantus_Tim,done,1,5.32518499681114
#Apemantus_Tim,needs,1,5.32518499681114
#Apemantus_Tim,athens,2,5.243962629402662
#Apemantus_Tim,who,2,5.12372704311298
#Apemantus_Tim,go,2,5.12372704311298
#Apemantus_Tim,many,1,5.041462457084953
#Apemantus_Tim,that's,1,5.041462457084953
#Apemantus_Tim,hold,1,5.041462457084953
#Apemantus_Tim,feast,1,5.041462457084953
#Apemantus_Tim,means,1,5.041462457084953
#Apemantus_Tim,beast,1,5.041462457084953
#Apemantus_Tim,why,2,5.00950130156236
#Apemantus_Tim,fall,1,4.789033150243968
#Apemantus_Tim,other,1,4.789033150243968
#Apemantus_Tim,please,1,4.789033150243968
#Apemantus_Tim,life,1,4.563041866924519
#Apemantus_Tim,alcibiades,1,4.563041866924519
#Apemantus_Tim,very,1,4.563041866924519
#Apemantus_Tim,pray,1,4.359531300013126
#Apemantus_Tim,rich,1,4.359531300013126
#Apemantus_Tim,against,1,4.359531300013126
#Apemantus_Tim,world,1,4.359531300013126
#Apemantus_Tim,want,1,4.175269018402692
#Apemantus_Tim,wert,1,4.175269018402692
#Apemantus_Tim,could,1,4.175269018402692
#Apemantus_Tim,may,2,4.1162394130053475
#Apemantus_Tim,made,1,4.007601041249888
#Apemantus_Tim,he's,1,4.007601041249888
#Apemantus_Tim,lord,5,3.9471162176125443
#Apemantus_Tim,hear,1,3.8543341973329612
#Apemantus_Tim,think,1,3.7136435061587
#Apemantus_Tim,whom,1,3.7136435061587
#Apemantus_Tim,'tis,2,3.565932189317211
#Apemantus_Tim,into,1,3.4641127066555475
#Apemantus_Tim,friend,1,3.352886833719654
#Apemantus_Tim,did,1,3.352886833719654
#Apemantus_Tim,does,1,3.062450081996966
#Apemantus_Tim,speak,1,2.9777156642489477
#Apemantus_Tim,mine,1,2.898074939808396
#Apemantus_Tim,own,1,2.898074939808396
#Apemantus_Tim,time,1,2.8230654969920583
#Apemantus_Tim,friends,1,2.56186352155649
#Apemantus_Tim,has,1,2.56186352155649
#Apemantus_Tim,take,1,2.50475065078118
#Apemantus_Tim,more,1,1.7083920848849097
#Alcibiades_Tim,war,5,33.14893468571994
#Alcibiades_Tim,strike,4,32.43815032688253
#Alcibiades_Tim,banish,3,28.234776409763782
#Alcibiades_Tim,law,4,28.23477640976378
#Alcibiades_Tim,lords,5,28.116837401458188
#Alcibiades_Tim,senate,3,24.328612745161898
#Alcibiades_Tim,pass,3,24.328612745161898
#Alcibiades_Tim,did,6,23.62211435292727
#Alcibiades_Tim,service,3,21.176082307322837
#Alcibiades_Tim,such,5,19.077432525281072
#Alcibiades_Tim,anger,2,18.823184273175855
#Alcibiades_Tim,cause,2,18.823184273175855
#Alcibiades_Tim,heard,2,18.823184273175855
#Alcibiades_Tim,why,6,17.646735256102364
#Alcibiades_Tim,noble,5,17.482432159651587
#Alcibiades_Tim,valiant,2,17.482432159651587
#Alcibiades_Tim,large,2,17.482432159651587
#Alcibiades_Tim,wretched,2,17.482432159651587
#Alcibiades_Tim,time,5,16.574467342859965
#Alcibiades_Tim,into,4,16.270489789096136
#Alcibiades_Tim,fury,2,16.219075163441264
#Alcibiades_Tim,captain,2,16.219075163441264
#Alcibiades_Tim,valor,2,16.219075163441264
#Alcibiades_Tim,enemies,2,16.219075163441264
#Alcibiades_Tim,more,8,16.048193766610325
#Alcibiades_Tim,timon,10,15.794822288773748
#Alcibiades_Tim,lie,2,15.098102576599288
#Alcibiades_Tim,name,2,15.098102576599288
#Alcibiades_Tim,those,4,14.808320046954604
#Alcibiades_Tim,none,3,14.117388204881891
#Alcibiades_Tim,without,2,14.11738820488189
#Alcibiades_Tim,though,2,14.11738820488189
#Alcibiades_Tim,sword,2,14.11738820488189
#Alcibiades_Tim,peace,2,14.11738820488189
#Alcibiades_Tim,pity,2,13.259573874287975
#Alcibiades_Tim,honor,4,13.259573874287973
#Alcibiades_Tim,blood,2,12.505852934460968
#Alcibiades_Tim,fair,2,12.505852934460968
#Alcibiades_Tim,done,2,12.505852934460968
#Alcibiades_Tim,athens,4,12.315107451927037
#Alcibiades_Tim,who,4,12.032741945277428
#Alcibiades_Tim,hate,2,11.839548879647431
#Alcibiades_Tim,little,2,11.839548879647431
#Alcibiades_Tim,each,2,11.839548879647431
#Alcibiades_Tim,friend,3,11.811057176463635
#Alcibiades_Tim,till,2,11.246734960583273
#Alcibiades_Tim,fall,2,11.246734960583273
#Alcibiades_Tim,now,6,11.118649016262863
#Alcibiades_Tim,gold,4,10.812716775627509
#Alcibiades_Tim,fortune,2,10.716009031745955
#Alcibiades_Tim,life,2,10.716009031745955
#Alcibiades_Tim,keep,2,10.716009031745955
#Alcibiades_Tim,great,3,10.489459295790953
#Alcibiades_Tim,stay,2,10.238077613039051
#Alcibiades_Tim,only,2,10.238077613039051
#Alcibiades_Tim,rich,2,10.238077613039051
#Alcibiades_Tim,could,2,9.805349548836922
#Alcibiades_Tim,myself,2,9.805349548836922
#Alcibiades_Tim,i'll,4,9.666722334135363
#Alcibiades_Tim,may,4,9.666722334135363
#Alcibiades_Tim,new,1,9.411592136587927
#Alcibiades_Tim,there's,2,9.411592136587927
#Alcibiades_Tim,past,1,9.411592136587927
#Alcibiades_Tim,spent,1,9.411592136587927
#Alcibiades_Tim,lion,1,9.411592136587927
#Alcibiades_Tim,angry,1,9.411592136587927
#Alcibiades_Tim,weigh,1,9.411592136587927
#Alcibiades_Tim,might,2,9.411592136587927
#Alcibiades_Tim,parts,1,9.411592136587927
#Alcibiades_Tim,age,1,9.411592136587927
#Alcibiades_Tim,worse,1,9.411592136587927
#Alcibiades_Tim,kept,1,9.411592136587927
#Alcibiades_Tim,ill,1,9.411592136587927
#Alcibiades_Tim,lay,1,9.411592136587927
#Alcibiades_Tim,odds,1,9.411592136587927
#Alcibiades_Tim,soldiers,1,9.411592136587927
#Alcibiades_Tim,wrongs,1,9.411592136587927
#Alcibiades_Tim,whereof,1,9.411592136587927
#Alcibiades_Tim,counsel,1,9.411592136587927
#Alcibiades_Tim,farewell,1,9.411592136587927
#Alcibiades_Tim,approach,1,9.411592136587927
#Alcibiades_Tim,strong,1,9.411592136587927
#Alcibiades_Tim,wrong,1,9.411592136587927
#Alcibiades_Tim,open,1,9.411592136587927
#Alcibiades_Tim,laws,1,9.411592136587927
#Alcibiades_Tim,seek,1,9.411592136587927
#Alcibiades_Tim,alive,1,9.411592136587927
#Alcibiades_Tim,fill,1,9.411592136587927
#Alcibiades_Tim,griefs,1,9.411592136587927
#Alcibiades_Tim,weep,1,9.411592136587927
#Alcibiades_Tim,up,2,9.051654855366364
#Alcibiades_Tim,feed,1,8.741216079825794
#Alcibiades_Tim,virtue,1,8.741216079825794
#Alcibiades_Tim,under,1,8.741216079825794
#Alcibiades_Tim,throats,1,8.741216079825794
#Alcibiades_Tim,ass,1,8.741216079825794
#Alcibiades_Tim,grant,1,8.741216079825794
#Alcibiades_Tim,just,1,8.741216079825794
#Alcibiades_Tim,forgot,1,8.741216079825794
#Alcibiades_Tim,base,1,8.741216079825794
#Alcibiades_Tim,came,1,8.741216079825794
#Alcibiades_Tim,sweet,1,8.741216079825794
#Alcibiades_Tim,drum,1,8.741216079825794
#Alcibiades_Tim,sound,1,8.741216079825794
#Alcibiades_Tim,within,1,8.741216079825794
#Alcibiades_Tim,sit,1,8.741216079825794
#Alcibiades_Tim,break,1,8.741216079825794
#Alcibiades_Tim,curse,1,8.741216079825794
#Alcibiades_Tim,low,1,8.741216079825794
#Alcibiades_Tim,faults,1,8.741216079825794
#Alcibiades_Tim,man,5,8.619298812756412
#Alcibiades_Tim,cannot,2,8.135244894548068
#Alcibiades_Tim,most,3,8.109537581720632
#Alcibiades_Tim,spirit,1,8.109537581720632
#Alcibiades_Tim,cut,1,8.109537581720632
#Alcibiades_Tim,cold,1,8.109537581720632
#Alcibiades_Tim,vain,1,8.109537581720632
#Alcibiades_Tim,debt,1,8.109537581720632
#Alcibiades_Tim,both,1,8.109537581720632
#Alcibiades_Tim,owes,1,8.109537581720632
#Alcibiades_Tim,grace,1,8.109537581720632
#Alcibiades_Tim,old,1,8.109537581720632
#Alcibiades_Tim,told,1,8.109537581720632
#Alcibiades_Tim,worth,1,8.109537581720632
#Alcibiades_Tim,thrive,1,8.109537581720632
#Alcibiades_Tim,soul,1,8.109537581720632
#Alcibiades_Tim,flow,1,8.109537581720632
#Alcibiades_Tim,city,1,8.109537581720632
#Alcibiades_Tim,'em,2,7.874038117642424
#Alcibiades_Tim,know,3,7.798634734564592
#Alcibiades_Tim,wish,1,7.549051288299644
#Alcibiades_Tim,themselves,1,7.549051288299644
#Alcibiades_Tim,kill,1,7.549051288299644
#Alcibiades_Tim,full,1,7.549051288299644
#Alcibiades_Tim,last,1,7.549051288299644
#Alcibiades_Tim,any,1,7.549051288299644
#Alcibiades_Tim,beseech,1,7.549051288299644
#Alcibiades_Tim,makes,1,7.549051288299644
#Alcibiades_Tim,strange,1,7.549051288299644
#Alcibiades_Tim,friendship,1,7.549051288299644
#Alcibiades_Tim,dear,1,7.549051288299644
#Alcibiades_Tim,proud,1,7.549051288299644
#Alcibiades_Tim,itself,1,7.549051288299644
#Alcibiades_Tim,yourselves,1,7.549051288299644
#Alcibiades_Tim,living,1,7.549051288299644
#Alcibiades_Tim,out,3,7.51317249139924
#Alcibiades_Tim,use,2,7.404160023477302
#Alcibiades_Tim,ay,2,7.191966169722958
#Alcibiades_Tim,health,1,7.058694102440945
#Alcibiades_Tim,death,1,7.058694102440945
#Alcibiades_Tim,else,1,7.058694102440945
#Alcibiades_Tim,late,1,7.058694102440945
#Alcibiades_Tim,left,1,7.058694102440945
#Alcibiades_Tim,grave,1,7.058694102440945
#Alcibiades_Tim,speak,2,6.9929728638606345
#Alcibiades_Tim,mine,2,6.805941767655735
#Alcibiades_Tim,own,2,6.805941767655735
#Alcibiades_Tim,ere,1,6.6297869371439875
#Alcibiades_Tim,denied,1,6.6297869371439875
#Alcibiades_Tim,hearts,1,6.6297869371439875
#Alcibiades_Tim,doth,1,6.6297869371439875
#Alcibiades_Tim,fare,1,6.6297869371439875
#Alcibiades_Tim,dead,1,6.6297869371439875
#Alcibiades_Tim,bear,1,6.252926467230484
#Alcibiades_Tim,right,1,6.252926467230484
#Alcibiades_Tim,back,1,6.252926467230484
#Alcibiades_Tim,hast,1,6.252926467230484
#Alcibiades_Tim,words,1,6.252926467230484
#Alcibiades_Tim,there,2,6.157553725963519
#Alcibiades_Tim,has,2,6.016370972638714
#Alcibiades_Tim,feast,1,5.9197744398237155
#Alcibiades_Tim,many,1,5.9197744398237155
#Alcibiades_Tim,himself,1,5.9197744398237155
#Alcibiades_Tim,common,1,5.9197744398237155
#Alcibiades_Tim,take,2,5.882245085367455
#Alcibiades_Tim,must,2,5.754640003345988
#Alcibiades_Tim,'t,3,5.630342752446868
#Alcibiades_Tim,power,1,5.623367480291637
#Alcibiades_Tim,fear,1,5.623367480291637
#Alcibiades_Tim,answer,1,5.623367480291637
#Alcibiades_Tim,plague,1,5.623367480291637
#Alcibiades_Tim,bring,1,5.623367480291637
#Alcibiades_Tim,other,1,5.623367480291637
#Alcibiades_Tim,art,2,5.406358387813754
#Alcibiades_Tim,meat,1,5.358004515872977
#Alcibiades_Tim,worthy,1,5.358004515872977
#Alcibiades_Tim,gone,1,5.358004515872977
#Alcibiades_Tim,set,1,5.358004515872977
#Alcibiades_Tim,call,1,5.119038806519526
#Alcibiades_Tim,enough,1,5.119038806519526
#Alcibiades_Tim,live,1,5.119038806519526
#Alcibiades_Tim,fortunes,1,5.119038806519526
#Alcibiades_Tim,want,1,4.902674774418461
#Alcibiades_Tim,gods,2,4.750678204316138
#Alcibiades_Tim,made,1,4.705796068293964
#Alcibiades_Tim,comes,1,4.705796068293964
#Alcibiades_Tim,should,2,4.671085790200571
#Alcibiades_Tim,like,2,4.594407237041104
#Alcibiades_Tim,money,1,4.525827427683182
#Alcibiades_Tim,thyself,1,4.525827427683182
#Alcibiades_Tim,again,1,4.525827427683182
#Alcibiades_Tim,ever,1,4.360625928192874
#Alcibiades_Tim,best,1,4.360625928192874
#Alcibiades_Tim,think,1,4.360625928192874
#Alcibiades_Tim,whom,1,4.360625928192874
#Alcibiades_Tim,look,1,4.208395913928542
#Alcibiades_Tim,never,1,4.208395913928542
#Alcibiades_Tim,nature,1,4.208395913928542
#Alcibiades_Tim,'tis,2,4.187180685794589
#Alcibiades_Tim,men,2,3.904032565629467
#Alcibiades_Tim,whose,1,3.8154865050562146
#Alcibiades_Tim,lord,4,3.707818974345311
#Alcibiades_Tim,heart,1,3.702080011738651
#Alcibiades_Tim,good,2,3.6153849790024495
#Alcibiades_Tim,had,1,3.4964864319303173
#Alcibiades_Tim,nothing,1,3.4964864319303173
#Alcibiades_Tim,timon's,1,3.4964864319303173
#Alcibiades_Tim,or,1,3.4029708838278676
#Alcibiades_Tim,these,1,3.15319556782319
#Alcibiades_Tim,see,1,3.0787768629817593
#Alcibiades_Tim,love,1,2.816536780699704
#Alcibiades_Tim,o,1,2.6502297476689156
#Alcibiades_Tim,sir,1,2.5043908304664138
