Character,Number of words spoken,Number of speeches
#ATTENDANTS.1_Cym,506,10
#ATTENDANTS.2_Cym,71,9
#Queen_Cym,1209,26
#Posthumus_Cym,3391,77
#Imogen_Cym,4417,118
#Cymbeline_Cym,1988,80
#Pisanio_Cym,1499,58
#ATTENDANTS.CLOTEN.1_Cym,190,12
#Cloten_Cym,2001,76
#ATTENDANTS.CLOTEN.2_Cym,313,20
#LADIES.IMOGEN_Cym,60,8
#Iachimo_Cym,3193,77
#Philario_Cym,292,14
#Frenchman_Cym,180,7
#LADIES.QUEEN.0.1_Cym,2,1
#Cornelius_Cym,522,13
#MUSICIANS_Cym,44,1
#MESSENGERS.1_Cym,12,1
#Lucius_Cym,721,25
#Belarius_Cym,2503,59
#Guiderius_Cym,1089,60
#Arviragus_Cym,926,46
#ATTENDANTS.0.1_Cym,22,1
#SENATORS.1_Cym,101,2
#TRIBUNES.0.1_Cym,15,3
#SENATORS.2_Cym,1,1
#Guiderius_Cym #Arviragus_Cym,21,2
#SOLDIERS.ROMAN.0.1_Cym,68,4
#Soothsayer_Cym,310,5
#ATTENDANTS.0.2_Cym,102,3
#ATTENDANTS.3_Cym,34,6
#SOLDIERS.BRITON.0.1_Cym,30,2
#SOLDIERS.BRITON.0.2_Cym,51,2
#JAILERS.1_Cym,412,9
#JAILERS.2_Cym,4,1
#GHOSTS.Father_Cym,228,7
#GHOSTS.Mother_Cym,60,3
#GHOSTS.BROTHERS.1_Cym,61,2
#GHOSTS.BROTHERS.2_Cym,32,1
#GHOSTS.BROTHERS.1_Cym #GHOSTS.BROTHERS.2_Cym,10,1
#Jupiter_Cym,154,1
#GHOSTS.Father_Cym #GHOSTS.Mother_Cym #GHOSTS.BROTHERS.1_Cym #GHOSTS.BROTHERS.2_Cym,2,1
#MESSENGERS.2_Cym,10,1
#LADIES.QUEEN_Cym,6,1
