Character,Number of words spoken,Number of speeches
#WITCHES.1_Mac,350,23
#WITCHES.2_Mac,125,15
#WITCHES.3_Mac,129,13
#WITCHES.1_Mac #WITCHES.2_Mac #WITCHES.3_Mac,117,10
#Duncan_Mac,472,18
#Malcolm_Mac,1504,40
#SOLDIERS.Captain_Mac,236,3
#Lennox_Mac,506,21
#Ross_Mac,909,39
#Macbeth_Mac,5305,145
#Banquo_Mac,775,33
#Angus_Mac,137,4
#LadyMacbeth_Mac,1908,59
#MESSENGERS.1_Mac,38,2
#Fleance_Mac,16,2
#Porter_Mac,307,4
#Macduff_Mac,1156,59
#Macbeth_Mac #Lennox_Mac,3,1
#Donalbain_Mac,56,3
#Macbeth_Mac #Lennox_Mac #Ross_Mac #Donalbain_Mac #Malcolm_Mac,2,1
#Macduff_Mac #Banquo_Mac #Lennox_Mac #Ross_Mac #Donalbain_Mac #Malcolm_Mac,2,1
#OldMan_Mac,81,4
#SERVANTS.X.2_Mac,8,1
#MURDERERS.1_Mac #MURDERERS.2_Mac,14,3
#MURDERERS.1_Mac,149,15
#MURDERERS.2_Mac,86,6
#SERVANTS.X.3_Mac,9,2
#MURDERERS.3_Mac,42,6
#ATTENDANTS_Mac,13,3
#Hecate_Mac,263,2
#Lord_Mac,158,3
#SPIRITS.1_Mac,13,1
#SPIRITS.2_Mac,23,2
#SPIRITS.3_Mac,32,1
#LadyMacduff_Mac,292,19
#MacduffsSon_Mac,143,14
#MESSENGERS.2_Mac,75,1
#MURDERERS.0.1_Mac,14,3
#Doctor1_Mac,35,1
#Doctor2_Mac,290,19
#Gentlewoman_Mac,181,11
#Menteith_Mac,71,5
#Caithness_Mac,73,3
#SERVANTS.X.4_Mac,12,3
#Seyton_Mac,31,5
#Siward_Mac,203,11
#SOLDIERS.MALCOLM.0.1_Mac,4,1
#MESSENGERS.3_Mac,64,3
#YoungSiward_Mac,43,4
#Macduff_Mac #Siward_Mac #Ross_Mac #ATTENDANTS_Mac #SOLDIERS.MALCOLM_Mac,4,1
