Character,Word,Count,Significance
#WITCHES.1_Mac,nine,3,40.049097609226465
#WITCHES.1_Mac,hail,4,26.699398406150973
#WITCHES.1_Mac,i'll,6,23.476932138397316
#WITCHES.1_Mac,round,2,23.00564789057149
#WITCHES.1_Mac,throw,2,21.41562500899568
#WITCHES.1_Mac,first,2,16.793589644515084
#WITCHES.1_Mac,macbeth,4,13.711583924114226
#WITCHES.1_Mac,cries,1,13.349699203075486
#WITCHES.1_Mac,kind,1,13.349699203075486
#WITCHES.1_Mac,blow,1,13.349699203075486
#WITCHES.1_Mac,days,1,13.349699203075486
#WITCHES.1_Mac,nights,1,13.349699203075486
#WITCHES.1_Mac,pour,1,13.349699203075486
#WITCHES.1_Mac,speech,1,13.349699203075486
#WITCHES.1_Mac,cheer,1,13.349699203075486
#WITCHES.1_Mac,charm,1,13.349699203075486
#WITCHES.1_Mac,perform,1,13.349699203075486
#WITCHES.1_Mac,pay,1,13.349699203075486
#WITCHES.1_Mac,i',2,12.839152808103606
#WITCHES.1_Mac,show,2,12.839152808103606
#WITCHES.1_Mac,th',5,12.51534300288327
#WITCHES.1_Mac,master,1,12.398816655166563
#WITCHES.1_Mac,thither,1,12.398816655166563
#WITCHES.1_Mac,thrice,1,12.398816655166563
#WITCHES.1_Mac,another,1,12.398816655166563
#WITCHES.1_Mac,stands,1,12.398816655166563
#WITCHES.1_Mac,sound,1,12.398816655166563
#WITCHES.1_Mac,duties,1,12.398816655166563
#WITCHES.1_Mac,hear,2,12.370498770808663
#WITCHES.1_Mac,come,4,11.70756239422277
#WITCHES.1_Mac,hast,1,11.502823945285744
#WITCHES.1_Mac,lost,1,11.502823945285744
#WITCHES.1_Mac,back,1,11.502823945285744
#WITCHES.1_Mac,cold,1,11.502823945285744
#WITCHES.1_Mac,again,2,11.16878407590937
#WITCHES.1_Mac,three,1,10.70781250449784
#WITCHES.1_Mac,let's,1,10.70781250449784
#WITCHES.1_Mac,knows,1,10.70781250449784
#WITCHES.1_Mac,sisters,1,10.70781250449784
#WITCHES.1_Mac,while,1,10.70781250449784
#WITCHES.1_Mac,look,2,10.502294163449896
#WITCHES.1_Mac,meet,1,10.012274402306616
#WITCHES.1_Mac,hang,1,10.012274402306616
#WITCHES.1_Mac,glamis,1,10.012274402306616
#WITCHES.1_Mac,cauldron,1,10.012274402306616
#WITCHES.1_Mac,under,1,10.012274402306616
#WITCHES.1_Mac,rather,1,10.012274402306616
#WITCHES.1_Mac,here's,1,10.012274402306616
#WITCHES.1_Mac,best,1,10.012274402306616
#WITCHES.1_Mac,gone,1,9.403898947903
#WITCHES.1_Mac,that's,1,9.403898947903
#WITCHES.1_Mac,place,1,8.869348168198382
#WITCHES.1_Mac,live,1,8.869348168198382
#WITCHES.1_Mac,myself,1,8.396794822257542
#WITCHES.1_Mac,very,1,8.396794822257542
#WITCHES.1_Mac,welcome,1,8.396794822257542
#WITCHES.1_Mac,why,2,8.34356200192218
#WITCHES.1_Mac,about,1,7.97636183982212
#WITCHES.1_Mac,into,1,7.97636183982212
#WITCHES.1_Mac,or,2,7.668549296857163
#WITCHES.1_Mac,wife,1,7.599962639430311
#WITCHES.1_Mac,without,1,7.261006138402561
#WITCHES.1_Mac,other,1,7.261006138402561
#WITCHES.1_Mac,thought,1,7.261006138402561
#WITCHES.1_Mac,air,1,7.261006138402561
#WITCHES.1_Mac,did,2,6.977727583071759
#WITCHES.1_Mac,o',1,6.95410856942642
#WITCHES.1_Mac,though,1,6.419576404051803
#WITCHES.1_Mac,ay,1,6.419576404051803
#WITCHES.1_Mac,day,1,6.185249385404331
#WITCHES.1_Mac,art,1,5.969321530625291
#WITCHES.1_Mac,has,1,5.969321530625291
#WITCHES.1_Mac,cannot,1,5.7696440044067385
#WITCHES.1_Mac,been,1,5.412006429590179
#WITCHES.1_Mac,night,1,5.412006429590179
#WITCHES.1_Mac,banquo,1,5.412006429590179
#WITCHES.1_Mac,blood,1,5.251147081724948
#WITCHES.1_Mac,thane,1,4.959526662066624
#WITCHES.1_Mac,sleep,1,4.8268812584132705
#WITCHES.1_Mac,go,1,4.8268812584132705
#WITCHES.1_Mac,up,1,4.8268812584132705
#WITCHES.1_Mac,man,1,4.472592070290373
#WITCHES.1_Mac,sir,1,4.472592070290373
#WITCHES.1_Mac,speak,1,4.36703423158491
#WITCHES.1_Mac,great,1,4.26690519591298
#WITCHES.1_Mac,king,1,4.26690519591298
#WITCHES.1_Mac,may,1,4.26690519591298
#WITCHES.1_Mac,had,1,3.9950646257362243
#WITCHES.1_Mac,know,1,3.9950646257362243
#WITCHES.1_Mac,like,1,3.552306962357144
#WITCHES.1_Mac,more,1,2.969614590871454
#WITCHES.1_Mac,now,1,2.885510004813665
#Siward_Mac,war,2,30.47515946446875
#Siward_Mac,tyrant's,2,26.259048139716384
#Siward_Mac,fight,2,20.24725768423825
#Siward_Mac,before,3,19.12236769682102
#Siward_Mac,keeps,1,15.237579732234375
#Siward_Mac,due,1,15.237579732234375
#Siward_Mac,owe,1,15.237579732234375
#Siward_Mac,towards,1,15.237579732234375
#Siward_Mac,people,1,15.237579732234375
#Siward_Mac,castle,1,15.237579732234375
#Siward_Mac,sons,1,15.237579732234375
#Siward_Mac,worth,1,15.237579732234375
#Siward_Mac,certain,1,14.152225791344499
#Siward_Mac,thanes,1,14.152225791344499
#Siward_Mac,soldier,1,14.152225791344499
#Siward_Mac,comfort,1,14.152225791344499
#Siward_Mac,day,2,14.119903263758838
#Siward_Mac,issue,1,13.129524069858192
#Siward_Mac,little,1,13.129524069858192
#Siward_Mac,he's,1,12.222084131866675
#Siward_Mac,almost,1,11.42818479917578
#Siward_Mac,off,1,11.42818479917578
#Siward_Mac,tyrant,1,10.733774434373423
#Siward_Mac,dunsinane,1,10.733774434373423
#Siward_Mac,itself,1,10.733774434373423
#Siward_Mac,many,1,10.733774434373423
#Siward_Mac,thoughts,1,10.123628842119125
#Siward_Mac,tonight,1,10.123628842119125
#Siward_Mac,wood,1,9.58424820312699
#Siward_Mac,find,1,9.58424820312699
#Siward_Mac,power,1,9.58424820312699
#Siward_Mac,had,2,9.120073020980199
#Siward_Mac,must,2,8.932326735987955
#Siward_Mac,noble,1,8.67473003838489
#Siward_Mac,comes,1,8.67473003838489
#Siward_Mac,other,1,8.287839170538248
#Siward_Mac,god,1,8.287839170538248
#Siward_Mac,dead,1,7.937540927426859
#Siward_Mac,down,1,7.618789866117187
#Siward_Mac,way,1,7.059951631879419
#Siward_Mac,both,1,7.059951631879419
#Siward_Mac,still,1,6.81348780872092
#Siward_Mac,cannot,1,6.585572394283
#Siward_Mac,death,1,6.585572394283
#Siward_Mac,these,1,5.993750954706158
#Siward_Mac,go,1,5.509486537056628
#Siward_Mac,sir,1,5.105094672478323
#Siward_Mac,see,1,4.870320083139443
#Siward_Mac,great,1,4.870320083139443
#Siward_Mac,why,1,4.761743666323242
#Siward_Mac,know,1,4.560036510490099
#Siward_Mac,lord,1,4.560036510490099
#Siward_Mac,'t,1,3.719224419246295
#Siward_Mac,time,1,3.719224419246295
#Siward_Mac,would,1,3.6016378939241775
#Siward_Mac,more,1,3.3895699381740196
#SOLDIERS.Captain_Mac,mark,2,29.431100798466755
#SOLDIERS.Captain_Mac,whence,2,25.359430639660342
#SOLDIERS.Captain_Mac,fortune,2,23.606727339471178
#SOLDIERS.Captain_Mac,stood,1,14.715550399233377
#SOLDIERS.Captain_Mac,all's,1,14.715550399233377
#SOLDIERS.Captain_Mac,farewell,1,14.715550399233377
#SOLDIERS.Captain_Mac,sun,1,14.715550399233377
#SOLDIERS.Captain_Mac,break,1,14.715550399233377
#SOLDIERS.Captain_Mac,valor,1,14.715550399233377
#SOLDIERS.Captain_Mac,trust,1,14.715550399233377
#SOLDIERS.Captain_Mac,comfort,1,13.66737996148437
#SOLDIERS.Captain_Mac,another,1,13.66737996148437
#SOLDIERS.Captain_Mac,till,2,12.719910140435536
#SOLDIERS.Captain_Mac,together,1,12.679715319830171
#SOLDIERS.Captain_Mac,help,1,12.679715319830171
#SOLDIERS.Captain_Mac,head,1,11.803363669735589
#SOLDIERS.Captain_Mac,cry,1,11.036662799425033
#SOLDIERS.Captain_Mac,report,1,10.366042471225398
#SOLDIERS.Captain_Mac,two,1,9.776800060588862
#SOLDIERS.Captain_Mac,tell,1,9.776800060588862
#SOLDIERS.Captain_Mac,double,1,9.255898243047028
#SOLDIERS.Captain_Mac,hands,1,8.792449393120648
#SOLDIERS.Captain_Mac,scotland,1,8.792449393120648
#SOLDIERS.Captain_Mac,new,1,8.792449393120648
#SOLDIERS.Captain_Mac,or,2,8.453143546553449
#SOLDIERS.Captain_Mac,name,1,8.003903320472562
#SOLDIERS.Captain_Mac,bloody,1,8.003903320472562
#SOLDIERS.Captain_Mac,like,2,7.831510110141107
#SOLDIERS.Captain_Mac,men,1,7.357775199616689
#SOLDIERS.Captain_Mac,worthy,1,7.076384170048592
#SOLDIERS.Captain_Mac,art,1,6.580062254354652
#SOLDIERS.Captain_Mac,nature,1,6.359955070217768
#SOLDIERS.Captain_Mac,cannot,1,6.359955070217768
#SOLDIERS.Captain_Mac,these,1,5.788409038992322
#SOLDIERS.Captain_Mac,out,1,5.3207351977587365
#SOLDIERS.Captain_Mac,king,1,4.7034661608512325
#SOLDIERS.Captain_Mac,had,1,4.403812696743906
#SOLDIERS.Captain_Mac,lord,1,4.403812696743906
#SOLDIERS.Captain_Mac,must,1,4.313155585587742
#SOLDIERS.Captain_Mac,macbeth,1,3.778615181122147
#SOLDIERS.Captain_Mac,come,1,3.226350306542191
#SOLDIERS.Captain_Mac,th',1,2.759165699856258
#Ross_Mac,'gainst,3,30.12587843285159
#Ross_Mac,arm,2,20.083918955234395
#Ross_Mac,man's,2,20.083918955234395
#Ross_Mac,alas,2,20.083918955234395
#Ross_Mac,violent,2,20.083918955234395
#Ross_Mac,thine,3,20.015200389850193
#Ross_Mac,point,2,18.653366271039832
#Ross_Mac,leave,3,18.000024080509533
#Ross_Mac,came,2,17.305392455601243
#Ross_Mac,highness,2,17.305392455601243
#Ross_Mac,could,3,16.385701647518076
#Ross_Mac,knows,2,16.10933963805237
#Ross_Mac,most,4,15.34733587954542
#Ross_Mac,nothing,3,15.062939216425795
#Ross_Mac,sorrow,2,15.062939216425795
#Ross_Mac,or,5,14.421160379667704
#Ross_Mac,would,6,14.241435616179848
#Ross_Mac,day,3,13.958072629728843
#Ross_Mac,fight,2,13.343466926566796
#Ross_Mac,till,3,13.020188038210257
#Ross_Mac,king,4,12.838668024016936
#Ross_Mac,once,2,12.632535319979421
#Ross_Mac,before,3,12.602135306393231
#Ross_Mac,know,4,12.020728398992745
#Ross_Mac,father,2,11.43374329198094
#Ross_Mac,much,2,11.43374329198094
#Ross_Mac,each,2,11.43374329198094
#Ross_Mac,wife,2,11.43374329198094
#Ross_Mac,thane,3,11.1920197626239
#Ross_Mac,bloody,2,10.923801098345383
#Ross_Mac,air,2,10.923801098345383
#Ross_Mac,out,3,10.892682733051211
#Ross_Mac,should,4,10.497623439922261
#Ross_Mac,did,4,10.497623439922261
#Ross_Mac,o',2,10.462089878555856
#Ross_Mac,sir,3,10.093168612987354
#Ross_Mac,people,1,10.041959477617198
#Ross_Mac,thousand,1,10.041959477617198
#Ross_Mac,general,1,10.041959477617198
#Ross_Mac,news,1,10.041959477617198
#Ross_Mac,success,1,10.041959477617198
#Ross_Mac,o'er,1,10.041959477617198
#Ross_Mac,didst,1,10.041959477617198
#Ross_Mac,strange,2,10.041959477617198
#Ross_Mac,thick,1,10.041959477617198
#Ross_Mac,act,1,10.041959477617198
#Ross_Mac,night's,1,10.041959477617198
#Ross_Mac,day's,1,10.041959477617198
#Ross_Mac,shame,1,10.041959477617198
#Ross_Mac,swift,1,10.041959477617198
#Ross_Mac,broke,1,10.041959477617198
#Ross_Mac,war,1,10.041959477617198
#Ross_Mac,farewell,1,10.041959477617198
#Ross_Mac,gentlemen,1,10.041959477617198
#Ross_Mac,husband,1,10.041959477617198
#Ross_Mac,cruel,1,10.041959477617198
#Ross_Mac,move,1,10.041959477617198
#Ross_Mac,soldiers,1,10.041959477617198
#Ross_Mac,women,1,10.041959477617198
#Ross_Mac,castle,1,10.041959477617198
#Ross_Mac,lived,1,10.041959477617198
#Ross_Mac,cause,1,10.041959477617198
#Ross_Mac,worth,1,10.041959477617198
#Ross_Mac,'t,4,9.80426066673229
#Ross_Mac,worthy,2,9.657914404259285
#Ross_Mac,ay,2,9.657914404259285
#Ross_Mac,fife,1,9.326683135519916
#Ross_Mac,terrible,1,9.326683135519916
#Ross_Mac,traitor,1,9.326683135519916
#Ross_Mac,ten,1,9.326683135519916
#Ross_Mac,thyself,1,9.326683135519916
#Ross_Mac,dark,1,9.326683135519916
#Ross_Mac,horses,1,9.326683135519916
#Ross_Mac,thing,1,9.326683135519916
#Ross_Mac,certain,1,9.326683135519916
#Ross_Mac,means,1,9.326683135519916
#Ross_Mac,thither,1,9.326683135519916
#Ross_Mac,dearest,1,9.326683135519916
#Ross_Mac,worst,1,9.326683135519916
#Ross_Mac,stay,1,9.326683135519916
#Ross_Mac,amen,1,9.326683135519916
#Ross_Mac,afraid,1,9.326683135519916
#Ross_Mac,called,1,9.326683135519916
#Ross_Mac,mother,1,9.326683135519916
#Ross_Mac,grave,1,9.326683135519916
#Ross_Mac,seems,1,9.326683135519916
#Ross_Mac,'em,1,9.326683135519916
#Ross_Mac,hither,1,9.326683135519916
#Ross_Mac,borne,1,9.326683135519916
#Ross_Mac,saw,1,9.326683135519916
#Ross_Mac,answer,1,9.326683135519916
#Ross_Mac,comfort,1,9.326683135519916
#Ross_Mac,honest,1,9.326683135519916
#Ross_Mac,part,1,9.326683135519916
#Ross_Mac,sound,1,9.326683135519916
#Ross_Mac,murdered,1,9.326683135519916
#Ross_Mac,take,2,9.305381753152561
#Ross_Mac,good,4,8.935257321393982
#Ross_Mac,fear,3,8.829951806638531
#Ross_Mac,death,2,8.680125358806837
#Ross_Mac,nature,2,8.680125358806837
#Ross_Mac,cold,1,8.652696227800622
#Ross_Mac,use,1,8.652696227800622
#Ross_Mac,world,1,8.652696227800622
#Ross_Mac,fall,1,8.652696227800622
#Ross_Mac,rise,1,8.652696227800622
#Ross_Mac,cousin,1,8.652696227800622
#Ross_Mac,country,1,8.652696227800622
#Ross_Mac,seen,1,8.652696227800622
#Ross_Mac,doth,1,8.652696227800622
#Ross_Mac,tyrant's,1,8.652696227800622
#Ross_Mac,help,1,8.652696227800622
#Ross_Mac,said,1,8.652696227800622
#Ross_Mac,cawdor,2,8.401423537595488
#Ross_Mac,earth,1,8.054669819026184
#Ross_Mac,please,1,8.054669819026184
#Ross_Mac,ever,1,8.054669819026184
#Ross_Mac,children,1,8.054669819026184
#Ross_Mac,died,1,8.054669819026184
#Ross_Mac,like,3,8.016387940747707
#Ross_Mac,who,3,7.735633292856216
#Ross_Mac,himself,1,7.531469608212897
#Ross_Mac,fell,1,7.531469608212897
#Ross_Mac,th',4,7.531469608212897
#Ross_Mac,goes,1,7.531469608212897
#Ross_Mac,wisdom,1,7.531469608212897
#Ross_Mac,best,1,7.531469608212897
#Ross_Mac,almost,1,7.531469608212897
#Ross_Mac,rather,1,7.531469608212897
#Ross_Mac,heard,1,7.531469608212897
#Ross_Mac,off,1,7.531469608212897
#Ross_Mac,rest,1,7.073835202570963
#Ross_Mac,light,1,7.073835202570963
#Ross_Mac,royal,1,7.073835202570963
#Ross_Mac,further,1,7.073835202570963
#Ross_Mac,itself,1,7.073835202570963
#Ross_Mac,many,1,7.073835202570963
#Ross_Mac,mind,1,7.073835202570963
#Ross_Mac,that's,1,7.073835202570963
#Ross_Mac,tongue,1,7.073835202570963
#Ross_Mac,son,1,7.073835202570963
#Ross_Mac,one,2,6.8964661888322905
#Ross_Mac,man,2,6.728779075324903
#Ross_Mac,honor,1,6.671733463283398
#Ross_Mac,call,1,6.671733463283398
#Ross_Mac,face,1,6.671733463283398
#Ross_Mac,known,1,6.671733463283398
#Ross_Mac,grace,1,6.671733463283398
#Ross_Mac,lives,1,6.671733463283398
#Ross_Mac,words,1,6.671733463283398
#Ross_Mac,now,3,6.511646614611886
#Ross_Mac,great,2,6.419334012008468
#Ross_Mac,bear,1,6.316267659989711
#Ross_Mac,eyes,1,6.316267659989711
#Ross_Mac,hold,1,6.316267659989711
#Ross_Mac,else,1,6.316267659989711
#Ross_Mac,peace,1,6.316267659989711
#Ross_Mac,power,1,6.316267659989711
#Ross_Mac,eye,1,6.316267659989711
#Ross_Mac,lord,2,6.010364199496372
#Ross_Mac,ere,1,6.000008026836511
#Ross_Mac,new,1,6.000008026836511
#Ross_Mac,scotland,1,6.000008026836511
#Ross_Mac,only,1,6.000008026836511
#Ross_Mac,i'll,2,5.886634537759021
#Ross_Mac,must,2,5.886634537759021
#Ross_Mac,every,1,5.71687164599047
#Ross_Mac,comes,1,5.71687164599047
#Ross_Mac,pray,1,5.71687164599047
#Ross_Mac,noble,1,5.71687164599047
#Ross_Mac,dare,1,5.71687164599047
#Ross_Mac,made,1,5.71687164599047
#Ross_Mac,'tis,2,5.655472388992696
#Ross_Mac,god,1,5.461900549172691
#Ross_Mac,against,1,5.461900549172691
#Ross_Mac,there,2,5.443671272279253
#Ross_Mac,deed,1,5.231044939277928
#Ross_Mac,dead,1,5.231044939277928
#Ross_Mac,macbeth,2,5.1570888619041435
#Ross_Mac,men,1,5.020979738808599
#Ross_Mac,down,1,5.020979738808599
#Ross_Mac,hail,1,5.020979738808599
#Ross_Mac,macduff,1,5.020979738808599
#Ross_Mac,poor,1,5.020979738808599
#Ross_Mac,own,1,4.828957202129643
#Ross_Mac,though,1,4.828957202129643
#Ross_Mac,way,1,4.652690876576281
#Ross_Mac,still,1,4.490264837247964
#Ross_Mac,has,1,4.490264837247964
#Ross_Mac,cannot,1,4.3400626794034185
#Ross_Mac,again,1,4.200711768797744
#Ross_Mac,night,1,4.0710392370509645
#Ross_Mac,things,1,3.950037031062201
#Ross_Mac,these,1,3.950037031062201
#Ross_Mac,does,1,3.836833969886355
#Ross_Mac,mine,1,3.630894244350404
#Ross_Mac,up,1,3.630894244350404
#Ross_Mac,speak,1,3.284986434813444
#Ross_Mac,see,1,3.209667006004234
#Ross_Mac,why,1,3.1381123367553743
#Ross_Mac,had,1,3.005182099748186
#Ross_Mac,done,1,2.7736566016564663
#Ross_Mac,time,1,2.4510651666830725
#Ross_Mac,more,1,2.2338143303484954
#Porter_Mac,knock,10,86.82548529102448
#Porter_Mac,here's,4,41.41201981226692
#Porter_Mac,faith,3,38.462292907253854
#Porter_Mac,who's,3,33.21663932923273
#Porter_Mac,takes,2,25.641528604835905
#Porter_Mac,makes,2,23.788559620851455
#Porter_Mac,sir,5,23.124000599751632
#Porter_Mac,anon,2,22.144426219488487
#Porter_Mac,hell,2,20.70600990613346
#Porter_Mac,drink,2,20.70600990613346
#Porter_Mac,lie,2,19.447851401945083
#Porter_Mac,enough,2,18.342366944053545
#Porter_Mac,stand,2,17.365097058204896
#Porter_Mac,name,2,15.016214996626807
#Porter_Mac,could,2,15.016214996626807
#Porter_Mac,gate,1,13.804006604088974
#Porter_Mac,remember,1,13.804006604088974
#Porter_Mac,second,1,13.804006604088974
#Porter_Mac,i',2,13.276085659903051
#Porter_Mac,th',5,12.941256191333412
#Porter_Mac,indeed,1,12.820764302417953
#Porter_Mac,hither,1,12.820764302417953
#Porter_Mac,strong,1,12.820764302417953
#Porter_Mac,come,4,12.105985771604729
#Porter_Mac,old,1,11.894279810425727
#Porter_Mac,english,1,11.894279810425727
#Porter_Mac,cold,1,11.894279810425727
#Porter_Mac,said,1,11.894279810425727
#Porter_Mac,there,3,11.224573405298614
#Porter_Mac,knocking,1,11.072213109744244
#Porter_Mac,three,1,11.072213109744244
#Porter_Mac,desire,1,11.072213109744244
#Porter_Mac,himself,1,10.35300495306673
#Porter_Mac,off,1,10.35300495306673
#Porter_Mac,sleep,2,9.982292447898732
#Porter_Mac,further,1,9.723925700972542
#Porter_Mac,away,1,9.723925700972542
#Porter_Mac,place,1,9.171183472026772
#Porter_Mac,being,1,9.171183472026772
#Porter_Mac,may,2,8.824226914391438
#Porter_Mac,very,1,8.682548529102448
#Porter_Mac,about,1,8.247807672561027
#Porter_Mac,never,1,7.858599124192736
#Porter_Mac,pray,1,7.858599124192736
#Porter_Mac,much,1,7.858599124192736
#Porter_Mac,think,1,7.858599124192736
#Porter_Mac,made,1,7.858599124192736
#Porter_Mac,other,1,7.508107498313404
#Porter_Mac,against,1,7.508107498313404
#Porter_Mac,thought,1,7.508107498313404
#Porter_Mac,heaven,1,7.190765811097747
#Porter_Mac,though,1,6.638042829951526
#Porter_Mac,both,1,6.395741362051711
#Porter_Mac,way,1,6.395741362051711
#Porter_Mac,till,1,5.9659923964222825
#Porter_Mac,things,1,5.429850357862317
#Porter_Mac,o,1,5.274237719954594
#Porter_Mac,out,1,4.991146223949366
#Porter_Mac,go,1,4.991146223949366
#Porter_Mac,up,1,4.991146223949366
#Porter_Mac,man,1,4.624800119950327
#Porter_Mac,great,1,4.412113457195719
#Porter_Mac,had,1,4.131021803451585
#Porter_Mac,i'll,1,4.045980379437127
#Porter_Mac,should,1,3.60759430504869
#Porter_Mac,did,1,3.60759430504869
#Porter_Mac,who,1,3.5445516816848595
#Porter_Mac,time,1,3.369314507129836
#Porter_Mac,'t,1,3.369314507129836
#Malcolm_Mac,grief,4,33.187313321959294
#Malcolm_Mac,grace,5,27.561467129511556
#Malcolm_Mac,forth,4,24.890484991469467
#Malcolm_Mac,sorrow,4,24.890484991469467
#Malcolm_Mac,england,4,24.890484991469467
#Malcolm_Mac,soldier,3,23.117566558826073
#Malcolm_Mac,myself,4,20.874407462474323
#Malcolm_Mac,none,4,18.89348497768787
#Malcolm_Mac,false,3,17.533549038329713
#Malcolm_Mac,spoke,2,16.593656660979647
#Malcolm_Mac,poor,4,16.593656660979647
#Malcolm_Mac,siward,2,16.593656660979647
#Malcolm_Mac,thousand,2,16.593656660979647
#Malcolm_Mac,spend,2,16.593656660979647
#Malcolm_Mac,may,6,15.91127082690038
#Malcolm_Mac,whom,3,15.65580559685574
#Malcolm_Mac,even,3,15.65580559685574
#Malcolm_Mac,power,3,15.65580559685574
#Malcolm_Mac,first,3,15.65580559685574
#Malcolm_Mac,friend,2,15.411711039217384
#Malcolm_Mac,strong,2,15.411711039217384
#Malcolm_Mac,wear,2,15.411711039217384
#Malcolm_Mac,ten,2,15.411711039217384
#Malcolm_Mac,safe,2,15.411711039217384
#Malcolm_Mac,more,8,14.764906440739615
#Malcolm_Mac,left,2,14.29799340615807
#Malcolm_Mac,country,2,14.29799340615807
#Malcolm_Mac,near,2,14.29799340615807
#Malcolm_Mac,one,5,14.244928040016866
#Malcolm_Mac,think,3,14.170113733265904
#Malcolm_Mac,each,3,14.170113733265904
#Malcolm_Mac,noble,3,14.170113733265904
#Malcolm_Mac,before,4,13.882782335167565
#Malcolm_Mac,would,7,13.727586852840583
#Malcolm_Mac,there's,3,13.538130077810314
#Malcolm_Mac,god,3,13.538130077810314
#Malcolm_Mac,throw,2,13.309795343467188
#Malcolm_Mac,let's,2,13.309795343467188
#Malcolm_Mac,gracious,2,13.309795343467188
#Malcolm_Mac,ever,2,13.309795343467188
#Malcolm_Mac,black,2,13.309795343467188
#Malcolm_Mac,desire,2,13.309795343467188
#Malcolm_Mac,king,5,13.259392355750316
#Malcolm_Mac,good,7,12.919293135647168
#Malcolm_Mac,such,4,12.680215590072253
#Malcolm_Mac,wisdom,2,12.445242495734734
#Malcolm_Mac,better,2,12.445242495734734
#Malcolm_Mac,off,2,12.445242495734734
#Malcolm_Mac,macduff,3,12.445242495734734
#Malcolm_Mac,truth,2,12.445242495734734
#Malcolm_Mac,put,3,12.445242495734734
#Malcolm_Mac,less,2,12.445242495734734
#Malcolm_Mac,given,2,12.445242495734734
#Malcolm_Mac,worthy,3,11.96928617686244
#Malcolm_Mac,own,3,11.96928617686244
#Malcolm_Mac,report,2,11.68903269221981
#Malcolm_Mac,away,2,11.68903269221981
#Malcolm_Mac,many,2,11.68903269221981
#Malcolm_Mac,hope,2,11.68903269221981
#Malcolm_Mac,son,2,11.68903269221981
#Malcolm_Mac,life,3,11.532383962661463
#Malcolm_Mac,there,5,11.24412176089489
#Malcolm_Mac,like,5,11.038780947622799
#Malcolm_Mac,thoughts,2,11.024586851804623
#Malcolm_Mac,honor,2,11.024586851804623
#Malcolm_Mac,friends,2,11.024586851804623
#Malcolm_Mac,speak,4,10.856434375535692
#Malcolm_Mac,macbeth,5,10.65217427626302
#Malcolm_Mac,find,2,10.437203731237162
#Malcolm_Mac,once,2,10.437203731237162
#Malcolm_Mac,else,2,10.437203731237162
#Malcolm_Mac,time,5,10.125547190336956
#Malcolm_Mac,know,4,9.931719019200017
#Malcolm_Mac,leave,2,9.914606146575643
#Malcolm_Mac,hands,2,9.914606146575643
#Malcolm_Mac,into,2,9.914606146575643
#Malcolm_Mac,about,2,9.914606146575643
#Malcolm_Mac,what's,2,9.914606146575643
#Malcolm_Mac,most,3,9.510161692554188
#Malcolm_Mac,those,3,9.510161692554188
#Malcolm_Mac,pray,2,9.446742488843935
#Malcolm_Mac,sword,2,9.446742488843935
#Malcolm_Mac,every,2,9.446742488843935
#Malcolm_Mac,never,2,9.446742488843935
#Malcolm_Mac,'tis,4,9.34528438277099
#Malcolm_Mac,whose,2,9.025420051873542
#Malcolm_Mac,name,2,9.025420051873542
#Malcolm_Mac,thought,2,9.025420051873542
#Malcolm_Mac,mine,3,8.99970955828445
#Malcolm_Mac,heaven,2,8.643946820738403
#Malcolm_Mac,man,3,8.339138141245982
#Malcolm_Mac,'gainst,1,8.296828330489824
#Malcolm_Mac,didst,1,8.296828330489824
#Malcolm_Mac,nothing,2,8.296828330489824
#Malcolm_Mac,'twere,1,8.296828330489824
#Malcolm_Mac,horse,1,8.296828330489824
#Malcolm_Mac,something,1,8.296828330489824
#Malcolm_Mac,mean,1,8.296828330489824
#Malcolm_Mac,pour,1,8.296828330489824
#Malcolm_Mac,sweet,1,8.296828330489824
#Malcolm_Mac,fit,1,8.296828330489824
#Malcolm_Mac,soul,1,8.296828330489824
#Malcolm_Mac,win,1,8.296828330489824
#Malcolm_Mac,broke,1,8.296828330489824
#Malcolm_Mac,country's,1,8.296828330489824
#Malcolm_Mac,men,2,8.296828330489824
#Malcolm_Mac,already,1,8.296828330489824
#Malcolm_Mac,thank,1,8.296828330489824
#Malcolm_Mac,work,1,8.296828330489824
#Malcolm_Mac,often,1,8.296828330489824
#Malcolm_Mac,people,1,8.296828330489824
#Malcolm_Mac,golden,1,8.296828330489824
#Malcolm_Mac,throne,1,8.296828330489824
#Malcolm_Mac,gives,1,8.296828330489824
#Malcolm_Mac,break,1,8.296828330489824
#Malcolm_Mac,cheer,1,8.296828330489824
#Malcolm_Mac,days,1,8.296828330489824
#Malcolm_Mac,down,2,8.296828330489824
#Malcolm_Mac,host,1,8.296828330489824
#Malcolm_Mac,worth,1,8.296828330489824
#Malcolm_Mac,loves,1,8.296828330489824
#Malcolm_Mac,cruel,1,8.296828330489824
#Malcolm_Mac,violent,1,8.296828330489824
#Malcolm_Mac,perform,1,8.296828330489824
#Malcolm_Mac,show,2,7.9795241179082925
#Malcolm_Mac,though,2,7.9795241179082925
#Malcolm_Mac,why,3,7.778276559834209
#Malcolm_Mac,saw,1,7.705855519608692
#Malcolm_Mac,die,1,7.705855519608692
#Malcolm_Mac,dearest,1,7.705855519608692
#Malcolm_Mac,thing,1,7.705855519608692
#Malcolm_Mac,honest,1,7.705855519608692
#Malcolm_Mac,innocent,1,7.705855519608692
#Malcolm_Mac,foul,1,7.705855519608692
#Malcolm_Mac,withal,1,7.705855519608692
#Malcolm_Mac,fill,1,7.705855519608692
#Malcolm_Mac,faith,1,7.705855519608692
#Malcolm_Mac,indeed,1,7.705855519608692
#Malcolm_Mac,point,1,7.705855519608692
#Malcolm_Mac,chance,1,7.705855519608692
#Malcolm_Mac,doctor,1,7.705855519608692
#Malcolm_Mac,called,1,7.705855519608692
#Malcolm_Mac,means,1,7.705855519608692
#Malcolm_Mac,comfort,1,7.705855519608692
#Malcolm_Mac,thither,1,7.705855519608692
#Malcolm_Mac,strike,1,7.705855519608692
#Malcolm_Mac,thanes,1,7.705855519608692
#Malcolm_Mac,home,1,7.705855519608692
#Malcolm_Mac,day,2,7.6882559751076425
#Malcolm_Mac,had,3,7.448789264400012
#Malcolm_Mac,still,2,7.419857966190721
#Malcolm_Mac,i'll,3,7.29544811144388
#Malcolm_Mac,now,4,7.1733694644848445
#Malcolm_Mac,nature,2,7.171659092000276
#Malcolm_Mac,back,1,7.148996703079035
#Malcolm_Mac,deep,1,7.148996703079035
#Malcolm_Mac,young,1,7.148996703079035
#Malcolm_Mac,through,1,7.148996703079035
#Malcolm_Mac,tyrant's,1,7.148996703079035
#Malcolm_Mac,house,1,7.148996703079035
#Malcolm_Mac,command,1,7.148996703079035
#Malcolm_Mac,old,1,7.148996703079035
#Malcolm_Mac,together,1,7.148996703079035
#Malcolm_Mac,since,1,7.148996703079035
#Malcolm_Mac,seen,1,7.148996703079035
#Malcolm_Mac,makes,1,7.148996703079035
#Malcolm_Mac,coming,1,7.148996703079035
#Malcolm_Mac,receive,1,7.148996703079035
#Malcolm_Mac,cousin,1,7.148996703079035
#Malcolm_Mac,'s,1,7.148996703079035
#Malcolm_Mac,heart,2,6.727116107525823
#Malcolm_Mac,set,1,6.654897671733594
#Malcolm_Mac,died,1,6.654897671733594
#Malcolm_Mac,head,1,6.654897671733594
#Malcolm_Mac,seem,1,6.654897671733594
#Malcolm_Mac,state,1,6.654897671733594
#Malcolm_Mac,earth,1,6.654897671733594
#Malcolm_Mac,devil,1,6.654897671733594
#Malcolm_Mac,anon,1,6.654897671733594
#Malcolm_Mac,knows,1,6.654897671733594
#Malcolm_Mac,he's,1,6.654897671733594
#Malcolm_Mac,fled,1,6.654897671733594
#Malcolm_Mac,things,2,6.527168172476484
#Malcolm_Mac,did,3,6.504978915217736
#Malcolm_Mac,should,3,6.504978915217736
#Malcolm_Mac,who,3,6.391304565757813
#Malcolm_Mac,does,2,6.340107795036126
#Malcolm_Mac,fell,1,6.222621247867367
#Malcolm_Mac,hell,1,6.222621247867367
#Malcolm_Mac,himself,1,6.222621247867367
#Malcolm_Mac,best,1,6.222621247867367
#Malcolm_Mac,hang,1,6.222621247867367
#Malcolm_Mac,goes,1,6.222621247867367
#Malcolm_Mac,out,2,5.999806372189633
#Malcolm_Mac,up,2,5.999806372189633
#Malcolm_Mac,that's,1,5.844516346109905
#Malcolm_Mac,itself,1,5.844516346109905
#Malcolm_Mac,tyrant,1,5.844516346109905
#Malcolm_Mac,we'll,1,5.844516346109905
#Malcolm_Mac,full,1,5.844516346109905
#Malcolm_Mac,thanks,1,5.844516346109905
#Malcolm_Mac,being,1,5.512293425902311
#Malcolm_Mac,woman,1,5.512293425902311
#Malcolm_Mac,thine,1,5.512293425902311
#Malcolm_Mac,words,1,5.512293425902311
#Malcolm_Mac,enough,1,5.512293425902311
#Malcolm_Mac,place,1,5.512293425902311
#Malcolm_Mac,very,1,5.218601865618581
#Malcolm_Mac,hold,1,5.218601865618581
#Malcolm_Mac,peace,1,5.218601865618581
#Malcolm_Mac,eye,1,5.218601865618581
#Malcolm_Mac,bear,1,5.218601865618581
#Malcolm_Mac,new,1,4.957303073287822
#Malcolm_Mac,scotland,1,4.957303073287822
#Malcolm_Mac,wife,1,4.723371244421967
#Malcolm_Mac,comes,1,4.723371244421967
#Malcolm_Mac,without,1,4.512710025936771
#Malcolm_Mac,bloody,1,4.512710025936771
#Malcolm_Mac,could,1,4.512710025936771
#Malcolm_Mac,against,1,4.512710025936771
#Malcolm_Mac,dead,1,4.321973410369202
#Malcolm_Mac,hail,1,4.148414165244912
#Malcolm_Mac,strange,1,4.148414165244912
#Malcolm_Mac,'t,2,4.050218876134783
#Malcolm_Mac,way,1,3.8441279875538212
#Malcolm_Mac,both,1,3.8441279875538212
#Malcolm_Mac,take,1,3.8441279875538212
#Malcolm_Mac,love,1,3.7099289830953603
#Malcolm_Mac,has,1,3.7099289830953603
#Malcolm_Mac,come,2,3.6381207499786496
#Malcolm_Mac,death,1,3.585829546000138
#Malcolm_Mac,cannot,1,3.585829546000138
#Malcolm_Mac,hand,1,3.4706955837918914
#Malcolm_Mac,been,1,3.3635580537629113
#Malcolm_Mac,night,1,3.3635580537629113
#Malcolm_Mac,look,1,3.263584086238242
#Malcolm_Mac,these,1,3.263584086238242
#Malcolm_Mac,o,1,3.170053897518063
#Malcolm_Mac,can,1,3.170053897518063
#Malcolm_Mac,thane,1,3.0823422078434763
#Malcolm_Mac,go,1,2.9999031860948167
#Malcolm_Mac,great,1,2.651878471150063
#Malcolm_Mac,see,1,2.651878471150063
#Malcolm_Mac,must,1,2.4318160371479607
#Malcolm_Mac,fear,1,2.4318160371479607
#Malcolm_Mac,or,1,2.3829989010263453
#Macduff_Mac,scotland,8,44.01798548692593
#Macduff_Mac,horror,4,34.211771139657095
#Macduff_Mac,new,6,33.013489115194446
#Macduff_Mac,o,9,31.666776761406226
#Macduff_Mac,tyrant,4,25.947963226963104
#Macduff_Mac,stands,3,25.658828354742823
#Macduff_Mac,see,8,23.547147779842312
#Macduff_Mac,malcolm,3,22.15936655480676
#Macduff_Mac,children,3,22.15936655480676
#Macduff_Mac,sword,4,20.97040304098611
#Macduff_Mac,murder,3,20.719979775031163
#Macduff_Mac,fell,3,20.719979775031163
#Macduff_Mac,royal,3,19.46097242022233
#Macduff_Mac,heaven,4,19.188312681307963
#Macduff_Mac,ring,2,18.417759800027703
#Macduff_Mac,bleed,2,18.417759800027703
#Macduff_Mac,villain,2,18.417759800027703
#Macduff_Mac,throne,2,18.417759800027703
#Macduff_Mac,bell,2,17.105885569828548
#Macduff_Mac,donalbain,2,17.105885569828548
#Macduff_Mac,gentle,2,17.105885569828548
#Macduff_Mac,murdered,2,17.105885569828548
#Macduff_Mac,strike,2,17.105885569828548
#Macduff_Mac,mine,5,16.64837878523703
#Macduff_Mac,cannot,4,15.920046704925355
#Macduff_Mac,late,2,15.869739476787064
#Macduff_Mac,thence,2,15.869739476787064
#Macduff_Mac,cousin,2,15.869739476787064
#Macduff_Mac,wife,3,15.727802280739581
#Macduff_Mac,speak,5,15.062322059155429
#Macduff_Mac,banquo,4,14.933225526674633
#Macduff_Mac,things,4,14.489370008208962
#Macduff_Mac,drink,2,13.813319850020775
#Macduff_Mac,true,2,13.813319850020775
#Macduff_Mac,up,4,13.318703028189624
#Macduff_Mac,own,3,13.285042729709565
#Macduff_Mac,lie,2,12.973981613481552
#Macduff_Mac,tongue,2,12.973981613481552
#Macduff_Mac,many,2,12.973981613481552
#Macduff_Mac,kings,2,12.973981613481552
#Macduff_Mac,has,3,12.353259251136775
#Macduff_Mac,call,2,12.236494744919815
#Macduff_Mac,face,2,12.236494744919815
#Macduff_Mac,live,2,12.236494744919815
#Macduff_Mac,did,5,12.033427553318631
#Macduff_Mac,king,4,11.773573889921156
#Macduff_Mac,may,4,11.773573889921156
#Macduff_Mac,welcome,2,11.584541926669598
#Macduff_Mac,look,3,10.86702750615672
#Macduff_Mac,does,3,10.555592253802075
#Macduff_Mac,most,3,10.555592253802075
#Macduff_Mac,can,3,10.555592253802075
#Macduff_Mac,comes,2,10.485201520493055
#Macduff_Mac,'tis,4,10.372590354335124
#Macduff_Mac,whose,2,10.01756406113002
#Macduff_Mac,o',2,9.594156340653981
#Macduff_Mac,one,3,9.486504452993339
#Macduff_Mac,went,1,9.208879900013851
#Macduff_Mac,bold,1,9.208879900013851
#Macduff_Mac,broke,1,9.208879900013851
#Macduff_Mac,approach,1,9.208879900013851
#Macduff_Mac,walk,1,9.208879900013851
#Macduff_Mac,sons,1,9.208879900013851
#Macduff_Mac,already,1,9.208879900013851
#Macduff_Mac,whole,1,9.208879900013851
#Macduff_Mac,damned,1,9.208879900013851
#Macduff_Mac,fit,1,9.208879900013851
#Macduff_Mac,days,1,9.208879900013851
#Macduff_Mac,breed,1,9.208879900013851
#Macduff_Mac,lived,1,9.208879900013851
#Macduff_Mac,speech,1,9.208879900013851
#Macduff_Mac,general,1,9.208879900013851
#Macduff_Mac,cause,1,9.208879900013851
#Macduff_Mac,due,1,9.208879900013851
#Macduff_Mac,quickly,1,9.208879900013851
#Macduff_Mac,feel,1,9.208879900013851
#Macduff_Mac,remember,1,9.208879900013851
#Macduff_Mac,macduff,2,9.208879900013851
#Macduff_Mac,play,1,9.208879900013851
#Macduff_Mac,note,1,9.208879900013851
#Macduff_Mac,charm,1,9.208879900013851
#Macduff_Mac,yield,1,9.208879900013851
#Macduff_Mac,hail,2,9.208879900013851
#Macduff_Mac,behold,1,9.208879900013851
#Macduff_Mac,show,2,8.856695153139707
#Macduff_Mac,great,3,8.830180417440868
#Macduff_Mac,friend,1,8.552942784914274
#Macduff_Mac,master,1,8.552942784914274
#Macduff_Mac,ear,1,8.552942784914274
#Macduff_Mac,fife,1,8.552942784914274
#Macduff_Mac,lay,1,8.552942784914274
#Macduff_Mac,sure,1,8.552942784914274
#Macduff_Mac,wear,1,8.552942784914274
#Macduff_Mac,title,1,8.552942784914274
#Macduff_Mac,root,1,8.552942784914274
#Macduff_Mac,fill,1,8.552942784914274
#Macduff_Mac,thyself,1,8.552942784914274
#Macduff_Mac,means,1,8.552942784914274
#Macduff_Mac,hither,1,8.552942784914274
#Macduff_Mac,killed,1,8.552942784914274
#Macduff_Mac,part,1,8.552942784914274
#Macduff_Mac,attend,1,8.552942784914274
#Macduff_Mac,noise,1,8.552942784914274
#Macduff_Mac,seems,1,8.552942784914274
#Macduff_Mac,free,1,8.552942784914274
#Macduff_Mac,take,2,8.533408562299408
#Macduff_Mac,still,2,8.235506167424516
#Macduff_Mac,death,2,7.960023352462677
#Macduff_Mac,command,1,7.934869738393532
#Macduff_Mac,chamber,1,7.934869738393532
#Macduff_Mac,rise,1,7.934869738393532
#Macduff_Mac,old,1,7.934869738393532
#Macduff_Mac,mortal,1,7.934869738393532
#Macduff_Mac,lost,1,7.934869738393532
#Macduff_Mac,country,1,7.934869738393532
#Macduff_Mac,tyrant's,1,7.934869738393532
#Macduff_Mac,fall,1,7.934869738393532
#Macduff_Mac,cold,1,7.934869738393532
#Macduff_Mac,themselves,1,7.934869738393532
#Macduff_Mac,shalt,1,7.934869738393532
#Macduff_Mac,since,1,7.934869738393532
#Macduff_Mac,issue,1,7.934869738393532
#Macduff_Mac,hast,1,7.934869738393532
#Macduff_Mac,again,2,7.704442596020566
#Macduff_Mac,there,3,7.4880975779644885
#Macduff_Mac,been,2,7.4666127633373165
#Macduff_Mac,three,1,7.386455518268921
#Macduff_Mac,knocking,1,7.386455518268921
#Macduff_Mac,trouble,1,7.386455518268921
#Macduff_Mac,bid,1,7.386455518268921
#Macduff_Mac,shake,1,7.386455518268921
#Macduff_Mac,fled,1,7.386455518268921
#Macduff_Mac,sit,1,7.386455518268921
#Macduff_Mac,devil,1,7.386455518268921
#Macduff_Mac,seem,1,7.386455518268921
#Macduff_Mac,died,1,7.386455518268921
#Macduff_Mac,set,1,7.386455518268921
#Macduff_Mac,breath,1,7.386455518268921
#Macduff_Mac,fortune,1,7.386455518268921
#Macduff_Mac,head,1,7.386455518268921
#Macduff_Mac,desire,1,7.386455518268921
#Macduff_Mac,like,3,7.3513494993490855
#Macduff_Mac,these,2,7.244685004104481
#Macduff_Mac,macbeth,3,7.093886218445974
#Macduff_Mac,those,2,7.037061502534717
#Macduff_Mac,such,2,7.037061502534717
#Macduff_Mac,last,1,6.906659925010388
#Macduff_Mac,almost,1,6.906659925010388
#Macduff_Mac,th',4,6.906659925010388
#Macduff_Mac,off,1,6.906659925010388
#Macduff_Mac,rather,1,6.906659925010388
#Macduff_Mac,cry,1,6.906659925010388
#Macduff_Mac,hell,1,6.906659925010388
#Macduff_Mac,goes,1,6.906659925010388
#Macduff_Mac,time,3,6.743175412349224
#Macduff_Mac,out,2,6.659351514094812
#Macduff_Mac,would,3,6.5299840377517295
#Macduff_Mac,sight,1,6.486990806740776
#Macduff_Mac,itself,1,6.486990806740776
#Macduff_Mac,away,1,6.486990806740776
#Macduff_Mac,gone,1,6.486990806740776
#Macduff_Mac,that's,1,6.486990806740776
#Macduff_Mac,hope,1,6.486990806740776
#Macduff_Mac,rest,1,6.486990806740776
#Macduff_Mac,bring,1,6.486990806740776
#Macduff_Mac,we'll,1,6.486990806740776
#Macduff_Mac,more,3,6.145492201883588
#Macduff_Mac,hour,1,6.118247372459908
#Macduff_Mac,two,1,6.118247372459908
#Macduff_Mac,enough,1,6.118247372459908
#Macduff_Mac,woman,1,6.118247372459908
#Macduff_Mac,within,1,6.118247372459908
#Macduff_Mac,words,1,6.118247372459908
#Macduff_Mac,tell,1,6.118247372459908
#Macduff_Mac,bed,1,5.792270963334799
#Macduff_Mac,hold,1,5.792270963334799
#Macduff_Mac,once,1,5.792270963334799
#Macduff_Mac,peace,1,5.792270963334799
#Macduff_Mac,eyes,1,5.792270963334799
#Macduff_Mac,myself,1,5.792270963334799
#Macduff_Mac,bear,1,5.792270963334799
#Macduff_Mac,else,1,5.792270963334799
#Macduff_Mac,find,1,5.792270963334799
#Macduff_Mac,whom,1,5.792270963334799
#Macduff_Mac,ere,1,5.502248185865741
#Macduff_Mac,what's,1,5.502248185865741
#Macduff_Mac,keep,1,5.502248185865741
#Macduff_Mac,i'll,2,5.398280145854503
#Macduff_Mac,fear,2,5.398280145854503
#Macduff_Mac,must,2,5.398280145854503
#Macduff_Mac,or,2,5.289913158929021
#Macduff_Mac,made,1,5.242600760246527
#Macduff_Mac,each,1,5.242600760246527
#Macduff_Mac,dare,1,5.242600760246527
#Macduff_Mac,father,1,5.242600760246527
#Macduff_Mac,every,1,5.242600760246527
#Macduff_Mac,name,1,5.00878203056501
#Macduff_Mac,other,1,5.00878203056501
#Macduff_Mac,could,1,5.00878203056501
#Macduff_Mac,deed,1,4.797078170326991
#Macduff_Mac,men,1,4.604439950006926
#Macduff_Mac,poor,1,4.604439950006926
#Macduff_Mac,put,1,4.604439950006926
#Macduff_Mac,worthy,1,4.428347576569854
#Macduff_Mac,life,1,4.266704281149704
#Macduff_Mac,hear,1,4.266704281149704
#Macduff_Mac,day,1,4.266704281149704
#Macduff_Mac,way,1,4.266704281149704
#Macduff_Mac,she,1,4.117753083712258
#Macduff_Mac,art,1,4.117753083712258
#Macduff_Mac,now,2,3.9809608711626603
#Macduff_Mac,nature,1,3.9800116762313387
#Macduff_Mac,night,1,3.7333063816686582
#Macduff_Mac,heart,1,3.7333063816686582
#Macduff_Mac,blood,1,3.6223425020522404
#Macduff_Mac,thane,1,3.42117711396571
#Macduff_Mac,sleep,1,3.329675757047406
#Macduff_Mac,man,1,3.0852802441847995
#Macduff_Mac,why,1,2.877774968754329
#Macduff_Mac,know,1,2.7558726059328005
#Macduff_Mac,lord,1,2.7558726059328005
#Macduff_Mac,done,1,2.5435544313305423
#Macduff_Mac,should,1,2.406685510663726
#Macduff_Mac,who,1,2.3646287394819914
#Macduff_Mac,'t,1,2.2477251374497413
#Macduff_Mac,good,1,2.0484974006278627
#Macduff_Mac,come,1,2.0190255669857744
#Macbeth_Mac,till,14,23.768318094677134
#Macbeth_Mac,tomorrow,8,23.56916130239643
#Macbeth_Mac,blood,14,21.63234579205338
#Macbeth_Mac,born,7,20.623016139596878
#Macbeth_Mac,sleep,14,19.88456290675404
#Macbeth_Mac,fear,17,19.573135994898237
#Macbeth_Mac,mind,7,19.36990058253525
#Macbeth_Mac,more,22,19.22401812376473
#Macbeth_Mac,now,22,18.6795609098095
#Macbeth_Mac,mine,13,18.464236984843037
#Macbeth_Mac,deed,9,18.41642692774257
#Macbeth_Mac,th',25,18.41340726749721
#Macbeth_Mac,hour,7,18.26884712411797
#Macbeth_Mac,woman,7,18.26884712411797
#Macbeth_Mac,hear,10,18.200302773683244
#Macbeth_Mac,love,10,17.564927853550817
#Macbeth_Mac,heart,11,17.517510522778213
#Macbeth_Mac,banquo,11,17.517510522778213
#Macbeth_Mac,else,7,17.295494328482118
#Macbeth_Mac,i'll,15,17.2704141131455
#Macbeth_Mac,time,18,17.258449530194586
#Macbeth_Mac,come,20,17.22494656557111
#Macbeth_Mac,man,13,17.108976894434427
#Macbeth_Mac,whose,8,17.092602341609265
#Macbeth_Mac,bring,6,16.602771927887357
#Macbeth_Mac,know,14,16.45785541720865
#Macbeth_Mac,hand,10,16.4322599728252
#Macbeth_Mac,life,9,16.38027249631492
#Macbeth_Mac,both,9,16.38027249631492
#Macbeth_Mac,see,13,16.322164252926793
#Macbeth_Mac,been,10,15.925009566162009
#Macbeth_Mac,black,5,15.754047855012436
#Macbeth_Mac,seyton,4,15.712774201597622
#Macbeth_Mac,being,6,15.659011820672546
#Macbeth_Mac,duncan,7,15.654200621708526
#Macbeth_Mac,dare,7,15.654200621708526
#Macbeth_Mac,out,11,15.62358514102103
#Macbeth_Mac,though,8,15.111854278114647
#Macbeth_Mac,those,10,15.008850103463313
#Macbeth_Mac,one,11,14.837601899455903
#Macbeth_Mac,eye,6,14.824709424413243
#Macbeth_Mac,wood,6,14.824709424413243
#Macbeth_Mac,cawdor,9,14.789033975542683
#Macbeth_Mac,present,5,14.730725813997767
#Macbeth_Mac,fears,5,14.730725813997767
#Macbeth_Mac,murder,5,14.730725813997767
#Macbeth_Mac,lies,5,14.730725813997767
#Macbeth_Mac,toward,4,14.593572746924345
#Macbeth_Mac,noise,4,14.593572746924345
#Macbeth_Mac,amen,4,14.593572746924345
#Macbeth_Mac,worst,4,14.593572746924345
#Macbeth_Mac,health,4,14.593572746924345
#Macbeth_Mac,way,8,14.560242218946595
#Macbeth_Mac,go,10,14.203259219110029
#Macbeth_Mac,done,13,14.104914481397097
#Macbeth_Mac,ere,6,14.082426573756571
#Macbeth_Mac,still,8,14.051942282840653
#Macbeth_Mac,kings,5,13.835643273239464
#Macbeth_Mac,business,5,13.835643273239464
#Macbeth_Mac,false,5,13.835643273239464
#Macbeth_Mac,sight,5,13.835643273239464
#Macbeth_Mac,we'll,5,13.835643273239464
#Macbeth_Mac,full,5,13.835643273239464
#Macbeth_Mac,dunsinane,5,13.835643273239464
#Macbeth_Mac,must,12,13.816331290516402
#Macbeth_Mac,strange,7,13.748677426397917
#Macbeth_Mac,nothing,7,13.748677426397917
#Macbeth_Mac,put,7,13.748677426397917
#Macbeth_Mac,like,13,13.588616351716855
#Macbeth_Mac,nature,8,13.581896054101222
#Macbeth_Mac,use,4,13.538977364476217
#Macbeth_Mac,crown,4,13.538977364476217
#Macbeth_Mac,fall,4,13.538977364476217
#Macbeth_Mac,deep,4,13.538977364476217
#Macbeth_Mac,word,4,13.538977364476217
#Macbeth_Mac,issue,4,13.538977364476217
#Macbeth_Mac,send,4,13.538977364476217
#Macbeth_Mac,can,9,13.507965093116983
#Macbeth_Mac,such,9,13.507965093116983
#Macbeth_Mac,'t,14,13.423238523484677
#Macbeth_Mac,every,6,13.417886247178735
#Macbeth_Mac,never,6,13.417886247178735
#Macbeth_Mac,again,8,13.145807978260162
#Macbeth_Mac,tell,5,13.04917651722712
#Macbeth_Mac,lives,5,13.04917651722712
#Macbeth_Mac,birnam,5,13.04917651722712
#Macbeth_Mac,would,14,12.998851124762872
#Macbeth_Mac,against,6,12.81945175620695
#Macbeth_Mac,other,6,12.81945175620695
#Macbeth_Mac,there's,6,12.81945175620695
#Macbeth_Mac,there,12,12.776666404554701
#Macbeth_Mac,day,7,12.740211941578272
#Macbeth_Mac,breath,4,12.603238284009947
#Macbeth_Mac,state,4,12.603238284009947
#Macbeth_Mac,might,4,12.603238284009947
#Macbeth_Mac,sit,4,12.603238284009947
#Macbeth_Mac,or,11,12.410729250769867
#Macbeth_Mac,first,5,12.353924520344368
#Macbeth_Mac,very,5,12.353924520344368
#Macbeth_Mac,eyes,5,12.353924520344368
#Macbeth_Mac,hence,5,12.353924520344368
#Macbeth_Mac,should,12,12.319317793445947
#Macbeth_Mac,art,7,12.29544949748557
#Macbeth_Mac,o',6,12.277617951828379
#Macbeth_Mac,why,10,12.27560484499814
#Macbeth_Mac,who,12,12.104038012494783
#Macbeth_Mac,owe,3,11.784580651198215
#Macbeth_Mac,wind,3,11.784580651198215
#Macbeth_Mac,gentlemen,3,11.784580651198215
#Macbeth_Mac,yield,3,11.784580651198215
#Macbeth_Mac,brain,3,11.784580651198215
#Macbeth_Mac,wrought,3,11.784580651198215
#Macbeth_Mac,labor,3,11.784580651198215
#Macbeth_Mac,down,6,11.784580651198215
#Macbeth_Mac,hide,3,11.784580651198215
#Macbeth_Mac,blow,3,11.784580651198215
#Macbeth_Mac,prithee,3,11.784580651198215
#Macbeth_Mac,whiles,3,11.784580651198215
#Macbeth_Mac,second,3,11.784580651198215
#Macbeth_Mac,laugh,3,11.784580651198215
#Macbeth_Mac,cried,3,11.784580651198215
#Macbeth_Mac,line,3,11.784580651198215
#Macbeth_Mac,enemy,3,11.784580651198215
#Macbeth_Mac,last,4,11.784580651198215
#Macbeth_Mac,soul,3,11.784580651198215
#Macbeth_Mac,perfect,3,11.784580651198215
#Macbeth_Mac,keeps,3,11.784580651198215
#Macbeth_Mac,better,4,11.784580651198215
#Macbeth_Mac,sweet,3,11.784580651198215
#Macbeth_Mac,behold,3,11.784580651198215
#Macbeth_Mac,had,10,11.755611012291894
#Macbeth_Mac,before,7,11.502581980977642
#Macbeth_Mac,good,13,11.3596470731337
#Macbeth_Mac,did,11,11.292707977325453
#Macbeth_Mac,thanks,4,11.068514618591571
#Macbeth_Mac,further,4,11.068514618591571
#Macbeth_Mac,fleance,4,11.068514618591571
#Macbeth_Mac,chance,3,10.945179560193257
#Macbeth_Mac,terrible,3,10.945179560193257
#Macbeth_Mac,bell,3,10.945179560193257
#Macbeth_Mac,sure,3,10.945179560193257
#Macbeth_Mac,innocent,3,10.945179560193257
#Macbeth_Mac,care,3,10.945179560193257
#Macbeth_Mac,afraid,3,10.945179560193257
#Macbeth_Mac,grave,3,10.945179560193257
#Macbeth_Mac,banquo's,3,10.945179560193257
#Macbeth_Mac,die,3,10.945179560193257
#Macbeth_Mac,doctor,3,10.945179560193257
#Macbeth_Mac,take,6,10.920181664209947
#Macbeth_Mac,things,7,10.81617289602669
#Macbeth_Mac,these,7,10.81617289602669
#Macbeth_Mac,air,5,10.682876463505792
#Macbeth_Mac,could,5,10.682876463505792
#Macbeth_Mac,bloody,5,10.682876463505792
#Macbeth_Mac,within,4,10.439341213781699
#Macbeth_Mac,friends,4,10.439341213781699
#Macbeth_Mac,honor,4,10.439341213781699
#Macbeth_Mac,tonight,4,10.439341213781699
#Macbeth_Mac,face,4,10.439341213781699
#Macbeth_Mac,fight,4,10.439341213781699
#Macbeth_Mac,speak,8,10.28011519476527
#Macbeth_Mac,thane,7,10.21550092284704
#Macbeth_Mac,death,6,10.186422040575916
#Macbeth_Mac,doth,3,10.154233023357165
#Macbeth_Mac,together,3,10.154233023357165
#Macbeth_Mac,fate,3,10.154233023357165
#Macbeth_Mac,round,3,10.154233023357165
#Macbeth_Mac,back,3,10.154233023357165
#Macbeth_Mac,rise,3,10.154233023357165
#Macbeth_Mac,mortal,3,10.154233023357165
#Macbeth_Mac,myself,4,9.883139616275496
#Macbeth_Mac,bear,4,9.883139616275496
#Macbeth_Mac,peace,4,9.883139616275496
#Macbeth_Mac,find,4,9.883139616275496
#Macbeth_Mac,even,4,9.883139616275496
#Macbeth_Mac,children,3,9.45242871300746
#Macbeth_Mac,while,3,9.45242871300746
#Macbeth_Mac,bid,3,9.45242871300746
#Macbeth_Mac,head,3,9.45242871300746
#Macbeth_Mac,sisters,3,9.45242871300746
#Macbeth_Mac,shake,3,9.45242871300746
#Macbeth_Mac,own,5,9.444908923821654
#Macbeth_Mac,i',5,9.444908923821654
#Macbeth_Mac,into,4,9.388284382504379
#Macbeth_Mac,keep,4,9.388284382504379
#Macbeth_Mac,fly,4,9.388284382504379
#Macbeth_Mac,does,6,9.005310062077987
#Macbeth_Mac,think,4,8.945257498119158
#Macbeth_Mac,each,4,8.945257498119158
#Macbeth_Mac,none,4,8.945257498119158
#Macbeth_Mac,much,4,8.945257498119158
#Macbeth_Mac,sword,4,8.945257498119158
#Macbeth_Mac,glamis,3,8.838435488398662
#Macbeth_Mac,less,3,8.838435488398662
#Macbeth_Mac,drink,3,8.838435488398662
#Macbeth_Mac,heard,3,8.838435488398662
#Macbeth_Mac,cry,3,8.838435488398662
#Macbeth_Mac,rather,3,8.838435488398662
#Macbeth_Mac,best,3,8.838435488398662
#Macbeth_Mac,hang,3,8.838435488398662
#Macbeth_Mac,may,7,8.788857674652888
#Macbeth_Mac,thought,4,8.546301170804632
#Macbeth_Mac,without,4,8.546301170804632
#Macbeth_Mac,up,6,8.521955531466016
#Macbeth_Mac,cannot,5,8.488685033813262
#Macbeth_Mac,get,3,8.301385963943678
#Macbeth_Mac,tongue,3,8.301385963943678
#Macbeth_Mac,that's,3,8.301385963943678
#Macbeth_Mac,gone,3,8.301385963943678
#Macbeth_Mac,dead,4,8.185078634552253
#Macbeth_Mac,night,5,7.9625047830810045
#Macbeth_Mac,went,2,7.856387100798811
#Macbeth_Mac,pains,2,7.856387100798811
#Macbeth_Mac,act,2,7.856387100798811
#Macbeth_Mac,success,2,7.856387100798811
#Macbeth_Mac,approach,2,7.856387100798811
#Macbeth_Mac,'twere,2,7.856387100798811
#Macbeth_Mac,quickly,2,7.856387100798811
#Macbeth_Mac,trust,2,7.856387100798811
#Macbeth_Mac,host,2,7.856387100798811
#Macbeth_Mac,news,2,7.856387100798811
#Macbeth_Mac,golden,2,7.856387100798811
#Macbeth_Mac,fail,2,7.856387100798811
#Macbeth_Mac,senses,2,7.856387100798811
#Macbeth_Mac,o'er,2,7.856387100798811
#Macbeth_Mac,pale,2,7.856387100798811
#Macbeth_Mac,didst,2,7.856387100798811
#Macbeth_Mac,day's,2,7.856387100798811
#Macbeth_Mac,nature's,2,7.856387100798811
#Macbeth_Mac,lived,2,7.856387100798811
#Macbeth_Mac,horse,2,7.856387100798811
#Macbeth_Mac,swift,2,7.856387100798811
#Macbeth_Mac,men,4,7.856387100798811
#Macbeth_Mac,spirits,2,7.856387100798811
#Macbeth_Mac,flight,2,7.856387100798811
#Macbeth_Mac,dear,2,7.856387100798811
#Macbeth_Mac,night's,2,7.856387100798811
#Macbeth_Mac,play,2,7.856387100798811
#Macbeth_Mac,whole,2,7.856387100798811
#Macbeth_Mac,general,2,7.856387100798811
#Macbeth_Mac,macduff,4,7.856387100798811
#Macbeth_Mac,start,2,7.856387100798811
#Macbeth_Mac,damned,2,7.856387100798811
#Macbeth_Mac,doubt,2,7.856387100798811
#Macbeth_Mac,soldiers,2,7.856387100798811
#Macbeth_Mac,scorn,2,7.856387100798811
#Macbeth_Mac,arm,2,7.856387100798811
#Macbeth_Mac,enough,3,7.829505910336273
#Macbeth_Mac,words,3,7.829505910336273
#Macbeth_Mac,call,3,7.829505910336273
#Macbeth_Mac,live,3,7.829505910336273
#Macbeth_Mac,double,3,7.412354712206621
#Macbeth_Mac,hold,3,7.412354712206621
#Macbeth_Mac,welcome,3,7.412354712206621
#Macbeth_Mac,power,3,7.412354712206621
#Macbeth_Mac,stay,2,7.296786373462172
#Macbeth_Mac,free,2,7.296786373462172
#Macbeth_Mac,part,2,7.296786373462172
#Macbeth_Mac,duties,2,7.296786373462172
#Macbeth_Mac,safe,2,7.296786373462172
#Macbeth_Mac,dearest,2,7.296786373462172
#Macbeth_Mac,return,2,7.296786373462172
#Macbeth_Mac,strong,2,7.296786373462172
#Macbeth_Mac,borne,2,7.296786373462172
#Macbeth_Mac,friend,2,7.296786373462172
#Macbeth_Mac,thing,2,7.296786373462172
#Macbeth_Mac,feast,2,7.296786373462172
#Macbeth_Mac,murdered,2,7.296786373462172
#Macbeth_Mac,lay,2,7.296786373462172
#Macbeth_Mac,far,2,7.296786373462172
#Macbeth_Mac,horses,2,7.296786373462172
#Macbeth_Mac,former,2,7.296786373462172
#Macbeth_Mac,saw,2,7.296786373462172
#Macbeth_Mac,ear,2,7.296786373462172
#Macbeth_Mac,answer,2,7.296786373462172
#Macbeth_Mac,'em,2,7.296786373462172
#Macbeth_Mac,purpose,2,7.296786373462172
#Macbeth_Mac,thanes,2,7.296786373462172
#Macbeth_Mac,sound,2,7.296786373462172
#Macbeth_Mac,only,3,7.0412132868782855
#Macbeth_Mac,seen,2,6.769488682238109
#Macbeth_Mac,whence,2,6.769488682238109
#Macbeth_Mac,through,2,6.769488682238109
#Macbeth_Mac,receive,2,6.769488682238109
#Macbeth_Mac,chamber,2,6.769488682238109
#Macbeth_Mac,world,2,6.769488682238109
#Macbeth_Mac,cold,2,6.769488682238109
#Macbeth_Mac,'s,2,6.769488682238109
#Macbeth_Mac,house,2,6.769488682238109
#Macbeth_Mac,thence,2,6.769488682238109
#Macbeth_Mac,after,2,6.769488682238109
#Macbeth_Mac,hast,2,6.769488682238109
#Macbeth_Mac,weïrd,2,6.769488682238109
#Macbeth_Mac,young,2,6.769488682238109
#Macbeth_Mac,came,2,6.769488682238109
#Macbeth_Mac,english,2,6.769488682238109
#Macbeth_Mac,wife,3,6.708943123589368
#Macbeth_Mac,comes,3,6.708943123589368
#Macbeth_Mac,pray,3,6.708943123589368
#Macbeth_Mac,god,3,6.409725878103475
#Macbeth_Mac,he's,2,6.301619142004974
#Macbeth_Mac,daggers,2,6.301619142004974
#Macbeth_Mac,earth,2,6.301619142004974
#Macbeth_Mac,who's,2,6.301619142004974
#Macbeth_Mac,knocking,2,6.301619142004974
#Macbeth_Mac,died,2,6.301619142004974
#Macbeth_Mac,anon,2,6.301619142004974
#Macbeth_Mac,fled,2,6.301619142004974
#Macbeth_Mac,devil,2,6.301619142004974
#Macbeth_Mac,ever,2,6.301619142004974
#Macbeth_Mac,throw,2,6.301619142004974
#Macbeth_Mac,king,5,6.2777554818949195
#Macbeth_Mac,great,5,6.2777554818949195
#Macbeth_Mac,look,4,6.180670226300965
#Macbeth_Mac,given,2,5.892290325599108
#Macbeth_Mac,truth,2,5.892290325599108
#Macbeth_Mac,forth,2,5.892290325599108
#Macbeth_Mac,england,2,5.892290325599108
#Macbeth_Mac,under,2,5.892290325599108
#Macbeth_Mac,off,2,5.892290325599108
#Macbeth_Mac,poor,3,5.892290325599108
#Macbeth_Mac,ay,3,5.666945354292992
#Macbeth_Mac,hope,2,5.534257309295786
#Macbeth_Mac,itself,2,5.534257309295786
#Macbeth_Mac,rest,2,5.534257309295786
#Macbeth_Mac,light,2,5.534257309295786
#Macbeth_Mac,son,2,5.534257309295786
#Macbeth_Mac,lie,2,5.534257309295786
#Macbeth_Mac,'tis,5,5.530740841073004
#Macbeth_Mac,has,3,5.269478356065244
#Macbeth_Mac,two,2,5.219670606890849
#Macbeth_Mac,known,2,5.219670606890849
#Macbeth_Mac,thoughts,2,5.219670606890849
#Macbeth_Mac,thine,2,5.219670606890849
#Macbeth_Mac,macbeth,5,5.043349171872825
#Macbeth_Mac,whom,2,4.941569808137748
#Macbeth_Mac,stand,2,4.941569808137748
#Macbeth_Mac,leave,2,4.6941421912521895
#Macbeth_Mac,hands,2,4.6941421912521895
#Macbeth_Mac,what's,2,4.6941421912521895
#Macbeth_Mac,most,3,4.5026550310389934
#Macbeth_Mac,made,2,4.472628749059579
#Macbeth_Mac,name,2,4.273150585402316
#Macbeth_Mac,heaven,2,4.092539317276127
#Macbeth_Mac,sir,3,3.9482254371771752
#Macbeth_Mac,promised,1,3.9281935503994054
#Macbeth_Mac,thank,1,3.9281935503994054
#Macbeth_Mac,kind,1,3.9281935503994054
#Macbeth_Mac,throne,1,3.9281935503994054
#Macbeth_Mac,clear,1,3.9281935503994054
#Macbeth_Mac,people,1,3.9281935503994054
#Macbeth_Mac,become,1,3.9281935503994054
#Macbeth_Mac,spend,1,3.9281935503994054
#Macbeth_Mac,fatal,1,3.9281935503994054
#Macbeth_Mac,worth,1,3.9281935503994054
#Macbeth_Mac,towards,1,3.9281935503994054
#Macbeth_Mac,walk,1,3.9281935503994054
#Macbeth_Mac,gives,1,3.9281935503994054
#Macbeth_Mac,stood,1,3.9281935503994054
#Macbeth_Mac,pronounce,1,3.9281935503994054
#Macbeth_Mac,violent,1,3.9281935503994054
#Macbeth_Mac,cruel,1,3.9281935503994054
#Macbeth_Mac,cause,1,3.9281935503994054
#Macbeth_Mac,farewell,1,3.9281935503994054
#Macbeth_Mac,valor,1,3.9281935503994054
#Macbeth_Mac,mark,1,3.9281935503994054
#Macbeth_Mac,spoke,1,3.9281935503994054
#Macbeth_Mac,heavy,1,3.9281935503994054
#Macbeth_Mac,loves,1,3.9281935503994054
#Macbeth_Mac,something,1,3.9281935503994054
#Macbeth_Mac,work,1,3.9281935503994054
#Macbeth_Mac,sent,1,3.9281935503994054
#Macbeth_Mac,honors,1,3.9281935503994054
#Macbeth_Mac,note,1,3.9281935503994054
#Macbeth_Mac,fit,1,3.9281935503994054
#Macbeth_Mac,breed,1,3.9281935503994054
#Macbeth_Mac,country's,1,3.9281935503994054
#Macbeth_Mac,bold,1,3.9281935503994054
#Macbeth_Mac,move,1,3.9281935503994054
#Macbeth_Mac,pay,1,3.9281935503994054
#Macbeth_Mac,castle,1,3.9281935503994054
#Macbeth_Mac,villain,1,3.9281935503994054
#Macbeth_Mac,cheer,1,3.9281935503994054
#Macbeth_Mac,bosom,1,3.9281935503994054
#Macbeth_Mac,water,1,3.9281935503994054
#Macbeth_Mac,hereafter,1,3.9281935503994054
#Macbeth_Mac,speech,1,3.9281935503994054
#Macbeth_Mac,sun,1,3.9281935503994054
#Macbeth_Mac,ring,1,3.9281935503994054
#Macbeth_Mac,already,1,3.9281935503994054
#Macbeth_Mac,bleed,1,3.9281935503994054
#Macbeth_Mac,break,1,3.9281935503994054
#Macbeth_Mac,cries,1,3.9281935503994054
#Macbeth_Mac,show,2,3.7779635695286617
#Macbeth_Mac,foul,1,3.648393186731086
#Macbeth_Mac,stands,1,3.648393186731086
#Macbeth_Mac,strike,1,3.648393186731086
#Macbeth_Mac,seems,1,3.648393186731086
#Macbeth_Mac,horror,1,3.648393186731086
#Macbeth_Mac,reason,1,3.648393186731086
#Macbeth_Mac,master,1,3.648393186731086
#Macbeth_Mac,attend,1,3.648393186731086
#Macbeth_Mac,pleasure,1,3.648393186731086
#Macbeth_Mac,point,1,3.648393186731086
#Macbeth_Mac,takes,1,3.648393186731086
#Macbeth_Mac,wear,1,3.648393186731086
#Macbeth_Mac,certain,1,3.648393186731086
#Macbeth_Mac,dark,1,3.648393186731086
#Macbeth_Mac,killed,1,3.648393186731086
#Macbeth_Mac,faces,1,3.648393186731086
#Macbeth_Mac,comfort,1,3.648393186731086
#Macbeth_Mac,hostess,1,3.648393186731086
#Macbeth_Mac,gentle,1,3.648393186731086
#Macbeth_Mac,fill,1,3.648393186731086
#Macbeth_Mac,means,1,3.648393186731086
#Macbeth_Mac,root,1,3.648393186731086
#Macbeth_Mac,another,1,3.648393186731086
#Macbeth_Mac,fife,1,3.648393186731086
#Macbeth_Mac,home,1,3.648393186731086
#Macbeth_Mac,she,2,3.512985570710163
#Macbeth_Mac,fair,1,3.3847443411190543
#Macbeth_Mac,late,1,3.3847443411190543
#Macbeth_Mac,left,1,3.3847443411190543
#Macbeth_Mac,said,1,3.3847443411190543
#Macbeth_Mac,makes,1,3.3847443411190543
#Macbeth_Mac,themselves,1,3.3847443411190543
#Macbeth_Mac,since,1,3.3847443411190543
#Macbeth_Mac,any,1,3.3847443411190543
#Macbeth_Mac,shalt,1,3.3847443411190543
#Macbeth_Mac,old,1,3.3847443411190543
#Macbeth_Mac,country,1,3.3847443411190543
#Macbeth_Mac,hark,1,3.150809571002487
#Macbeth_Mac,let's,1,3.150809571002487
#Macbeth_Mac,gracious,1,3.150809571002487
#Macbeth_Mac,fortune,1,3.150809571002487
#Macbeth_Mac,three,1,3.150809571002487
#Macbeth_Mac,malcolm,1,3.150809571002487
#Macbeth_Mac,o,2,3.0017700206926623
#Macbeth_Mac,hell,1,2.946145162799554
#Macbeth_Mac,meet,1,2.946145162799554
#Macbeth_Mac,here's,1,2.946145162799554
#Macbeth_Mac,goes,1,2.946145162799554
#Macbeth_Mac,wisdom,1,2.946145162799554
#Macbeth_Mac,cauldron,1,2.946145162799554
#Macbeth_Mac,true,1,2.946145162799554
#Macbeth_Mac,sorrow,1,2.946145162799554
#Macbeth_Mac,almost,1,2.946145162799554
#Macbeth_Mac,fell,1,2.946145162799554
#Macbeth_Mac,away,1,2.767128654647893
#Macbeth_Mac,many,1,2.767128654647893
#Macbeth_Mac,grace,1,2.6098353034454247
#Macbeth_Mac,knock,1,2.470784904068874
#Macbeth_Mac,bed,1,2.470784904068874
#Macbeth_Mac,once,1,2.470784904068874
#Macbeth_Mac,father,1,2.2363143745297895
#Macbeth_Mac,worthy,1,1.8889817847643309
#Lennox_Mac,please,3,29.049426140202485
#Lennox_Mac,fleance,3,25.512014503642746
#Lennox_Mac,majesty,2,22.424655424804996
#Lennox_Mac,borne,2,22.424655424804996
#Lennox_Mac,highness,2,20.80415176376875
#Lennox_Mac,late,2,20.80415176376875
#Lennox_Mac,gracious,2,19.366284093468323
#Lennox_Mac,fled,2,19.366284093468323
#Lennox_Mac,under,2,18.10832515188161
#Lennox_Mac,macduff,3,18.10832515188161
#Lennox_Mac,england,2,18.10832515188161
#Lennox_Mac,lord,5,18.063810064211104
#Lennox_Mac,'t,6,17.679690943058763
#Lennox_Mac,sir,4,16.178372311067857
#Lennox_Mac,two,2,16.041214419570935
#Lennox_Mac,night,3,14.682334135066526
#Lennox_Mac,things,3,14.24593578173252
#Lennox_Mac,can,3,13.83766529537382
#Lennox_Mac,father,2,13.7453878196997
#Lennox_Mac,strange,2,12.072216767921073
#Lennox_Mac,mean,1,12.072216767921073
#Lennox_Mac,man's,1,12.072216767921073
#Lennox_Mac,valiant,1,12.072216767921073
#Lennox_Mac,men,2,12.072216767921073
#Lennox_Mac,walk,1,12.072216767921073
#Lennox_Mac,sons,1,12.072216767921073
#Lennox_Mac,'twere,1,12.072216767921073
#Lennox_Mac,sent,1,12.072216767921073
#Lennox_Mac,court,1,12.072216767921073
#Lennox_Mac,swift,1,12.072216767921073
#Lennox_Mac,towards,1,12.072216767921073
#Lennox_Mac,ay,2,11.610526458916864
#Lennox_Mac,may,3,11.575767439320998
#Lennox_Mac,seems,1,11.212327712402498
#Lennox_Mac,lay,1,11.212327712402498
#Lennox_Mac,terrible,1,11.212327712402498
#Lennox_Mac,faces,1,11.212327712402498
#Lennox_Mac,health,1,11.212327712402498
#Lennox_Mac,attend,1,11.212327712402498
#Lennox_Mac,former,1,11.212327712402498
#Lennox_Mac,killed,1,11.212327712402498
#Lennox_Mac,donalbain,1,11.212327712402498
#Lennox_Mac,feast,1,11.212327712402498
#Lennox_Mac,return,1,11.212327712402498
#Lennox_Mac,indeed,1,11.212327712402498
#Lennox_Mac,certain,1,11.212327712402498
#Lennox_Mac,hear,2,11.186719671863374
#Lennox_Mac,has,2,10.796189843517247
#Lennox_Mac,good,4,10.741764443628036
#Lennox_Mac,cannot,2,10.435050563369678
#Lennox_Mac,through,1,10.402075881884375
#Lennox_Mac,young,1,10.402075881884375
#Lennox_Mac,chamber,1,10.402075881884375
#Lennox_Mac,any,1,10.402075881884375
#Lennox_Mac,tyrant's,1,10.402075881884375
#Lennox_Mac,country,1,10.402075881884375
#Lennox_Mac,word,1,10.402075881884375
#Lennox_Mac,been,2,9.788222756711018
#Lennox_Mac,earth,1,9.683142046734162
#Lennox_Mac,shake,1,9.683142046734162
#Lennox_Mac,daggers,1,9.683142046734162
#Lennox_Mac,sit,1,9.683142046734162
#Lennox_Mac,malcolm,1,9.683142046734162
#Lennox_Mac,might,1,9.683142046734162
#Lennox_Mac,three,1,9.683142046734162
#Lennox_Mac,should,3,9.465004265145307
#Lennox_Mac,did,3,9.465004265145307
#Lennox_Mac,goes,1,9.054162575940804
#Lennox_Mac,heard,1,9.054162575940804
#Lennox_Mac,better,1,9.054162575940804
#Lennox_Mac,drink,1,9.054162575940804
#Lennox_Mac,himself,1,9.054162575940804
#Lennox_Mac,wisdom,1,9.054162575940804
#Lennox_Mac,bring,1,8.504004834547581
#Lennox_Mac,son,1,8.504004834547581
#Lennox_Mac,many,1,8.504004834547581
#Lennox_Mac,place,1,8.020607209785467
#Lennox_Mac,thoughts,1,8.020607209785467
#Lennox_Mac,words,1,8.020607209785467
#Lennox_Mac,lives,1,8.020607209785467
#Lennox_Mac,tell,1,8.020607209785467
#Lennox_Mac,birnam,1,8.020607209785467
#Lennox_Mac,eyes,1,7.593274253452641
#Lennox_Mac,hence,1,7.593274253452641
#Lennox_Mac,whom,1,7.593274253452641
#Lennox_Mac,find,1,7.593274253452641
#Lennox_Mac,peace,1,7.593274253452641
#Lennox_Mac,hold,1,7.593274253452641
#Lennox_Mac,even,1,7.593274253452641
#Lennox_Mac,first,1,7.593274253452641
#Lennox_Mac,had,2,7.2255240256844395
#Lennox_Mac,new,1,7.213074068929034
#Lennox_Mac,hands,1,7.213074068929034
#Lennox_Mac,only,1,7.213074068929034
#Lennox_Mac,fly,1,7.213074068929034
#Lennox_Mac,ere,1,7.213074068929034
#Lennox_Mac,what's,1,7.213074068929034
#Lennox_Mac,or,2,6.934717254589584
#Lennox_Mac,noble,1,6.87269390984985
#Lennox_Mac,duncan,1,6.87269390984985
#Lennox_Mac,think,1,6.87269390984985
#Lennox_Mac,much,1,6.87269390984985
#Lennox_Mac,done,2,6.668854581539789
#Lennox_Mac,air,1,6.566173418784377
#Lennox_Mac,thought,1,6.566173418784377
#Lennox_Mac,dead,1,6.2886440211651085
#Lennox_Mac,heaven,1,6.2886440211651085
#Lennox_Mac,macbeth,2,6.199735696116448
#Lennox_Mac,down,1,6.036108383960537
#Lennox_Mac,i',1,5.805263229458432
#Lennox_Mac,life,1,5.593359835931687
#Lennox_Mac,death,1,5.217525281684839
#Lennox_Mac,hand,1,5.0500007658382495
#Lennox_Mac,banquo,1,4.894111378355509
#Lennox_Mac,heart,1,4.894111378355509
#Lennox_Mac,look,1,4.748645260577506
#Lennox_Mac,blood,1,4.748645260577506
#Lennox_Mac,those,1,4.61255509845794
#Lennox_Mac,th',2,4.527081287970402
#Lennox_Mac,sleep,1,4.364979013995777
#Lennox_Mac,speak,1,3.949136461777292
#Lennox_Mac,king,1,3.858589146440332
#Lennox_Mac,must,1,3.538389511118618
#Lennox_Mac,'tis,1,3.3994405552566858
#Lennox_Mac,there,1,3.272129297013132
#Lennox_Mac,who,1,3.099867848058224
#Lennox_Mac,time,1,2.9466151571764607
#Lennox_Mac,come,1,2.6468055365333143
#Lennox_Mac,now,1,2.609384805920602
#LadyMacduff_Mac,harm,3,38.946031475931825
#LadyMacduff_Mac,flight,2,27.95523797778725
#LadyMacduff_Mac,poor,4,27.95523797778725
#LadyMacduff_Mac,fly,3,25.054619962275805
#LadyMacduff_Mac,wisdom,2,20.966428483340437
#LadyMacduff_Mac,place,2,18.57305808753473
#LadyMacduff_Mac,why,4,17.47202373611703
#LadyMacduff_Mac,leave,2,16.703079974850535
#LadyMacduff_Mac,father,2,15.914872760475415
#LadyMacduff_Mac,every,2,15.914872760475415
#LadyMacduff_Mac,against,2,15.205073273145706
#LadyMacduff_Mac,dead,2,14.56240751378868
#LadyMacduff_Mac,one,3,14.399009023907912
#LadyMacduff_Mac,loves,1,13.977618988893624
#LadyMacduff_Mac,owl,1,13.977618988893624
#LadyMacduff_Mac,remember,1,13.977618988893624
#LadyMacduff_Mac,often,1,13.977618988893624
#LadyMacduff_Mac,alas,1,13.977618988893624
#LadyMacduff_Mac,reason,1,12.982010491977277
#LadyMacduff_Mac,faith,1,12.982010491977277
#LadyMacduff_Mac,traitor,1,12.982010491977277
#LadyMacduff_Mac,honest,1,12.982010491977277
#LadyMacduff_Mac,faces,1,12.982010491977277
#LadyMacduff_Mac,whence,1,12.043873645219328
#LadyMacduff_Mac,young,1,12.043873645219328
#LadyMacduff_Mac,little,1,12.043873645219328
#LadyMacduff_Mac,any,1,12.043873645219328
#LadyMacduff_Mac,help,1,12.043873645219328
#LadyMacduff_Mac,world,1,12.043873645219328
#LadyMacduff_Mac,done,3,11.58213651540732
#LadyMacduff_Mac,he's,1,11.211467847747528
#LadyMacduff_Mac,does,2,10.681143152240873
#LadyMacduff_Mac,fears,1,10.483214241670218
#LadyMacduff_Mac,himself,1,10.483214241670218
#LadyMacduff_Mac,lies,1,10.483214241670218
#LadyMacduff_Mac,hope,1,9.846223087450825
#LadyMacduff_Mac,fight,1,9.286529043767365
#LadyMacduff_Mac,live,1,9.286529043767365
#LadyMacduff_Mac,enough,1,9.286529043767365
#LadyMacduff_Mac,now,3,9.063700722178277
#LadyMacduff_Mac,find,1,8.791748560626127
#LadyMacduff_Mac,had,2,8.365954966488406
#LadyMacduff_Mac,fear,2,8.193732993949661
#LadyMacduff_Mac,none,1,7.9574363802377075
#LadyMacduff_Mac,wife,1,7.9574363802377075
#LadyMacduff_Mac,never,1,7.9574363802377075
#LadyMacduff_Mac,god,1,7.602536636572853
#LadyMacduff_Mac,nothing,1,6.988809494446812
#LadyMacduff_Mac,men,1,6.988809494446812
#LadyMacduff_Mac,put,1,6.988809494446812
#LadyMacduff_Mac,i',1,6.721529203089157
#LadyMacduff_Mac,ay,1,6.721529203089157
#LadyMacduff_Mac,love,1,6.250096028984498
#LadyMacduff_Mac,these,1,5.498141347340808
#LadyMacduff_Mac,most,1,5.340571576120436
#LadyMacduff_Mac,can,1,5.340571576120436
#LadyMacduff_Mac,such,1,5.340571576120436
#LadyMacduff_Mac,up,1,5.053919650802979
#LadyMacduff_Mac,must,1,4.0968664969748305
#LadyMacduff_Mac,should,1,3.6529668601821874
#LadyMacduff_Mac,good,1,3.1092941244322425
#LadyMacbeth_Mac,wouldst,6,38.63089443978765
#LadyMacbeth_Mac,without,6,24.38524339705623
#LadyMacbeth_Mac,bed,5,23.499714501565716
#LadyMacbeth_Mac,shame,3,22.41670494001965
#LadyMacbeth_Mac,made,5,21.269657771768806
#LadyMacbeth_Mac,done,10,20.63881449394313
#LadyMacbeth_Mac,thought,5,20.321036164213524
#LadyMacbeth_Mac,themselves,3,19.315447219893827
#LadyMacbeth_Mac,house,3,19.315447219893827
#LadyMacbeth_Mac,desire,3,17.98047055705062
#LadyMacbeth_Mac,hark,3,17.98047055705062
#LadyMacbeth_Mac,daggers,3,17.98047055705062
#LadyMacbeth_Mac,knocking,3,17.98047055705062
#LadyMacbeth_Mac,had,8,17.889278965587902
#LadyMacbeth_Mac,what's,4,17.858454799933583
#LadyMacbeth_Mac,these,6,17.63536585162229
#LadyMacbeth_Mac,look,6,17.63536585162229
#LadyMacbeth_Mac,o,6,17.12995858995346
#LadyMacbeth_Mac,duncan,4,17.015726217415043
#LadyMacbeth_Mac,'tis,8,16.83297715259048
#LadyMacbeth_Mac,glamis,3,16.812528705014735
#LadyMacbeth_Mac,given,3,16.812528705014735
#LadyMacbeth_Mac,great,7,16.71822146955131
#LadyMacbeth_Mac,art,5,16.706059241308104
#LadyMacbeth_Mac,come,10,16.382701947427904
#LadyMacbeth_Mac,business,3,15.790949653183038
#LadyMacbeth_Mac,lord,7,15.653119094889414
#LadyMacbeth_Mac,question,2,14.944469960013098
#LadyMacbeth_Mac,promised,2,14.944469960013098
#LadyMacbeth_Mac,spirits,2,14.944469960013098
#LadyMacbeth_Mac,valor,2,14.944469960013098
#LadyMacbeth_Mac,fatal,2,14.944469960013098
#LadyMacbeth_Mac,thick,2,14.944469960013098
#LadyMacbeth_Mac,nature's,2,14.944469960013098
#LadyMacbeth_Mac,pale,2,14.944469960013098
#LadyMacbeth_Mac,fail,2,14.944469960013098
#LadyMacbeth_Mac,owl,2,14.944469960013098
#LadyMacbeth_Mac,water,2,14.944469960013098
#LadyMacbeth_Mac,all's,2,14.944469960013098
#LadyMacbeth_Mac,often,2,14.944469960013098
#LadyMacbeth_Mac,worse,2,14.944469960013098
#LadyMacbeth_Mac,thine,3,14.89333638701032
#LadyMacbeth_Mac,thoughts,3,14.89333638701032
#LadyMacbeth_Mac,place,3,14.89333638701032
#LadyMacbeth_Mac,two,3,14.89333638701032
#LadyMacbeth_Mac,friends,3,14.89333638701032
#LadyMacbeth_Mac,worthy,4,14.372933092643645
#LadyMacbeth_Mac,would,8,14.129427444105549
#LadyMacbeth_Mac,welcome,3,14.09982870093943
#LadyMacbeth_Mac,why,6,14.010440587512278
#LadyMacbeth_Mac,attend,2,13.87999386534185
#LadyMacbeth_Mac,withal,2,13.87999386534185
#LadyMacbeth_Mac,purpose,2,13.87999386534185
#LadyMacbeth_Mac,pleasure,2,13.87999386534185
#LadyMacbeth_Mac,fire,2,13.87999386534185
#LadyMacbeth_Mac,faces,2,13.87999386534185
#LadyMacbeth_Mac,feast,2,13.87999386534185
#LadyMacbeth_Mac,who,7,13.430887623262072
#LadyMacbeth_Mac,keep,3,13.393841099950187
#LadyMacbeth_Mac,only,3,13.393841099950187
#LadyMacbeth_Mac,hands,3,13.393841099950187
#LadyMacbeth_Mac,fear,6,13.140757022252469
#LadyMacbeth_Mac,must,6,13.140757022252469
#LadyMacbeth_Mac,mortal,2,12.87696481326255
#LadyMacbeth_Mac,coming,2,12.87696481326255
#LadyMacbeth_Mac,shalt,2,12.87696481326255
#LadyMacbeth_Mac,old,2,12.87696481326255
#LadyMacbeth_Mac,left,2,12.87696481326255
#LadyMacbeth_Mac,chamber,2,12.87696481326255
#LadyMacbeth_Mac,little,2,12.87696481326255
#LadyMacbeth_Mac,time,7,12.76688523022947
#LadyMacbeth_Mac,much,3,12.76179466306128
#LadyMacbeth_Mac,think,3,12.76179466306128
#LadyMacbeth_Mac,hand,4,12.503020148487492
#LadyMacbeth_Mac,seem,2,11.986980371367078
#LadyMacbeth_Mac,ever,2,11.986980371367078
#LadyMacbeth_Mac,while,2,11.986980371367078
#LadyMacbeth_Mac,blood,4,11.756910567748196
#LadyMacbeth_Mac,o',3,11.677281828625839
#LadyMacbeth_Mac,put,3,11.208352470009824
#LadyMacbeth_Mac,rather,2,11.208352470009821
#LadyMacbeth_Mac,under,2,11.208352470009821
#LadyMacbeth_Mac,hell,2,11.208352470009821
#LadyMacbeth_Mac,cry,2,11.208352470009821
#LadyMacbeth_Mac,almost,2,11.208352470009821
#LadyMacbeth_Mac,here's,2,11.208352470009821
#LadyMacbeth_Mac,thane,4,11.103995092273479
#LadyMacbeth_Mac,out,4,10.807012333324922
#LadyMacbeth_Mac,own,3,10.779699819482733
#LadyMacbeth_Mac,tongue,2,10.52729976878869
#LadyMacbeth_Mac,rest,2,10.52729976878869
#LadyMacbeth_Mac,get,2,10.52729976878869
#LadyMacbeth_Mac,man,4,10.013786351448076
#LadyMacbeth_Mac,more,6,9.973104720412946
#LadyMacbeth_Mac,face,2,9.928890924673548
#LadyMacbeth_Mac,live,2,9.928890924673548
#LadyMacbeth_Mac,call,2,9.928890924673548
#LadyMacbeth_Mac,th',7,9.807308411258596
#LadyMacbeth_Mac,speak,4,9.777450547085637
#LadyMacbeth_Mac,did,5,9.764118901490598
#LadyMacbeth_Mac,now,6,9.690649264139354
#LadyMacbeth_Mac,nature,3,9.688338687507123
#LadyMacbeth_Mac,death,3,9.688338687507123
#LadyMacbeth_Mac,cannot,3,9.688338687507123
#LadyMacbeth_Mac,peace,2,9.399885800626288
#LadyMacbeth_Mac,hold,2,9.399885800626288
#LadyMacbeth_Mac,hence,2,9.399885800626288
#LadyMacbeth_Mac,bear,2,9.399885800626288
#LadyMacbeth_Mac,eye,2,9.399885800626288
#LadyMacbeth_Mac,once,2,9.399885800626288
#LadyMacbeth_Mac,cawdor,3,9.377265111365618
#LadyMacbeth_Mac,'t,5,9.119203735878193
#LadyMacbeth_Mac,heart,3,9.08779661774423
#LadyMacbeth_Mac,night,3,9.08779661774423
#LadyMacbeth_Mac,been,3,9.08779661774423
#LadyMacbeth_Mac,into,2,8.929227399966791
#LadyMacbeth_Mac,leave,2,8.929227399966791
#LadyMacbeth_Mac,about,2,8.929227399966791
#LadyMacbeth_Mac,those,3,8.56497929497673
#LadyMacbeth_Mac,such,3,8.56497929497673
#LadyMacbeth_Mac,noble,2,8.507863108707522
#LadyMacbeth_Mac,pray,2,8.507863108707522
#LadyMacbeth_Mac,good,5,8.31092060034412
#LadyMacbeth_Mac,other,2,8.12841446568541
#LadyMacbeth_Mac,up,3,8.105259249993692
#LadyMacbeth_Mac,go,3,8.105259249993692
#LadyMacbeth_Mac,should,4,7.8112951211924795
#LadyMacbeth_Mac,deed,2,7.784854552417224
#LadyMacbeth_Mac,success,1,7.472234980006549
#LadyMacbeth_Mac,whiles,1,7.472234980006549
#LadyMacbeth_Mac,stood,1,7.472234980006549
#LadyMacbeth_Mac,farewell,1,7.472234980006549
#LadyMacbeth_Mac,play,1,7.472234980006549
#LadyMacbeth_Mac,win,1,7.472234980006549
#LadyMacbeth_Mac,cries,1,7.472234980006549
#LadyMacbeth_Mac,pour,1,7.472234980006549
#LadyMacbeth_Mac,golden,1,7.472234980006549
#LadyMacbeth_Mac,news,1,7.472234980006549
#LadyMacbeth_Mac,hereafter,1,7.472234980006549
#LadyMacbeth_Mac,feel,1,7.472234980006549
#LadyMacbeth_Mac,sun,1,7.472234980006549
#LadyMacbeth_Mac,night's,1,7.472234980006549
#LadyMacbeth_Mac,nights,1,7.472234980006549
#LadyMacbeth_Mac,days,1,7.472234980006549
#LadyMacbeth_Mac,clear,1,7.472234980006549
#LadyMacbeth_Mac,poor,2,7.472234980006549
#LadyMacbeth_Mac,honors,1,7.472234980006549
#LadyMacbeth_Mac,act,1,7.472234980006549
#LadyMacbeth_Mac,break,1,7.472234980006549
#LadyMacbeth_Mac,day's,1,7.472234980006549
#LadyMacbeth_Mac,brain,1,7.472234980006549
#LadyMacbeth_Mac,perform,1,7.472234980006549
#LadyMacbeth_Mac,bold,1,7.472234980006549
#LadyMacbeth_Mac,gives,1,7.472234980006549
#LadyMacbeth_Mac,husband,1,7.472234980006549
#LadyMacbeth_Mac,mean,1,7.472234980006549
#LadyMacbeth_Mac,cried,1,7.472234980006549
#LadyMacbeth_Mac,bleed,1,7.472234980006549
#LadyMacbeth_Mac,alas,1,7.472234980006549
#LadyMacbeth_Mac,court,1,7.472234980006549
#LadyMacbeth_Mac,o'er,1,7.472234980006549
#LadyMacbeth_Mac,pronounce,1,7.472234980006549
#LadyMacbeth_Mac,cheer,1,7.472234980006549
#LadyMacbeth_Mac,fit,1,7.472234980006549
#LadyMacbeth_Mac,note,1,7.472234980006549
#LadyMacbeth_Mac,become,1,7.472234980006549
#LadyMacbeth_Mac,broke,1,7.472234980006549
#LadyMacbeth_Mac,kind,1,7.472234980006549
#LadyMacbeth_Mac,damned,1,7.472234980006549
#LadyMacbeth_Mac,gate,1,7.472234980006549
#LadyMacbeth_Mac,king,3,7.164952058379134
#LadyMacbeth_Mac,title,1,6.939996932670925
#LadyMacbeth_Mac,dearest,1,6.939996932670925
#LadyMacbeth_Mac,lay,1,6.939996932670925
#LadyMacbeth_Mac,hither,1,6.939996932670925
#LadyMacbeth_Mac,ear,1,6.939996932670925
#LadyMacbeth_Mac,master,1,6.939996932670925
#LadyMacbeth_Mac,fill,1,6.939996932670925
#LadyMacbeth_Mac,dark,1,6.939996932670925
#LadyMacbeth_Mac,innocent,1,6.939996932670925
#LadyMacbeth_Mac,point,1,6.939996932670925
#LadyMacbeth_Mac,majesty,1,6.939996932670925
#LadyMacbeth_Mac,return,1,6.939996932670925
#LadyMacbeth_Mac,reason,1,6.939996932670925
#LadyMacbeth_Mac,die,1,6.939996932670925
#LadyMacbeth_Mac,afraid,1,6.939996932670925
#LadyMacbeth_Mac,'em,1,6.939996932670925
#LadyMacbeth_Mac,donalbain,1,6.939996932670925
#LadyMacbeth_Mac,wear,1,6.939996932670925
#LadyMacbeth_Mac,indeed,1,6.939996932670925
#LadyMacbeth_Mac,gentle,1,6.939996932670925
#LadyMacbeth_Mac,home,1,6.939996932670925
#LadyMacbeth_Mac,thing,1,6.939996932670925
#LadyMacbeth_Mac,soldier,1,6.939996932670925
#LadyMacbeth_Mac,fife,1,6.939996932670925
#LadyMacbeth_Mac,banquo's,1,6.939996932670925
#LadyMacbeth_Mac,grave,1,6.939996932670925
#LadyMacbeth_Mac,both,2,6.924146546618023
#LadyMacbeth_Mac,still,2,6.682423696523241
#LadyMacbeth_Mac,has,2,6.682423696523241
#LadyMacbeth_Mac,love,2,6.682423696523241
#LadyMacbeth_Mac,came,1,6.438482406631275
#LadyMacbeth_Mac,weïrd,1,6.438482406631275
#LadyMacbeth_Mac,round,1,6.438482406631275
#LadyMacbeth_Mac,fate,1,6.438482406631275
#LadyMacbeth_Mac,doth,1,6.438482406631275
#LadyMacbeth_Mac,crown,1,6.438482406631275
#LadyMacbeth_Mac,makes,1,6.438482406631275
#LadyMacbeth_Mac,through,1,6.438482406631275
#LadyMacbeth_Mac,deep,1,6.438482406631275
#LadyMacbeth_Mac,late,1,6.438482406631275
#LadyMacbeth_Mac,since,1,6.438482406631275
#LadyMacbeth_Mac,receive,1,6.438482406631275
#LadyMacbeth_Mac,together,1,6.438482406631275
#LadyMacbeth_Mac,after,1,6.438482406631275
#LadyMacbeth_Mac,lost,1,6.438482406631275
#LadyMacbeth_Mac,help,1,6.438482406631275
#LadyMacbeth_Mac,thence,1,6.438482406631275
#LadyMacbeth_Mac,said,1,6.438482406631275
#LadyMacbeth_Mac,send,1,6.438482406631275
#LadyMacbeth_Mac,'s,1,6.438482406631275
#LadyMacbeth_Mac,again,2,6.251510074243746
#LadyMacbeth_Mac,sisters,1,5.993490185683539
#LadyMacbeth_Mac,shake,1,5.993490185683539
#LadyMacbeth_Mac,devil,1,5.993490185683539
#LadyMacbeth_Mac,died,1,5.993490185683539
#LadyMacbeth_Mac,sit,1,5.993490185683539
#LadyMacbeth_Mac,knows,1,5.993490185683539
#LadyMacbeth_Mac,like,3,5.965004590754544
#LadyMacbeth_Mac,things,2,5.878455283874098
#LadyMacbeth_Mac,himself,1,5.6041762350049105
#LadyMacbeth_Mac,fell,1,5.6041762350049105
#LadyMacbeth_Mac,present,1,5.6041762350049105
#LadyMacbeth_Mac,goes,1,5.6041762350049105
#LadyMacbeth_Mac,lies,1,5.6041762350049105
#LadyMacbeth_Mac,heard,1,5.6041762350049105
#LadyMacbeth_Mac,fears,1,5.6041762350049105
#LadyMacbeth_Mac,best,1,5.6041762350049105
#LadyMacbeth_Mac,true,1,5.6041762350049105
#LadyMacbeth_Mac,sleep,2,5.403506166662461
#LadyMacbeth_Mac,report,1,5.263649884394345
#LadyMacbeth_Mac,further,1,5.263649884394345
#LadyMacbeth_Mac,full,1,5.263649884394345
#LadyMacbeth_Mac,false,1,5.263649884394345
#LadyMacbeth_Mac,that's,1,5.263649884394345
#LadyMacbeth_Mac,hope,1,5.263649884394345
#LadyMacbeth_Mac,we'll,1,5.263649884394345
#LadyMacbeth_Mac,sight,1,5.263649884394345
#LadyMacbeth_Mac,bring,1,5.263649884394345
#LadyMacbeth_Mac,lie,1,5.263649884394345
#LadyMacbeth_Mac,gone,1,5.263649884394345
#LadyMacbeth_Mac,royal,1,5.263649884394345
#LadyMacbeth_Mac,itself,1,5.263649884394345
#LadyMacbeth_Mac,sir,2,5.006893175724038
#LadyMacbeth_Mac,being,1,4.964445462336774
#LadyMacbeth_Mac,words,1,4.964445462336774
#LadyMacbeth_Mac,tonight,1,4.964445462336774
#LadyMacbeth_Mac,tell,1,4.964445462336774
#LadyMacbeth_Mac,may,2,4.776634705586089
#LadyMacbeth_Mac,see,2,4.776634705586089
#LadyMacbeth_Mac,double,1,4.699942900313144
#LadyMacbeth_Mac,very,1,4.699942900313144
#LadyMacbeth_Mac,stand,1,4.699942900313144
#LadyMacbeth_Mac,power,1,4.699942900313144
#LadyMacbeth_Mac,know,2,4.4723197413969755
#LadyMacbeth_Mac,never,1,4.253931554353761
#LadyMacbeth_Mac,every,1,4.253931554353761
#LadyMacbeth_Mac,dare,1,4.253931554353761
#LadyMacbeth_Mac,father,1,4.253931554353761
#LadyMacbeth_Mac,none,1,4.253931554353761
#LadyMacbeth_Mac,wife,1,4.253931554353761
#LadyMacbeth_Mac,air,1,4.064207232842705
#LadyMacbeth_Mac,against,1,4.064207232842705
#LadyMacbeth_Mac,could,1,4.064207232842705
#LadyMacbeth_Mac,there's,1,4.064207232842705
#LadyMacbeth_Mac,there,2,4.050642804429407
#LadyMacbeth_Mac,heaven,1,3.892427276208612
#LadyMacbeth_Mac,dead,1,3.892427276208612
#LadyMacbeth_Mac,hail,1,3.7361174900032745
#LadyMacbeth_Mac,men,1,3.7361174900032745
#LadyMacbeth_Mac,strange,1,3.7361174900032745
#LadyMacbeth_Mac,i',1,3.5932332731609113
#LadyMacbeth_Mac,ay,1,3.5932332731609113
#LadyMacbeth_Mac,show,1,3.5932332731609113
#LadyMacbeth_Mac,day,1,3.4620732733090116
#LadyMacbeth_Mac,way,1,3.4620732733090116
#LadyMacbeth_Mac,take,1,3.4620732733090116
#LadyMacbeth_Mac,life,1,3.4620732733090116
#LadyMacbeth_Mac,hear,1,3.4620732733090116
#LadyMacbeth_Mac,she,1,3.3412118482616204
#LadyMacbeth_Mac,before,1,3.125755037121873
#LadyMacbeth_Mac,banquo,1,3.0292655392480765
#LadyMacbeth_Mac,does,1,2.8549930983255773
#LadyMacbeth_Mac,most,1,2.8549930983255773
#LadyMacbeth_Mac,can,1,2.8549930983255773
#LadyMacbeth_Mac,one,1,2.56583468642182
#LadyMacbeth_Mac,i'll,1,2.190126170375412
#LadyMacbeth_Mac,or,1,2.1461608022104253
#Hecate_Mac,called,2,26.637408326416832
#Hecate_Mac,bear,2,18.039532201681073
#Hecate_Mac,ere,2,17.136281081957573
#Hecate_Mac,worse,1,14.340134167520928
#Hecate_Mac,loves,1,14.340134167520928
#Hecate_Mac,spend,1,14.340134167520928
#Hecate_Mac,fatal,1,14.340134167520928
#Hecate_Mac,wrought,1,14.340134167520928
#Hecate_Mac,scorn,1,14.340134167520928
#Hecate_Mac,enemy,1,14.340134167520928
#Hecate_Mac,pains,1,14.340134167520928
#Hecate_Mac,ring,1,14.340134167520928
#Hecate_Mac,i',2,13.791709540773216
#Hecate_Mac,reason,1,13.318704163208416
#Hecate_Mac,part,1,13.318704163208416
#Hecate_Mac,thither,1,13.318704163208416
#Hecate_Mac,death,2,12.39540574861258
#Hecate_Mac,fate,1,12.356236359450598
#Hecate_Mac,little,1,12.356236359450598
#Hecate_Mac,hark,1,11.50224178233037
#Hecate_Mac,meet,1,10.755100625640697
#Hecate_Mac,wisdom,1,10.755100625640697
#Hecate_Mac,cauldron,1,10.755100625640697
#Hecate_Mac,son,1,10.101588849258164
#Hecate_Mac,get,1,10.101588849258164
#Hecate_Mac,gone,1,10.101588849258164
#Hecate_Mac,business,1,10.101588849258164
#Hecate_Mac,grace,1,9.527378915108397
#Hecate_Mac,know,2,8.582929378330247
#Hecate_Mac,about,1,8.568140540978787
#Hecate_Mac,i'll,2,8.406240759563126
#Hecate_Mac,dare,1,8.16381569799486
#Hecate_Mac,never,1,8.16381569799486
#Hecate_Mac,th',3,8.066325469230522
#Hecate_Mac,done,2,7.921682594126896
#Hecate_Mac,air,1,7.799711486525318
#Hecate_Mac,put,1,7.170067083760464
#Hecate_Mac,show,1,6.895854770386608
#Hecate_Mac,own,1,6.895854770386608
#Hecate_Mac,art,1,6.412194787019429
#Hecate_Mac,come,2,6.288082336308342
#Hecate_Mac,now,2,6.199180967496131
#Hecate_Mac,been,1,5.813531611103989
#Hecate_Mac,night,1,5.813531611103989
#Hecate_Mac,such,1,5.479081451116138
#Hecate_Mac,o,1,5.479081451116138
#Hecate_Mac,great,1,4.583473534399029
#Hecate_Mac,see,1,4.583473534399029
#Hecate_Mac,must,1,4.203120379781563
#Hecate_Mac,fear,1,4.203120379781563
#Hecate_Mac,or,1,4.1187454531502
#Hecate_Mac,there,1,3.8868398434767926
#Hecate_Mac,like,1,3.815858145529192
#Hecate_Mac,did,1,3.747708027107026
#Hecate_Mac,macbeth,1,3.682216919833719
#Hecate_Mac,who,1,3.682216919833719
#Gentlewoman_Mac,she,5,34.956264035948564
#Gentlewoman_Mac,has,3,20.973758421569144
#Gentlewoman_Mac,known,2,20.77551191060218
#Gentlewoman_Mac,bed,2,19.668605576471535
#Gentlewoman_Mac,went,1,15.635130650913904
#Gentlewoman_Mac,speech,1,15.635130650913904
#Gentlewoman_Mac,stood,1,15.635130650913904
#Gentlewoman_Mac,spoke,1,15.635130650913904
#Gentlewoman_Mac,bosom,1,15.635130650913904
#Gentlewoman_Mac,whole,1,15.635130650913904
#Gentlewoman_Mac,majesty,1,14.521459650236611
#Gentlewoman_Mac,return,1,14.521459650236611
#Gentlewoman_Mac,sure,1,14.521459650236611
#Gentlewoman_Mac,doctor,1,14.521459650236611
#Gentlewoman_Mac,since,1,13.472075475496135
#Gentlewoman_Mac,seen,1,13.472075475496135
#Gentlewoman_Mac,rise,1,13.472075475496135
#Gentlewoman_Mac,after,1,13.472075475496135
#Gentlewoman_Mac,command,1,13.472075475496135
#Gentlewoman_Mac,throw,1,12.540960282816247
#Gentlewoman_Mac,while,1,12.540960282816247
#Gentlewoman_Mac,seem,1,12.540960282816247
#Gentlewoman_Mac,knows,1,12.540960282816247
#Gentlewoman_Mac,forth,1,11.726347988185427
#Gentlewoman_Mac,report,1,11.013820344699779
#Gentlewoman_Mac,light,1,11.013820344699779
#Gentlewoman_Mac,sir,2,10.476574835651908
#Gentlewoman_Mac,hour,1,10.38775595530109
#Gentlewoman_Mac,very,1,9.834302788235767
#Gentlewoman_Mac,stand,1,9.834302788235767
#Gentlewoman_Mac,into,1,9.341892846233717
#Gentlewoman_Mac,hands,1,9.341892846233717
#Gentlewoman_Mac,comes,1,8.901055147533386
#Gentlewoman_Mac,pray,1,8.901055147533386
#Gentlewoman_Mac,god,1,8.504070234395822
#Gentlewoman_Mac,heaven,1,8.144632653488804
#Gentlewoman_Mac,ay,1,7.518590065141744
#Gentlewoman_Mac,take,1,7.244146911340322
#Gentlewoman_Mac,life,1,7.244146911340322
#Gentlewoman_Mac,good,2,6.956008731708182
#Gentlewoman_Mac,again,1,6.540424453850607
#Gentlewoman_Mac,heart,1,6.33852690783733
#Gentlewoman_Mac,night,1,6.33852690783733
#Gentlewoman_Mac,most,1,5.973873977359685
#Gentlewoman_Mac,such,1,5.973873977359685
#Gentlewoman_Mac,sleep,1,5.653229931529301
#Gentlewoman_Mac,why,1,4.885978328410595
#Gentlewoman_Mac,'tis,1,4.4027288644028
#Gentlewoman_Mac,should,1,4.086147588354607
#Gentlewoman_Mac,'t,1,3.816259585632913
#Gentlewoman_Mac,would,1,3.6956052088548805
#Duncan_Mac,hostess,3,34.308675776713216
#Duncan_Mac,less,3,27.704891991695334
#Duncan_Mac,valiant,2,24.626570659284738
#Duncan_Mac,thank,2,24.626570659284738
#Duncan_Mac,worthy,4,23.684751171118176
#Duncan_Mac,love,4,22.02355517165014
#Duncan_Mac,cousin,2,21.219587225203643
#Duncan_Mac,noble,3,21.02980158212892
#Duncan_Mac,cawdor,4,20.603374356203542
#Duncan_Mac,bid,2,19.753006958212108
#Duncan_Mac,trouble,2,19.753006958212108
#Duncan_Mac,full,2,17.34764045170053
#Duncan_Mac,honor,2,16.361539390761358
#Duncan_Mac,whom,2,15.489806763151854
#Duncan_Mac,welcome,2,15.489806763151854
#Duncan_Mac,before,3,15.452530767152652
#Duncan_Mac,banquo,3,14.97552379862999
#Duncan_Mac,only,2,14.714222055815947
#Duncan_Mac,thane,3,13.723470310685286
#Duncan_Mac,whose,2,13.394585001861017
#Duncan_Mac,become,1,12.313285329642369
#Duncan_Mac,bosom,1,12.313285329642369
#Duncan_Mac,pronounce,1,12.313285329642369
#Duncan_Mac,trust,1,12.313285329642369
#Duncan_Mac,heavy,1,12.313285329642369
#Duncan_Mac,due,1,12.313285329642369
#Duncan_Mac,pay,1,12.313285329642369
#Duncan_Mac,labor,1,12.313285329642369
#Duncan_Mac,hide,1,12.313285329642369
#Duncan_Mac,sons,1,12.313285329642369
#Duncan_Mac,hereafter,1,12.313285329642369
#Duncan_Mac,castle,1,12.313285329642369
#Duncan_Mac,senses,1,12.313285329642369
#Duncan_Mac,pains,1,12.313285329642369
#Duncan_Mac,host,1,12.313285329642369
#Duncan_Mac,towards,1,12.313285329642369
#Duncan_Mac,former,1,11.436225258904408
#Duncan_Mac,title,1,11.436225258904408
#Duncan_Mac,far,1,11.436225258904408
#Duncan_Mac,hither,1,11.436225258904408
#Duncan_Mac,thanes,1,11.436225258904408
#Duncan_Mac,care,1,11.436225258904408
#Duncan_Mac,gentle,1,11.436225258904408
#Duncan_Mac,purpose,1,11.436225258904408
#Duncan_Mac,home,1,11.436225258904408
#Duncan_Mac,both,2,11.41010585465968
#Duncan_Mac,art,2,11.01177758582507
#Duncan_Mac,whence,1,10.609793612601822
#Duncan_Mac,lost,1,10.609793612601822
#Duncan_Mac,left,1,10.609793612601822
#Duncan_Mac,hast,1,10.609793612601822
#Duncan_Mac,themselves,1,10.609793612601822
#Duncan_Mac,after,1,10.609793612601822
#Duncan_Mac,fair,1,10.609793612601822
#Duncan_Mac,state,1,9.876503479106054
#Duncan_Mac,might,1,9.876503479106054
#Duncan_Mac,malcolm,1,9.876503479106054
#Duncan_Mac,let's,1,9.876503479106054
#Duncan_Mac,macbeth,3,9.485306144953809
#Duncan_Mac,can,2,9.409325249515035
#Duncan_Mac,o,2,9.409325249515035
#Duncan_Mac,present,1,9.234963997231777
#Duncan_Mac,sorrow,1,9.234963997231777
#Duncan_Mac,true,1,9.234963997231777
#Duncan_Mac,go,2,8.904285449885391
#Duncan_Mac,mine,2,8.904285449885391
#Duncan_Mac,report,1,8.673820225850266
#Duncan_Mac,get,1,8.673820225850266
#Duncan_Mac,thanks,1,8.673820225850266
#Duncan_Mac,further,1,8.673820225850266
#Duncan_Mac,gone,1,8.673820225850266
#Duncan_Mac,itself,1,8.673820225850266
#Duncan_Mac,more,3,8.217199029034026
#Duncan_Mac,words,1,8.180769695380679
#Duncan_Mac,face,1,8.180769695380679
#Duncan_Mac,known,1,8.180769695380679
#Duncan_Mac,tonight,1,8.180769695380679
#Duncan_Mac,great,2,7.871281645013558
#Duncan_Mac,see,2,7.871281645013558
#Duncan_Mac,find,1,7.744903381575927
#Duncan_Mac,even,1,7.744903381575927
#Duncan_Mac,hold,1,7.744903381575927
#Duncan_Mac,hence,1,7.744903381575927
#Duncan_Mac,leave,1,7.357111027907973
#Duncan_Mac,must,2,7.218094322757968
#Duncan_Mac,comes,1,7.009933860709641
#Duncan_Mac,done,2,6.802024090769628
#Duncan_Mac,bloody,1,6.697292500930509
#Duncan_Mac,there's,1,6.697292500930509
#Duncan_Mac,name,1,6.697292500930509
#Duncan_Mac,air,1,6.697292500930509
#Duncan_Mac,god,1,6.697292500930509
#Duncan_Mac,still,1,5.505888792912535
#Duncan_Mac,death,1,5.321713380654575
#Duncan_Mac,hand,1,5.1508435890508855
#Duncan_Mac,been,1,4.991841266209997
#Duncan_Mac,heart,1,4.991841266209997
#Duncan_Mac,those,1,4.704662624757518
#Duncan_Mac,man,1,4.125359042688674
#Duncan_Mac,know,1,3.684904798133441
#Duncan_Mac,had,1,3.684904798133441
#Duncan_Mac,like,1,3.2765209568094065
#Duncan_Mac,who,1,3.161768714984603
#Duncan_Mac,would,1,2.910435634874779
#Duncan_Mac,now,1,2.661491279340811
#Doctor2_Mac,she,9,56.346722662474136
#Doctor2_Mac,known,2,18.60470886632263
#Doctor2_Mac,eyes,2,17.613461566260685
#Doctor2_Mac,keep,2,16.731544080592784
#Doctor2_Mac,god,2,15.230984590945605
#Doctor2_Mac,go,3,15.187596457270896
#Doctor2_Mac,nights,1,14.001438573396829
#Doctor2_Mac,mark,1,14.001438573396829
#Doctor2_Mac,breed,1,14.001438573396829
#Doctor2_Mac,something,1,14.001438573396829
#Doctor2_Mac,clear,1,14.001438573396829
#Doctor2_Mac,foul,1,13.004133436963894
#Doctor2_Mac,means,1,13.004133436963894
#Doctor2_Mac,receive,1,12.064397889460508
#Doctor2_Mac,any,1,12.064397889460508
#Doctor2_Mac,came,1,12.064397889460508
#Doctor2_Mac,after,1,12.064397889460508
#Doctor2_Mac,makes,1,12.064397889460508
#Doctor2_Mac,hark,1,11.230573569975082
#Doctor2_Mac,set,1,11.230573569975082
#Doctor2_Mac,died,1,11.230573569975082
#Doctor2_Mac,look,2,11.015021714902101
#Doctor2_Mac,should,3,10.977575897039875
#Doctor2_Mac,truth,1,10.501078930047623
#Doctor2_Mac,last,1,10.501078930047623
#Doctor2_Mac,heard,1,10.501078930047623
#Doctor2_Mac,meet,1,10.501078930047623
#Doctor2_Mac,himself,1,10.501078930047623
#Doctor2_Mac,sleep,2,10.125064304847264
#Doctor2_Mac,report,1,9.863002264437643
#Doctor2_Mac,light,1,9.863002264437643
#Doctor2_Mac,mind,1,9.863002264437643
#Doctor2_Mac,sight,1,9.863002264437643
#Doctor2_Mac,rest,1,9.863002264437643
#Doctor2_Mac,royal,1,9.863002264437643
#Doctor2_Mac,dunsinane,1,9.863002264437643
#Doctor2_Mac,away,1,9.863002264437643
#Doctor2_Mac,two,1,9.302354433161314
#Doctor2_Mac,once,1,8.806730783130343
#Doctor2_Mac,even,1,8.806730783130343
#Doctor2_Mac,bed,1,8.806730783130343
#Doctor2_Mac,lord,2,8.380211584259476
#Doctor2_Mac,hands,1,8.365772040296392
#Doctor2_Mac,comes,1,7.970996832016983
#Doctor2_Mac,think,1,7.970996832016983
#Doctor2_Mac,dare,1,7.970996832016983
#Doctor2_Mac,other,1,7.615492295472802
#Doctor2_Mac,down,1,7.0007192866984145
#Doctor2_Mac,ay,1,6.732983516801024
#Doctor2_Mac,hear,1,6.487216529262914
#Doctor2_Mac,still,1,6.260746962497126
#Doctor2_Mac,has,1,6.260746962497126
#Doctor2_Mac,more,2,6.229185489238698
#Doctor2_Mac,good,2,6.229185489238698
#Doctor2_Mac,now,2,6.05276425644301
#Doctor2_Mac,nature,1,6.05132107392034
#Doctor2_Mac,again,1,5.857025008561666
#Doctor2_Mac,heart,1,5.676223443692157
#Doctor2_Mac,night,1,5.676223443692157
#Doctor2_Mac,can,1,5.349672567931265
#Doctor2_Mac,most,1,5.349672567931265
#Doctor2_Mac,does,1,5.349672567931265
#Doctor2_Mac,those,1,5.349672567931265
#Doctor2_Mac,speak,1,4.5802351507194174
#Doctor2_Mac,great,1,4.475217762608455
#Doctor2_Mac,may,1,4.475217762608455
#Doctor2_Mac,see,1,4.475217762608455
#Doctor2_Mac,must,1,4.103848062132716
#Doctor2_Mac,'tis,1,3.9426941243150884
#Doctor2_Mac,there,1,3.795037666825389
#Doctor2_Mac,who,1,3.5952476744425867
#Doctor2_Mac,time,1,3.4175041681057388
#Banquo_Mac,fly,4,25.3210255853574
#Banquo_Mac,truth,3,23.838034939944354
#Banquo_Mac,question,2,21.18936439106165
#Banquo_Mac,women,2,21.18936439106165
#Banquo_Mac,win,2,21.18936439106165
#Banquo_Mac,most,5,20.240091905652882
#Banquo_Mac,far,2,19.68007219696476
#Banquo_Mac,withal,2,19.68007219696476
#Banquo_Mac,root,2,19.68007219696476
#Banquo_Mac,'s,2,18.25790412167018
#Banquo_Mac,weïrd,2,18.25790412167018
#Banquo_Mac,earth,2,16.996018976719725
#Banquo_Mac,seem,2,16.996018976719725
#Banquo_Mac,who's,2,16.996018976719725
#Banquo_Mac,look,4,16.669809153467067
#Banquo_Mac,goes,2,15.892023293296235
#Banquo_Mac,hope,2,14.926376877310618
#Banquo_Mac,speak,4,13.86318571432299
#Banquo_Mac,stand,2,13.327846755139257
#Banquo_Mac,night,3,12.88534384695376
#Banquo_Mac,lord,4,12.682365172851677
#Banquo_Mac,or,4,12.171936081113452
#Banquo_Mac,noble,2,12.06307162997678
#Banquo_Mac,made,2,12.06307162997678
#Banquo_Mac,sword,2,12.06307162997678
#Banquo_Mac,good,5,11.78383211295358
#Banquo_Mac,name,2,11.525061544225812
#Banquo_Mac,up,3,11.4922303829897
#Banquo_Mac,there,4,11.486596263466456
#Banquo_Mac,like,4,11.276827366559685
#Banquo_Mac,sir,3,10.648709949373492
#Banquo_Mac,start,1,10.594682195530824
#Banquo_Mac,water,1,10.594682195530824
#Banquo_Mac,strange,2,10.594682195530824
#Banquo_Mac,honors,1,10.594682195530824
#Banquo_Mac,breed,1,10.594682195530824
#Banquo_Mac,heavy,1,10.594682195530824
#Banquo_Mac,gives,1,10.594682195530824
#Banquo_Mac,sent,1,10.594682195530824
#Banquo_Mac,kind,1,10.594682195530824
#Banquo_Mac,all's,1,10.594682195530824
#Banquo_Mac,bosom,1,10.594682195530824
#Banquo_Mac,clear,1,10.594682195530824
#Banquo_Mac,cruel,1,10.594682195530824
#Banquo_Mac,dear,1,10.594682195530824
#Banquo_Mac,prithee,1,10.594682195530824
#Banquo_Mac,work,1,10.594682195530824
#Banquo_Mac,promised,1,10.594682195530824
#Banquo_Mac,horse,1,10.594682195530824
#Banquo_Mac,become,1,10.594682195530824
#Banquo_Mac,ay,2,10.18949877390325
#Banquo_Mac,great,3,10.158993956674902
#Banquo_Mac,called,1,9.84003609848238
#Banquo_Mac,sound,1,9.84003609848238
#Banquo_Mac,indeed,1,9.84003609848238
#Banquo_Mac,seems,1,9.84003609848238
#Banquo_Mac,takes,1,9.84003609848238
#Banquo_Mac,reason,1,9.84003609848238
#Banquo_Mac,home,1,9.84003609848238
#Banquo_Mac,harm,1,9.84003609848238
#Banquo_Mac,honest,1,9.84003609848238
#Banquo_Mac,stay,1,9.84003609848238
#Banquo_Mac,pleasure,1,9.84003609848238
#Banquo_Mac,hostess,1,9.84003609848238
#Banquo_Mac,thyself,1,9.84003609848238
#Banquo_Mac,duties,1,9.84003609848238
#Banquo_Mac,fill,1,9.84003609848238
#Banquo_Mac,dark,1,9.84003609848238
#Banquo_Mac,take,2,9.81756225988438
#Banquo_Mac,fear,3,9.315964020936939
#Banquo_Mac,fair,1,9.12895206083509
#Banquo_Mac,crown,1,9.12895206083509
#Banquo_Mac,word,1,9.12895206083509
#Banquo_Mac,use,1,9.12895206083509
#Banquo_Mac,thence,1,9.12895206083509
#Banquo_Mac,hast,1,9.12895206083509
#Banquo_Mac,said,1,9.12895206083509
#Banquo_Mac,highness,1,9.12895206083509
#Banquo_Mac,command,1,9.12895206083509
#Banquo_Mac,cawdor,2,8.863848989758852
#Banquo_Mac,devil,1,8.498009488359862
#Banquo_Mac,might,1,8.498009488359862
#Banquo_Mac,breath,1,8.498009488359862
#Banquo_Mac,three,1,8.498009488359862
#Banquo_Mac,sisters,1,8.498009488359862
#Banquo_Mac,shake,1,8.498009488359862
#Banquo_Mac,set,1,8.498009488359862
#Banquo_Mac,these,2,8.334904576733534
#Banquo_Mac,things,2,8.334904576733534
#Banquo_Mac,should,3,8.306569878286492
#Banquo_Mac,can,2,8.096036762261154
#Banquo_Mac,does,2,8.096036762261154
#Banquo_Mac,o,2,8.096036762261154
#Banquo_Mac,th',4,7.946011646648118
#Banquo_Mac,present,1,7.946011646648118
#Banquo_Mac,true,1,7.946011646648118
#Banquo_Mac,lies,1,7.946011646648118
#Banquo_Mac,forth,1,7.946011646648118
#Banquo_Mac,last,1,7.946011646648118
#Banquo_Mac,meet,1,7.946011646648118
#Banquo_Mac,fears,1,7.946011646648118
#Banquo_Mac,glamis,1,7.946011646648118
#Banquo_Mac,better,1,7.946011646648118
#Banquo_Mac,'t,3,7.757925096020644
#Banquo_Mac,time,3,7.757925096020644
#Banquo_Mac,royal,1,7.463188438655309
#Banquo_Mac,rest,1,7.463188438655309
#Banquo_Mac,thanks,1,7.463188438655309
#Banquo_Mac,further,1,7.463188438655309
#Banquo_Mac,many,1,7.463188438655309
#Banquo_Mac,kings,1,7.463188438655309
#Banquo_Mac,light,1,7.463188438655309
#Banquo_Mac,fleance,1,7.463188438655309
#Banquo_Mac,live,1,7.038954488347356
#Banquo_Mac,grace,1,7.038954488347356
#Banquo_Mac,words,1,7.038954488347356
#Banquo_Mac,tell,1,7.038954488347356
#Banquo_Mac,thoughts,1,7.038954488347356
#Banquo_Mac,fight,1,7.038954488347356
#Banquo_Mac,hour,1,7.038954488347356
#Banquo_Mac,call,1,7.038954488347356
#Banquo_Mac,tonight,1,7.038954488347356
#Banquo_Mac,may,2,6.7726626377832675
#Banquo_Mac,king,2,6.7726626377832675
#Banquo_Mac,once,1,6.6639233775696285
#Banquo_Mac,very,1,6.6639233775696285
#Banquo_Mac,bed,1,6.6639233775696285
#Banquo_Mac,hold,1,6.6639233775696285
#Banquo_Mac,myself,1,6.6639233775696285
#Banquo_Mac,why,2,6.621676372206765
#Banquo_Mac,into,1,6.33025639633935
#Banquo_Mac,about,1,6.33025639633935
#Banquo_Mac,new,1,6.33025639633935
#Banquo_Mac,keep,1,6.33025639633935
#Banquo_Mac,each,1,6.03153581498839
#Banquo_Mac,pray,1,6.03153581498839
#Banquo_Mac,wife,1,6.03153581498839
#Banquo_Mac,none,1,6.03153581498839
#Banquo_Mac,father,1,6.03153581498839
#Banquo_Mac,air,1,5.762530772112906
#Banquo_Mac,there's,1,5.762530772112906
#Banquo_Mac,bloody,1,5.762530772112906
#Banquo_Mac,god,1,5.762530772112906
#Banquo_Mac,against,1,5.762530772112906
#Banquo_Mac,o',1,5.518968564424052
#Banquo_Mac,heaven,1,5.518968564424052
#Banquo_Mac,macbeth,2,5.440941846834742
#Banquo_Mac,down,1,5.297341097765412
#Banquo_Mac,i',1,5.094749386951625
#Banquo_Mac,show,1,5.094749386951625
#Banquo_Mac,worthy,1,5.094749386951625
#Banquo_Mac,own,1,5.094749386951625
#Banquo_Mac,way,1,4.90878112994219
#Banquo_Mac,has,1,4.737414946798556
#Banquo_Mac,she,1,4.737414946798556
#Banquo_Mac,still,1,4.737414946798556
#Banquo_Mac,come,2,4.645719014498938
#Banquo_Mac,nature,1,4.57894546372676
#Banquo_Mac,hand,1,4.431924494879426
#Banquo_Mac,been,1,4.295114615651253
#Banquo_Mac,such,1,4.048018381130577
#Banquo_Mac,thane,1,3.9360144393929515
#Banquo_Mac,out,1,3.8307434609965663
#Banquo_Mac,sleep,1,3.8307434609965663
#Banquo_Mac,go,1,3.8307434609965663
#Banquo_Mac,man,1,3.549569983124497
#Banquo_Mac,know,1,3.170591293212919
#Banquo_Mac,must,1,3.1053213403123126
#Banquo_Mac,'tis,1,2.9833785308798473
#Banquo_Mac,who,1,2.720470923417371
#Banquo_Mac,would,1,2.504217174909067
#Banquo_Mac,more,1,2.3567664225907157
#Banquo_Mac,now,1,2.290018749335002
