Character,Number of words spoken,Number of speeches
#KingJohn_Jn,3309,95
#Chatillion_Jn,296,5
#QueenEleanor_Jn,424,22
#Essex_Jn,25,1
#Bastard_Jn,4087,89
#RobertFaulconbridge_Jn,179,4
#LadyFaulconbridge_Jn,122,5
#Gurney_Jn,4,1
#Dauphin_Jn,1194,29
#Arthur_Jn,977,23
#Austria_Jn,239,16
#Constance_Jn,2112,36
#KingPhilip_Jn,1477,43
#Blanche_Jn,332,9
#CITIZENS.0.1_Jn,517,10
#HERALDS.FRENCH_Jn,87,1
#HERALDS.ENGLISH_Jn,101,1
#Salisbury_Jn,1216,36
#Pandulph_Jn,1264,23
#Hubert_Jn,1010,52
#EXECUTIONERS.0.1_Jn,19,2
#Pembroke_Jn,604,19
#MESSENGERS.ENGLISH.1_Jn,164,6
#Peter_Jn,8,1
#Bigot_Jn,53,6
#Pembroke_Jn #Bigot_Jn,6,1
#Melun_Jn,308,3
#MESSENGERS.FRENCH.1_Jn,46,3
#PrinceHenry_Jn,221,8
