Character,Number of words spoken,Number of speeches
#Shallow_2H4,906,57
#Slender_Wiv,1167,58
#HughEvans_Wiv,1783,87
#MasterPage_Wiv,1079,74
#Falstaff_1H4,3649,136
#Bardolph_1H4,168,14
#Pistol_2H4,405,29
#Nym_H5,239,13
#Simple_Wiv,332,25
#AnnePage_Wiv,185,20
#Host_Wiv,855,46
#MistressQuickly_1H4,2141,74
#Rugby_Wiv,52,9
#DoctorCaius_Wiv,812,49
#Fenton_Wiv,750,20
#MistressPage_Wiv,2526,102
#MistressFord_Wiv,1291,84
#MasterFord_Wiv,2530,99
#Robin_Wiv,101,6
#MasterPage_Wiv #Shallow_2H4 #Slender_Wiv,4,1
#Shallow_2H4 #MasterPage_Wiv,4,1
#MasterPage_Wiv #DoctorCaius_Wiv #HughEvans_Wiv,7,1
#Robert_Wiv #John_Wiv,4,1
#WilliamPage_Wiv,37,11
#Robert_Wiv,16,2
#John_Wiv,9,1
#MistressFord_Wiv #MistressPage_Wiv,2,1
#MistressQuickly_1H4 #Pistol_2H4 #HughEvans_Wiv #BOYS_Wiv,59,1
