Character,Number of words spoken,Number of speeches
#RichardII_R2,5986,98
#Gaunt_R2,1515,28
#HenryIV_1H4,3117,90
#Mowbray_R2,1057,13
#DuchessOfGloucester_R2,457,4
#LordMarshal_R2,202,10
#Aumerle_R2,675,38
#HERALDS.1_R2,48,1
#HERALDS.2_R2,48,1
#Green_R2,242,10
#Bushy_R2,271,13
#Bushy_R2 #Bagot_R2 #Green_R2 #Aumerle_R2,1,1
#York_R2,2232,55
#Queen_R2,910,25
#Northumberland_R2,1104,38
#Ross_R2,178,11
#Willoughby_R2,102,8
#SERVANTS.YORK.1_R2,43,3
#Bagot_R2,170,6
#Hotspur_R2,352,12
#Berkeley_R2,69,2
#WelshCaptain_R2,121,2
#Salisbury_R2,156,3
#BishopOfCarlisle_R2,485,6
#Scroop_R2,285,6
#LADIES.0.1_R2,27,6
#Gardener_R2,409,6
#SERVANTS.GARDENER.1_R2,70,3
#Fitzwater_R2,218,6
#LORDS.1_R2,43,1
#Surrey_R2,75,3
#AbbotOfWestminster_R2,71,2
#DuchessOfYork_R2,734,28
#Exton_R2,178,6
#SERVANTS.EXTON.0.1_R2,7,2
#Groom_R2,91,4
#Jailer_R2,38,4
