Character,Number of words spoken,Number of speeches
#Duke_MM,6533,197
#Escalus_MM,1411,78
#Angelo_MM,2373,82
#Lucio_MM,2318,111
#GENTLEMEN.1_MM,169,12
#GENTLEMEN.2_MM,59,9
#Bawd_MM,226,15
#Pompey_MM,1292,60
#Claudio_MM,798,35
#Provost_MM,1125,65
#FriarThomas_MM,35,3
#Isabella_MM,3018,129
#Nun_MM,76,2
#Elbow_MM,600,28
#Froth_MM,58,8
#Justice_MM,10,3
#SERVANTS.1_MM,34,3
#Juliet_MM,63,7
#Boy_MM,41,1
#Mariana_MM,484,24
#Abhorson_MM,141,13
#Messenger_MM,41,1
#Barnardine_MM,112,7
#FriarPeter_MM,273,7
#Angelo_MM #Escalus_MM,7,1
