Character,Number of words spoken,Number of speeches
#Bedford_H5,595,19
#Gloucester_2H4,1393,49
#Exeter_H5,436,11
#CardinalBeaufort_1H6,719,27
#MESSENGERS.ENGLISH.1_1H6,126,2
#MESSENGERS.ENGLISH.2_1H6,54,1
#MESSENGERS.ENGLISH.3_1H6,338,4
#Charles_1H6,1019,41
#Alanson_1H6,359,18
#Reignier_1H6,444,24
#Bastard_1H6,222,12
#Pucelle_1H6,1957,46
#WARDERS.1_1H6,22,2
#SERVANTS.GLOUCESTER.0.1_1H6,22,3
#WARDERS.2_1H6,9,1
#Woodville_1H6,38,2
#SERVANTS.GLOUCESTER_1H6,18,1
#Mayor_1H6,151,5
#OFFICERS.0.1_1H6,49,1
#MasterGunner_1H6,138,2
#Boy_1H6,32,2
#Salisbury_1H6,113,4
#Talbot_1H6,3109,59
#Gargrave_1H6,18,2
#Glansdale_1H6,9,1
#MESSENGERS.ENGLISH.X.1_1H6,33,1
#SOLDIERS.FRENCH.Sergeant_1H6,31,1
#WATCHMEN.1_1H6,29,2
#Burgundy_1H6,334,17
#SOLDIERS.ENGLISH.1_1H6,34,1
#MESSENGERS.FRENCH.1_1H6,102,5
#SOLDIERS.ENGLISH.0.1_1H6,7,1
#Countess_1H6,350,13
#Porter_1H6,3,1
#York_1H6,1385,56
#Suffolk_1H6,1296,41
#Somerset_1H6,513,26
#Warwick_2H4,534,23
#Vernon_1H6,237,12
#Lawyer_1H6,29,2
#Mortimer_1H4,651,9
#JAILERS.0.1_1H6,30,2
#HenryVI_1H6,1330,29
#SERVANTS.WINCHESTER.0.1_1H6,29,2
#SERVANTS.GLOUCESTER.0.2_1H6,65,1
#SERVANTS.1_1H6,5,1
#SERVANTS.2_1H6,4,1
#SERVANTS.3_1H6,9,1
#Gloucester_2H4 #CardinalBeaufort_1H6 #Exeter_H5 #Suffolk_1H6 #Warwick_2H4,8,1
#SOLDIERS.FRENCH.PUCELLE.0.1_1H6,21,1
#Watchman_1H6,10,2
#SOLDIERS.ENGLISH.Captain_1H6,22,3
#Fastolf_1H6,55,3
#Basset_1H6,191,7
#General_1H6,202,1
#MESSENGERS.ENGLISH.X.2_1H6,49,1
#Lucy_1H6,586,14
#SOLDIERS.ENGLISH.SOMERSET.0.1_1H6,16,1
#JohnTalbot_1H6,400,11
#SERVANTS.TALBOT.1_1H6,10,1
#Legate_1H6,7,1
#SOLDIERS.FRENCH.Scout_1H6,31,2
#QueenMargaret_1H6,254,22
#Shepherd_1H6,201,4
