Character,Number of words spoken,Number of speeches
#HenryIV_1H4,2555,30
#Westmoreland_1H4,297,9
#Falstaff_1H4,5509,151
#HenryV_H5,4368,171
#Poins_1H4,546,36
#Worcester_1H4,1421,35
#Northumberland_R2,170,11
#Hotspur_R2,4326,102
#Blunt_1H4,299,11
#TRAVELERS.CARRIERS.1_1H4,175,8
#Ostler_1H4,2,1
#TRAVELERS.CARRIERS.2_1H4,140,6
#Gadshill_1H4,342,15
#Chamberlain_1H4,149,6
#Bardolph_1H4,200,21
#Peto_1H4,92,7
#TRAVELERS.GENTLEMEN.0.1_1H4,19,1
#Falstaff_1H4 #Bardolph_1H4 #Peto_1H4 #Gadshill_1H4,1,1
#TRAVELERS.CARRIERS_1H4 #TRAVELERS.GENTLEMEN_1H4,3,1
#TRAVELERS.GENTLEMEN_1H4,9,1
#LadyPercy_1H4,419,16
#SERVANTS.HOTSPUR.1_1H4,19,3
#DRAWERS.Francis_1H4,83,14
#Vintner_1H4,33,1
#MistressQuickly_1H4,411,24
#Sheriff_1H4,59,5
#TRAVELERS.CARRIERS.X_1H4,4,1
#Mortimer_1H4,444,13
#Glendower_1H4,608,23
#Douglas_1H4,341,19
#MESSENGERS.X_1H4,49,4
#Vernon_1H4,460,14
#Archbishop_1H4,258,5
#SirMichael_1H4,53,4
#MESSENGERS.1_1H4,7,1
#MESSENGERS.2_1H4,8,1
#Bedford_H5,64,5
