Character,Number of words spoken,Number of speeches
#CITIZENS.ROMAN.0.1_Cor,328,14
#CITIZENS.ROMAN_Cor,149,22
#CITIZENS.ROMAN.0.2_Cor,311,21
#Menenius_Cor,4277,163
#Coriolanus_Cor,6481,188
#MESSENGERS.X.1_Cor,12,2
#SENATORS.ROMAN.0.1_Cor,259,20
#Cominius_Cor,1913,65
#Lartius_Cor,385,23
#TRIBUNES.Sicinius_Cor,1897,118
#TRIBUNES.Brutus_Cor,1572,90
#SENATORS.VOLSCIAN.0.1_Cor,103,4
#Aufidius_Cor,2034,45
#SENATORS.VOLSCIAN.0.2_Cor,40,2
#SENATORS.VOLSCIAN_Cor,5,2
#Volumnia_Cor,2409,57
#Virgilia_Cor,230,26
#Gentlewoman_Cor,9,1
#Valeria_Cor,347,14
#MESSENGERS.X.2_Cor,15,2
#SOLDIERS.ROMAN.0.1_Cor,45,5
#SOLDIERS.ROMAN.0.2_Cor,5,2
#SOLDIERS.ROMAN_Cor,9,2
#SOLDIERS.ROMAN.0.3_Cor,9,1
#MESSENGERS.X.3_Cor,62,3
#SOLDIERS.ROMAN.Lieutenant_Cor,5,1
#SOLDIERS.ROMAN_Cor #Lartius_Cor,3,1
#SOLDIERS.VOLSCIAN.0.1_Cor,17,4
#TRIBUNES.Brutus_Cor #TRIBUNES.Sicinius_Cor,25,7
#Valeria_Cor #Virgilia_Cor,3,1
#Herald_Cor,38,2
#Menenius_Cor #Volumnia_Cor #Virgilia_Cor #Valeria_Cor,5,1
#MESSENGERS.X.4_Cor,71,1
#OFFICERS.1_Cor,114,5
#OFFICERS.2_Cor,186,3
#SENATORS.ROMAN_Cor,13,3
#CITIZENS.ROMAN.1_Cor,77,6
#CITIZENS.ROMAN.2_Cor,102,10
#CITIZENS.ROMAN.3_Cor,446,12
#CITIZENS.ROMAN.1_Cor #CITIZENS.ROMAN.2_Cor #CITIZENS.ROMAN.4_Cor #CITIZENS.ROMAN.5_Cor #CITIZENS.ROMAN.6_Cor #CITIZENS.ROMAN.7_Cor #CITIZENS.ROMAN.8_Cor,2,1
#CITIZENS.ROMAN.4_Cor,45,3
#CITIZENS.ROMAN.5_Cor,14,1
#CITIZENS.ROMAN.4_Cor #CITIZENS.ROMAN.5_Cor,7,1
#CITIZENS.ROMAN.6_Cor,12,1
#CITIZENS.ROMAN.7_Cor,18,1
#CITIZENS.ROMAN.6_Cor #CITIZENS.ROMAN.7_Cor #CITIZENS.ROMAN.8_Cor,7,1
#CITIZENS.ROMAN.1_Cor #CITIZENS.ROMAN.2_Cor #CITIZENS.ROMAN.3_Cor #CITIZENS.ROMAN.4_Cor #CITIZENS.ROMAN.5_Cor #CITIZENS.ROMAN.6_Cor #CITIZENS.ROMAN.7_Cor #CITIZENS.ROMAN.8_Cor,15,2
#SENATORS.ROMAN.0.2_Cor,15,2
#SENATORS.ROMAN_Cor #TRIBUNES.Sicinius_Cor #TRIBUNES.Brutus_Cor #Menenius_Cor #Cominius_Cor #Lartius_Cor,6,1
#AEDILES_Cor,2,1
#NOBLES.0.1_Cor,4,1
#AEDILES.X.2_Cor,39,8
#Nicanor_Cor,234,10
#Adrian_Cor,160,9
#CITIZENS.ANTIUM.1_Cor,20,3
#SERVANTS.1_Cor,237,17
#SERVANTS.2_Cor,256,17
#SERVANTS.3_Cor,397,20
#SERVANTS.1_Cor #SERVANTS.2_Cor,11,3
#AEDILES.X.3_Cor,38,1
#MESSENGERS.TRIBUNES.1_Cor,109,4
#MESSENGERS.TRIBUNES.2_Cor,137,5
#CITIZENS.ROMAN.0.3_Cor,37,1
#SOLDIERS.VOLSCIAN.Lieutenant_Cor,81,3
#WATCHMEN.1_Cor,252,12
#WATCHMEN.2_Cor,81,6
#YoungMartius_Cor,17,1
#CONSPIRATORS.0.1_Cor,56,3
#CONSPIRATORS.0.2_Cor,38,2
#CONSPIRATORS.0.3_Cor,80,3
#LORDS.VOLSCIAN_Cor,11,3
#LORDS.VOLSCIAN.0.1_Cor,89,4
#CONSPIRATORS_Cor,11,2
#CITIZENS.VOLSCIAN_Cor,22,1
#LORDS.VOLSCIAN.0.2_Cor,61,3
#LORDS.VOLSCIAN.0.3_Cor,12,1
