Character,Number of words spoken,Number of speeches
#Sly_Shr,522,24
#Hostess_Shr,26,3
#Lord_Shr,1058,17
#HUNTSMEN.0.1_Shr,38,2
#HUNTSMEN.0.2_Shr,29,2
#HUNTSMEN.0.3_Shr,36,2
#SERVANTS.LORD.0.1_Shr,142,6
#PLAYERS_Shr,4,1
#PLAYERS.0.1_Shr,24,2
#PLAYERS.0.2_Shr,8,1
#SERVANTS.LORD.0.2_Shr,103,4
#SERVANTS.LORD.0.3_Shr,99,4
#Lord_Shr #SERVANTS.LORD_Shr,1,1
#Page_Shr,122,8
#Messenger_Shr,61,1
#Lucentio_Shr,1371,61
#Tranio_Shr,2255,92
#Baptista_Shr,1289,68
#Gremio_Shr,1322,57
#Katherine_Shr,1761,82
#Hortensio_Shr,1575,70
#Bianca_Shr,544,29
#Biondello_Shr,810,40
#Petruchio_Shr,4609,158
#Grumio_Shr,1447,62
#Grumio_Shr #Biondello_Shr,7,1
#Gremio_Shr #Tranio_Shr,7,1
#SERVANTS.BAPTISTA.1_Shr,23,1
#Curtis_Shr,170,20
#SERVANTS.PETRUCHIO.Nathaniel_Shr,22,4
#SERVANTS.PETRUCHIO.Phillip_Shr,3,1
#SERVANTS.PETRUCHIO.Joseph_Shr,2,1
#SERVANTS.PETRUCHIO.Nicholas_Shr,2,1
#SERVANTS.PETRUCHIO.Nathaniel_Shr #SERVANTS.PETRUCHIO.Phillip_Shr #SERVANTS.PETRUCHIO.Joseph_Shr #SERVANTS.PETRUCHIO.Nicholas_Shr #SERVANTS.PETRUCHIO.Peter_Shr,5,1
#SERVANTS.PETRUCHIO.0.4_Shr,1,1
#SERVANTS.PETRUCHIO.Peter_Shr,8,2
#Merchant_Shr,377,20
#Haberdasher_Shr,8,1
#Tailor_Shr,111,12
#Vincentio_Shr,346,23
#Widow_Shr,76,8
