Character,Word,Count,Significance
#Trinculo_Tmp,monster,23,61.00124872524202
#Trinculo_Tmp,stephano,11,59.18578420407677
#Trinculo_Tmp,fish,8,49.371700811215725
#Trinculo_Tmp,storm,5,41.4241892114353
#Trinculo_Tmp,yond,3,30.986747226195277
#Trinculo_Tmp,man,8,27.684235241504126
#Trinculo_Tmp,dead,3,24.854513526861176
#Trinculo_Tmp,like,9,24.736386094839258
#Trinculo_Tmp,fear,3,23.240060419646458
#Trinculo_Tmp,same,2,20.657831484130185
#Trinculo_Tmp,sack,2,20.657831484130185
#Trinculo_Tmp,half,2,20.657831484130185
#Trinculo_Tmp,drowned,3,20.58714923597423
#Trinculo_Tmp,afeard,2,19.18639972098023
#Trinculo_Tmp,o,8,18.65437281424501
#Trinculo_Tmp,poor,3,17.640706180278666
#Trinculo_Tmp,lie,3,17.640706180278666
#Trinculo_Tmp,here's,2,16.56967568457412
#Trinculo_Tmp,why,3,16.141577510202758
#Trinculo_Tmp,should,5,16.138930846976706
#Trinculo_Tmp,nothing,3,15.493373613097638
#Trinculo_Tmp,head,2,14.55195033269476
#Trinculo_Tmp,under,2,14.55195033269476
#Trinculo_Tmp,other,2,14.55195033269476
#Trinculo_Tmp,light,2,14.55195033269476
#Trinculo_Tmp,away,2,14.55195033269476
#Trinculo_Tmp,grace,2,14.55195033269476
#Trinculo_Tmp,any,3,14.356934663542768
#Trinculo_Tmp,very,3,14.356934663542768
#Trinculo_Tmp,strange,3,14.356934663542768
#Trinculo_Tmp,bottle,2,13.724766157316154
#Trinculo_Tmp,most,5,13.034286382664064
#Trinculo_Tmp,two,2,12.993519165214728
#Trinculo_Tmp,follow,2,12.993519165214728
#Trinculo_Tmp,there,5,12.605530644397442
#Trinculo_Tmp,know,3,12.18873659951062
#Trinculo_Tmp,did,4,10.993949375484114
#Trinculo_Tmp,off,2,10.761051673468504
#Trinculo_Tmp,trinculo,2,10.761051673468504
#Trinculo_Tmp,set,2,10.761051673468504
#Trinculo_Tmp,out,3,10.640306556886047
#Trinculo_Tmp,o',3,10.381588215564047
#Trinculo_Tmp,art,3,10.381588215564047
#Trinculo_Tmp,weather,1,10.328915742065092
#Trinculo_Tmp,sing,1,10.328915742065092
#Trinculo_Tmp,i',2,10.328915742065092
#Trinculo_Tmp,liquor,1,10.328915742065092
#Trinculo_Tmp,ten,1,10.328915742065092
#Trinculo_Tmp,devils,1,10.328915742065092
#Trinculo_Tmp,hid,1,10.328915742065092
#Trinculo_Tmp,ashore,1,10.328915742065092
#Trinculo_Tmp,drawn,1,10.328915742065092
#Trinculo_Tmp,he'll,1,10.328915742065092
#Trinculo_Tmp,laugh,1,10.328915742065092
#Trinculo_Tmp,scurvy,1,10.328915742065092
#Trinculo_Tmp,case,1,10.328915742065092
#Trinculo_Tmp,drunk,1,10.328915742065092
#Trinculo_Tmp,monstrous,1,10.328915742065092
#Trinculo_Tmp,natural,1,10.328915742065092
#Trinculo_Tmp,catch,1,10.328915742065092
#Trinculo_Tmp,goodly,1,10.328915742065092
#Trinculo_Tmp,bones,1,10.328915742065092
#Trinculo_Tmp,another,1,9.593199860490115
#Trinculo_Tmp,looks,1,9.593199860490115
#Trinculo_Tmp,fool,1,9.593199860490115
#Trinculo_Tmp,makes,1,9.593199860490115
#Trinculo_Tmp,past,1,9.593199860490115
#Trinculo_Tmp,moon,1,9.593199860490115
#Trinculo_Tmp,five,1,9.593199860490115
#Trinculo_Tmp,state,1,9.593199860490115
#Trinculo_Tmp,farther,1,9.593199860490115
#Trinculo_Tmp,tune,1,9.593199860490115
#Trinculo_Tmp,played,1,9.593199860490115
#Trinculo_Tmp,lay,1,8.899953288782234
#Trinculo_Tmp,living,1,8.899953288782234
#Trinculo_Tmp,death,1,8.899953288782234
#Trinculo_Tmp,wonder,1,8.899953288782234
#Trinculo_Tmp,liest,1,8.899953288782234
#Trinculo_Tmp,sound,1,8.899953288782234
#Trinculo_Tmp,let's,1,8.899953288782234
#Trinculo_Tmp,lose,1,8.899953288782234
#Trinculo_Tmp,line,1,8.899953288782234
#Trinculo_Tmp,fall,1,8.28483784228706
#Trinculo_Tmp,be'st,1,8.28483784228706
#Trinculo_Tmp,friend,1,8.28483784228706
#Trinculo_Tmp,'s,1,8.28483784228706
#Trinculo_Tmp,drink,1,8.28483784228706
#Trinculo_Tmp,servant,1,8.28483784228706
#Trinculo_Tmp,last,1,8.28483784228706
#Trinculo_Tmp,can,2,8.125824399673748
#Trinculo_Tmp,good,3,7.820571829598439
#Trinculo_Tmp,see,1,7.746686806548819
#Trinculo_Tmp,beat,1,7.746686806548819
#Trinculo_Tmp,wilt,1,7.746686806548819
#Trinculo_Tmp,said,1,7.746686806548819
#Trinculo_Tmp,devil,1,7.746686806548819
#Trinculo_Tmp,been,1,7.746686806548819
#Trinculo_Tmp,asleep,1,7.27597516634738
#Trinculo_Tmp,go,2,7.27597516634738
#Trinculo_Tmp,after,1,7.27597516634738
#Trinculo_Tmp,such,2,7.093537704590699
#Trinculo_Tmp,would,3,6.995389805341881
#Trinculo_Tmp,kind,1,6.862383078658077
#Trinculo_Tmp,once,1,6.862383078658077
#Trinculo_Tmp,hope,1,6.862383078658077
#Trinculo_Tmp,heart,1,6.862383078658077
#Trinculo_Tmp,there's,1,6.862383078658077
#Trinculo_Tmp,ever,1,6.862383078658077
#Trinculo_Tmp,king,2,6.757714602342933
#Trinculo_Tmp,bear,1,6.496759582607364
#Trinculo_Tmp,way,1,6.496759582607364
#Trinculo_Tmp,myself,1,6.496759582607364
#Trinculo_Tmp,work,1,6.496759582607364
#Trinculo_Tmp,lost,1,6.496759582607364
#Trinculo_Tmp,these,2,6.315529918620863
#Trinculo_Tmp,i'll,3,6.259302632823239
#Trinculo_Tmp,till,1,6.171462601401966
#Trinculo_Tmp,three,1,6.171462601401966
#Trinculo_Tmp,indeed,1,6.171462601401966
#Trinculo_Tmp,great,1,6.171462601401966
#Trinculo_Tmp,foul,1,5.880235393426223
#Trinculo_Tmp,before,1,5.880235393426223
#Trinculo_Tmp,find,1,5.880235393426223
#Trinculo_Tmp,look,1,5.880235393426223
#Trinculo_Tmp,rest,1,5.880235393426223
#Trinculo_Tmp,saw,1,5.880235393426223
#Trinculo_Tmp,th',3,5.810015104911614
#Trinculo_Tmp,cannot,1,5.6179783128671135
#Trinculo_Tmp,best,1,5.6179783128671135
#Trinculo_Tmp,could,1,5.6179783128671135
#Trinculo_Tmp,isle,1,5.6179783128671135
#Trinculo_Tmp,brave,1,5.6179783128671135
#Trinculo_Tmp,ay,1,5.6179783128671135
#Trinculo_Tmp,true,1,5.6179783128671135
#Trinculo_Tmp,come,2,5.398800316042158
#Trinculo_Tmp,that's,1,5.380525836734252
#Trinculo_Tmp,put,1,5.380525836734252
#Trinculo_Tmp,never,1,5.380525836734252
#Trinculo_Tmp,tell,1,5.164457871032546
#Trinculo_Tmp,island,1,4.966948151305499
#Trinculo_Tmp,else,1,4.966948151305499
#Trinculo_Tmp,now,3,4.897399696461424
#Trinculo_Tmp,he's,1,4.785644887847589
#Trinculo_Tmp,since,1,4.785644887847589
#Trinculo_Tmp,hear,1,4.618577406816724
#Trinculo_Tmp,much,1,4.618577406816724
#Trinculo_Tmp,being,1,4.618577406816724
#Trinculo_Tmp,speak,1,4.464083113535547
#Trinculo_Tmp,hast,1,4.320750149741554
#Trinculo_Tmp,more,2,4.284548548157142
#Trinculo_Tmp,or,2,4.227889788704595
#Trinculo_Tmp,again,1,4.062912199836874
#Trinculo_Tmp,lord,1,3.734649676871965
#Trinculo_Tmp,had,1,3.63798758317369
#Trinculo_Tmp,take,1,3.4605294051880158
#Trinculo_Tmp,one,1,3.027424691384571
#Trinculo_Tmp,'t,1,2.908540804097235
#Stephano_Tmp,trinculo,12,54.27802405395498
#Stephano_Tmp,legs,6,44.89076842541486
#Stephano_Tmp,monster,19,42.36259464996781
#Stephano_Tmp,recover,4,34.732239568574926
#Stephano_Tmp,mooncalf,4,34.732239568574926
#Stephano_Tmp,jerkin,4,34.732239568574926
#Stephano_Tmp,bottle,6,34.61340072636227
#Stephano_Tmp,four,4,32.25830514105306
#Stephano_Tmp,swear,5,30.582942934586008
#Stephano_Tmp,hand,5,28.844500605301896
#Stephano_Tmp,tongue,4,27.858778201977913
#Stephano_Tmp,wine,4,27.858778201977913
#Stephano_Tmp,mercy,4,27.858778201977913
#Stephano_Tmp,be'st,4,27.858778201977913
#Stephano_Tmp,mouth,4,26.049179676431194
#Stephano_Tmp,turn,3,26.049179676431194
#Stephano_Tmp,butt,3,26.049179676431194
#Stephano_Tmp,we'll,3,26.049179676431194
#Stephano_Tmp,prove,3,26.049179676431194
#Stephano_Tmp,kiss,3,24.193728855789793
#Stephano_Tmp,open,3,22.44538421270743
#Stephano_Tmp,lead,3,22.44538421270743
#Stephano_Tmp,line,3,22.44538421270743
#Stephano_Tmp,here's,3,20.894083651483434
#Stephano_Tmp,drink,3,20.894083651483434
#Stephano_Tmp,further,3,20.894083651483434
#Stephano_Tmp,'em,5,20.877461563228643
#Stephano_Tmp,come,9,20.423390457676188
#Stephano_Tmp,man,7,20.363791693042828
#Stephano_Tmp,any,5,20.115393629595072
#Stephano_Tmp,while,3,19.536884757323396
#Stephano_Tmp,devil,3,19.536884757323396
#Stephano_Tmp,cam'st,3,19.536884757323396
#Stephano_Tmp,keep,4,18.89113761078537
#Stephano_Tmp,head,3,18.349765760751605
#Stephano_Tmp,off,4,18.09267468465166
#Stephano_Tmp,take,6,17.45467859403671
#Stephano_Tmp,ashore,2,17.366119784287463
#Stephano_Tmp,scurvy,2,17.366119784287463
#Stephano_Tmp,sing,2,17.366119784287463
#Stephano_Tmp,sack,2,17.366119784287463
#Stephano_Tmp,book,2,17.366119784287463
#Stephano_Tmp,tale,2,17.366119784287463
#Stephano_Tmp,stand,3,17.306700363181136
#Stephano_Tmp,bear,3,16.384610147674575
#Stephano_Tmp,tune,2,16.12915257052653
#Stephano_Tmp,moon,2,16.12915257052653
#Stephano_Tmp,run,2,16.12915257052653
#Stephano_Tmp,another,2,16.12915257052653
#Stephano_Tmp,go,5,15.291471467293
#Stephano_Tmp,loved,2,14.963589475138289
#Stephano_Tmp,language,2,14.963589475138289
#Stephano_Tmp,help,2,14.963589475138289
#Stephano_Tmp,cannot,3,14.168353208089028
#Stephano_Tmp,brave,3,14.168353208089028
#Stephano_Tmp,hang,2,13.929389100988956
#Stephano_Tmp,'s,2,13.929389100988956
#Stephano_Tmp,friend,2,13.929389100988956
#Stephano_Tmp,canst,2,13.929389100988956
#Stephano_Tmp,servant,2,13.929389100988956
#Stephano_Tmp,thyself,2,13.929389100988956
#Stephano_Tmp,reason,2,13.929389100988956
#Stephano_Tmp,can,4,13.662038048788137
#Stephano_Tmp,prithee,3,13.569506013488745
#Stephano_Tmp,been,2,13.024589838215597
#Stephano_Tmp,said,2,13.024589838215597
#Stephano_Tmp,tell,3,13.024589838215597
#Stephano_Tmp,sea,4,12.903322056421223
#Stephano_Tmp,now,9,12.351078063389945
#Stephano_Tmp,comfort,2,12.233177173834402
#Stephano_Tmp,other,2,12.233177173834402
#Stephano_Tmp,out,4,11.926443060290895
#Stephano_Tmp,like,5,11.55265509739734
#Stephano_Tmp,ever,2,11.53780024212076
#Stephano_Tmp,drowned,2,11.53780024212076
#Stephano_Tmp,way,2,10.92307343178305
#Stephano_Tmp,didst,2,10.376148034950388
#Stephano_Tmp,hither,2,10.376148034950388
#Stephano_Tmp,again,3,10.246528536591104
#Stephano_Tmp,though,2,9.886504523042023
#Stephano_Tmp,could,2,9.445568805392686
#Stephano_Tmp,ay,2,9.445568805392686
#Stephano_Tmp,put,2,9.04633734232583
#Stephano_Tmp,stephano,2,9.04633734232583
#Stephano_Tmp,does,2,9.04633734232583
#Stephano_Tmp,made,2,9.04633734232583
#Stephano_Tmp,devils,1,8.683059892143731
#Stephano_Tmp,drowning,1,8.683059892143731
#Stephano_Tmp,get,1,8.683059892143731
#Stephano_Tmp,trod,1,8.683059892143731
#Stephano_Tmp,drunk,1,8.683059892143731
#Stephano_Tmp,near,1,8.683059892143731
#Stephano_Tmp,hands,1,8.683059892143731
#Stephano_Tmp,rock,1,8.683059892143731
#Stephano_Tmp,hid,1,8.683059892143731
#Stephano_Tmp,part,1,8.683059892143731
#Stephano_Tmp,suffer,1,8.683059892143731
#Stephano_Tmp,trouble,1,8.683059892143731
#Stephano_Tmp,certain,1,8.683059892143731
#Stephano_Tmp,save,1,8.683059892143731
#Stephano_Tmp,same,1,8.683059892143731
#Stephano_Tmp,better,1,8.683059892143731
#Stephano_Tmp,labor,1,8.683059892143731
#Stephano_Tmp,fortune,1,8.683059892143731
#Stephano_Tmp,she,3,8.52136498517312
#Stephano_Tmp,king,3,8.52136498517312
#Stephano_Tmp,should,3,8.140368648884749
#Stephano_Tmp,die,1,8.064576285263264
#Stephano_Tmp,boatswain,1,8.064576285263264
#Stephano_Tmp,afeard,1,8.064576285263264
#Stephano_Tmp,ground,1,8.064576285263264
#Stephano_Tmp,shake,1,8.064576285263264
#Stephano_Tmp,about,1,8.064576285263264
#Stephano_Tmp,company,1,8.064576285263264
#Stephano_Tmp,fellow,1,8.064576285263264
#Stephano_Tmp,fill,1,8.064576285263264
#Stephano_Tmp,farther,1,8.064576285263264
#Stephano_Tmp,played,1,8.064576285263264
#Stephano_Tmp,only,1,8.064576285263264
#Stephano_Tmp,ears,1,8.064576285263264
#Stephano_Tmp,thoughts,1,8.064576285263264
#Stephano_Tmp,hair,1,8.064576285263264
#Stephano_Tmp,care,1,8.064576285263264
#Stephano_Tmp,very,2,8.04615745183803
#Stephano_Tmp,he's,2,8.04615745183803
#Stephano_Tmp,speak,2,7.505512099489124
#Stephano_Tmp,what's,1,7.481794737569144
#Stephano_Tmp,matter,1,7.481794737569144
#Stephano_Tmp,got,1,7.481794737569144
#Stephano_Tmp,present,1,7.481794737569144
#Stephano_Tmp,delicate,1,7.481794737569144
#Stephano_Tmp,drop,1,7.481794737569144
#Stephano_Tmp,therefore,1,7.481794737569144
#Stephano_Tmp,almost,1,7.481794737569144
#Stephano_Tmp,drown,1,7.481794737569144
#Stephano_Tmp,next,1,7.481794737569144
#Stephano_Tmp,subject,1,7.481794737569144
#Stephano_Tmp,thought,1,7.481794737569144
#Stephano_Tmp,music,1,7.481794737569144
#Stephano_Tmp,story,1,7.481794737569144
#Stephano_Tmp,lose,1,7.481794737569144
#Stephano_Tmp,lay,1,7.481794737569144
#Stephano_Tmp,himself,1,7.481794737569144
#Stephano_Tmp,'t,3,7.335242526338256
#Stephano_Tmp,more,4,7.203658657594553
#Stephano_Tmp,time,2,7.040274878099478
#Stephano_Tmp,i'll,4,7.015889631411372
#Stephano_Tmp,leave,1,6.964694550494478
#Stephano_Tmp,new,1,6.964694550494478
#Stephano_Tmp,has,1,6.964694550494478
#Stephano_Tmp,fetch,1,6.964694550494478
#Stephano_Tmp,mistress,1,6.964694550494478
#Stephano_Tmp,thank,1,6.964694550494478
#Stephano_Tmp,mine,3,6.807796819225395
#Stephano_Tmp,good,3,6.574406770563757
#Stephano_Tmp,none,1,6.512294919107799
#Stephano_Tmp,call,1,6.512294919107799
#Stephano_Tmp,water,1,6.512294919107799
#Stephano_Tmp,ere,1,6.512294919107799
#Stephano_Tmp,shore,1,6.512294919107799
#Stephano_Tmp,beat,1,6.512294919107799
#Stephano_Tmp,honor,1,6.512294919107799
#Stephano_Tmp,show,1,6.512294919107799
#Stephano_Tmp,see,1,6.512294919107799
#Stephano_Tmp,wilt,1,6.512294919107799
#Stephano_Tmp,cry,1,6.116588586917201
#Stephano_Tmp,ha,1,6.116588586917201
#Stephano_Tmp,after,1,6.116588586917201
#Stephano_Tmp,without,1,6.116588586917201
#Stephano_Tmp,light,1,6.116588586917201
#Stephano_Tmp,word,1,6.116588586917201
#Stephano_Tmp,little,1,6.116588586917201
#Stephano_Tmp,against,1,6.116588586917201
#Stephano_Tmp,loss,1,6.116588586917201
#Stephano_Tmp,o'er,1,6.116588586917201
#Stephano_Tmp,under,1,6.116588586917201
#Stephano_Tmp,away,1,6.116588586917201
#Stephano_Tmp,art,2,5.818226198012236
#Stephano_Tmp,o',2,5.818226198012236
#Stephano_Tmp,long,1,5.76890012106038
#Stephano_Tmp,once,1,5.76890012106038
#Stephano_Tmp,there's,1,5.76890012106038
#Stephano_Tmp,might,1,5.461536715891525
#Stephano_Tmp,two,1,5.461536715891525
#Stephano_Tmp,down,1,5.461536715891525
#Stephano_Tmp,queen,1,5.461536715891525
#Stephano_Tmp,free,1,5.461536715891525
#Stephano_Tmp,remember,1,5.461536715891525
#Stephano_Tmp,follow,1,5.461536715891525
#Stephano_Tmp,indeed,1,5.188074017475194
#Stephano_Tmp,one,2,5.090042473130152
#Stephano_Tmp,foul,1,4.943252261521011
#Stephano_Tmp,doth,1,4.943252261521011
#Stephano_Tmp,thine,1,4.943252261521011
#Stephano_Tmp,before,1,4.943252261521011
#Stephano_Tmp,eyes,1,4.943252261521011
#Stephano_Tmp,shalt,1,4.943252261521011
#Stephano_Tmp,poor,1,4.943252261521011
#Stephano_Tmp,lie,1,4.943252261521011
#Stephano_Tmp,look,1,4.943252261521011
#Stephano_Tmp,every,1,4.943252261521011
#Stephano_Tmp,rest,1,4.943252261521011
#Stephano_Tmp,th',3,4.884221189330849
#Stephano_Tmp,men,1,4.722784402696343
#Stephano_Tmp,isle,1,4.722784402696343
#Stephano_Tmp,never,1,4.523168671162915
#Stephano_Tmp,forth,1,4.523168671162915
#Stephano_Tmp,set,1,4.523168671162915
#Stephano_Tmp,life,1,4.523168671162915
#Stephano_Tmp,that's,1,4.523168671162915
#Stephano_Tmp,into,1,4.523168671162915
#Stephano_Tmp,most,2,4.3829378470425056
#Stephano_Tmp,i',1,4.341529946071866
#Stephano_Tmp,daughter,1,4.341529946071866
#Stephano_Tmp,nothing,1,4.341529946071866
#Stephano_Tmp,else,1,4.175492312645728
#Stephano_Tmp,since,1,4.023078725919015
#Stephano_Tmp,up,1,4.023078725919015
#Stephano_Tmp,bring,1,4.023078725919015
#Stephano_Tmp,dost,1,4.023078725919015
#Stephano_Tmp,done,1,4.023078725919015
#Stephano_Tmp,would,2,3.9204753054768045
#Stephano_Tmp,o,2,3.9204753054768045
#Stephano_Tmp,much,1,3.882632528075352
#Stephano_Tmp,being,1,3.882632528075352
#Stephano_Tmp,hear,1,3.882632528075352
#Stephano_Tmp,own,1,3.752756049744562
#Stephano_Tmp,master,1,3.6322624045042264
#Stephano_Tmp,naples,1,3.6322624045042264
#Stephano_Tmp,or,2,3.554198830686284
#Stephano_Tmp,had,1,3.0582942934585997
#Stephano_Tmp,who,1,2.909113099006118
#Stephano_Tmp,these,1,2.6545925004828534
#Stephano_Tmp,did,1,2.310531019479468
#Stephano_Tmp,there,1,2.1193817490793583
#Sebastian_Tmp,eye,3,30.274094136230794
#Sebastian_Tmp,drunk,2,21.730571102302953
#Sebastian_Tmp,rather,3,21.656218398806285
#Sebastian_Tmp,one,6,19.107814166324157
#Sebastian_Tmp,please,2,18.724237139569308
#Sebastian_Tmp,matter,2,18.724237139569308
#Sebastian_Tmp,doth,3,18.556769631888667
#Sebastian_Tmp,wine,2,17.43012164090655
#Sebastian_Tmp,comfort,2,15.307617918402212
#Sebastian_Tmp,asleep,2,15.307617918402212
#Sebastian_Tmp,ha,2,15.307617918402212
#Sebastian_Tmp,had,4,15.30761791840221
#Sebastian_Tmp,'t,5,15.29789145485558
#Sebastian_Tmp,he's,3,15.10247528918548
#Sebastian_Tmp,there's,2,14.437478932537523
#Sebastian_Tmp,sleep,2,13.668259047700506
#Sebastian_Tmp,naples,3,13.6353665799397
#Sebastian_Tmp,or,6,13.342319072075766
#Sebastian_Tmp,ay,2,11.819428120782266
#Sebastian_Tmp,why,2,11.319861850238617
#Sebastian_Tmp,take,3,10.920693251198912
#Sebastian_Tmp,cold,1,10.865285551151477
#Sebastian_Tmp,truth,1,10.865285551151477
#Sebastian_Tmp,marriage,1,10.865285551151477
#Sebastian_Tmp,prosper,1,10.865285551151477
#Sebastian_Tmp,least,1,10.865285551151477
#Sebastian_Tmp,grief,1,10.865285551151477
#Sebastian_Tmp,bow,1,10.865285551151477
#Sebastian_Tmp,weather,1,10.865285551151477
#Sebastian_Tmp,heavy,1,10.865285551151477
#Sebastian_Tmp,sink,1,10.865285551151477
#Sebastian_Tmp,claribel,1,10.865285551151477
#Sebastian_Tmp,heir,1,10.865285551151477
#Sebastian_Tmp,'twixt,1,10.865285551151477
#Sebastian_Tmp,space,1,10.865285551151477
#Sebastian_Tmp,methinks,1,10.865285551151477
#Sebastian_Tmp,case,1,10.865285551151477
#Sebastian_Tmp,draw,1,10.865285551151477
#Sebastian_Tmp,high,1,10.865285551151477
#Sebastian_Tmp,there,4,10.608098150506189
#Sebastian_Tmp,home,1,10.091364712076931
#Sebastian_Tmp,dido,1,10.091364712076931
#Sebastian_Tmp,yourself,1,10.091364712076931
#Sebastian_Tmp,sorrow,1,10.091364712076931
#Sebastian_Tmp,whiles,1,10.091364712076931
#Sebastian_Tmp,up,2,10.068316859456987
#Sebastian_Tmp,very,2,10.068316859456987
#Sebastian_Tmp,strange,2,10.068316859456987
#Sebastian_Tmp,son,2,9.716830617717347
#Sebastian_Tmp,milan,2,9.391796576499056
#Sebastian_Tmp,let's,1,9.362118569784654
#Sebastian_Tmp,green,1,9.362118569784654
#Sebastian_Tmp,many,1,9.362118569784654
#Sebastian_Tmp,beseech,1,9.362118569784654
#Sebastian_Tmp,lose,1,9.362118569784654
#Sebastian_Tmp,soul,1,9.362118569784654
#Sebastian_Tmp,end,1,9.362118569784654
#Sebastian_Tmp,language,1,9.362118569784654
#Sebastian_Tmp,open,1,9.362118569784654
#Sebastian_Tmp,next,1,9.362118569784654
#Sebastian_Tmp,living,1,9.362118569784654
#Sebastian_Tmp,things,1,9.362118569784654
#Sebastian_Tmp,leave,1,8.715060820453274
#Sebastian_Tmp,old,1,8.715060820453274
#Sebastian_Tmp,thank,1,8.715060820453274
#Sebastian_Tmp,fair,1,8.715060820453274
#Sebastian_Tmp,want,1,8.715060820453274
#Sebastian_Tmp,gone,1,8.715060820453274
#Sebastian_Tmp,friend,1,8.715060820453274
#Sebastian_Tmp,heard,1,8.715060820453274
#Sebastian_Tmp,ear,1,8.715060820453274
#Sebastian_Tmp,most,3,8.226685958509844
#Sebastian_Tmp,none,1,8.148964163363605
#Sebastian_Tmp,said,1,8.148964163363605
#Sebastian_Tmp,widow,1,8.148964163363605
#Sebastian_Tmp,fear,1,8.148964163363605
#Sebastian_Tmp,water,1,8.148964163363605
#Sebastian_Tmp,left,1,8.148964163363605
#Sebastian_Tmp,devil,1,8.148964163363605
#Sebastian_Tmp,lord,2,7.857172269781065
#Sebastian_Tmp,little,1,7.653808959201106
#Sebastian_Tmp,loss,1,7.653808959201106
#Sebastian_Tmp,tunis,1,7.653808959201106
#Sebastian_Tmp,word,1,7.653808959201106
#Sebastian_Tmp,believe,1,7.653808959201106
#Sebastian_Tmp,hour,1,7.653808959201106
#Sebastian_Tmp,o'er,1,7.653808959201106
#Sebastian_Tmp,out,2,7.461897710555629
#Sebastian_Tmp,would,3,7.358653093384335
#Sebastian_Tmp,o',2,7.2804621674659415
#Sebastian_Tmp,sweet,1,7.218739466268762
#Sebastian_Tmp,hope,1,7.218739466268762
#Sebastian_Tmp,even,1,7.218739466268762
#Sebastian_Tmp,she,2,7.108635665272839
#Sebastian_Tmp,king,2,7.108635665272839
#Sebastian_Tmp,now,4,6.868955398479822
#Sebastian_Tmp,lost,1,6.834129523850253
#Sebastian_Tmp,myself,1,6.834129523850253
#Sebastian_Tmp,queen,1,6.834129523850253
#Sebastian_Tmp,remember,1,6.834129523850253
#Sebastian_Tmp,prospero,1,6.834129523850253
#Sebastian_Tmp,free,1,6.834129523850253
#Sebastian_Tmp,should,2,6.7908034694696715
#Sebastian_Tmp,think,1,6.491940210084239
#Sebastian_Tmp,great,1,6.491940210084239
#Sebastian_Tmp,didst,1,6.491940210084239
#Sebastian_Tmp,indeed,1,6.491940210084239
#Sebastian_Tmp,dear,1,6.491940210084239
#Sebastian_Tmp,love,1,6.491940210084239
#Sebastian_Tmp,look,1,6.185589877296223
#Sebastian_Tmp,foul,1,6.185589877296223
#Sebastian_Tmp,find,1,6.185589877296223
#Sebastian_Tmp,eyes,1,6.185589877296223
#Sebastian_Tmp,thine,1,6.185589877296223
#Sebastian_Tmp,men,1,5.909714060391133
#Sebastian_Tmp,true,1,5.909714060391133
#Sebastian_Tmp,brother,1,5.909714060391133
#Sebastian_Tmp,like,2,5.782426843364675
#Sebastian_Tmp,did,2,5.782426843364675
#Sebastian_Tmp,prithee,1,5.659930925119308
#Sebastian_Tmp,stephano,1,5.659930925119308
#Sebastian_Tmp,tell,1,5.432642775575738
#Sebastian_Tmp,daughter,1,5.432642775575738
#Sebastian_Tmp,island,1,5.224876582341866
#Sebastian_Tmp,may,1,5.224876582341866
#Sebastian_Tmp,'em,1,5.224876582341866
#Sebastian_Tmp,done,1,5.034158429728493
#Sebastian_Tmp,bring,1,5.034158429728493
#Sebastian_Tmp,dost,1,5.034158429728493
#Sebastian_Tmp,since,1,5.034158429728493
#Sebastian_Tmp,being,1,4.858415308858674
#Sebastian_Tmp,much,1,4.858415308858674
#Sebastian_Tmp,'tis,1,4.858415308858674
#Sebastian_Tmp,own,1,4.695898288249528
#Sebastian_Tmp,more,2,4.507040680360063
#Sebastian_Tmp,time,1,4.404817993847988
#Sebastian_Tmp,i'll,2,4.389561121743418
#Sebastian_Tmp,sir,2,4.278670202713184
#Sebastian_Tmp,go,1,3.8269044796005525
#Sebastian_Tmp,who,1,3.6402310837329708
#Sebastian_Tmp,art,1,3.6402310837329708
#Sebastian_Tmp,these,1,3.3217443963259923
#Sebastian_Tmp,come,1,2.83957718952778
#Sebastian_Tmp,mine,1,2.83957718952778
#Sebastian_Tmp,good,1,2.742228652836614
#Sebastian_Tmp,o,1,2.4528843644614455
#Sebastian_Tmp,th',1,2.037241040840901
#SPIRITS.Iris_Tmp,nymphs,4,51.385841650865146
#SPIRITS.Iris_Tmp,ceres,2,27.66334676987375
#SPIRITS.Iris_Tmp,contract,2,27.66334676987375
#SPIRITS.Iris_Tmp,rich,2,22.188809347140396
#SPIRITS.Iris_Tmp,leave,2,22.188809347140396
#SPIRITS.Iris_Tmp,whose,3,20.74751007740531
#SPIRITS.Iris_Tmp,love,2,16.528676802407187
#SPIRITS.Iris_Tmp,true,2,15.046311354980732
#SPIRITS.Iris_Tmp,lady,1,13.831673384936876
#SPIRITS.Iris_Tmp,cold,1,13.831673384936876
#SPIRITS.Iris_Tmp,hard,1,13.831673384936876
#SPIRITS.Iris_Tmp,met,1,13.831673384936876
#SPIRITS.Iris_Tmp,called,1,13.831673384936876
#SPIRITS.Iris_Tmp,answer,1,13.831673384936876
#SPIRITS.Iris_Tmp,juno,1,13.831673384936876
#SPIRITS.Iris_Tmp,merry,1,13.831673384936876
#SPIRITS.Iris_Tmp,fly,1,12.846460412716286
#SPIRITS.Iris_Tmp,charm,1,12.846460412716286
#SPIRITS.Iris_Tmp,looks,1,12.846460412716286
#SPIRITS.Iris_Tmp,son,2,12.36967282712394
#SPIRITS.Iris_Tmp,thought,1,11.918119007428228
#SPIRITS.Iris_Tmp,maid,1,11.918119007428228
#SPIRITS.Iris_Tmp,green,1,11.918119007428228
#SPIRITS.Iris_Tmp,land,1,11.918119007428228
#SPIRITS.Iris_Tmp,help,1,11.918119007428228
#SPIRITS.Iris_Tmp,thyself,1,11.094404673570198
#SPIRITS.Iris_Tmp,place,1,11.094404673570198
#SPIRITS.Iris_Tmp,has,1,11.094404673570198
#SPIRITS.Iris_Tmp,play,1,11.094404673570198
#SPIRITS.Iris_Tmp,come,3,10.84447455668651
#SPIRITS.Iris_Tmp,live,1,10.373755038702656
#SPIRITS.Iris_Tmp,command,1,10.373755038702656
#SPIRITS.Iris_Tmp,fresh,1,10.373755038702656
#SPIRITS.Iris_Tmp,grace,1,9.74341494993236
#SPIRITS.Iris_Tmp,queen,1,8.699950590275382
#SPIRITS.Iris_Tmp,these,2,8.457262046528777
#SPIRITS.Iris_Tmp,air,1,8.264338401203593
#SPIRITS.Iris_Tmp,till,1,8.264338401203593
#SPIRITS.Iris_Tmp,hither,1,8.264338401203593
#SPIRITS.Iris_Tmp,every,1,7.874349778765456
#SPIRITS.Iris_Tmp,keep,1,7.523155677490366
#SPIRITS.Iris_Tmp,does,1,7.205177955885135
#SPIRITS.Iris_Tmp,put,1,7.205177955885135
#SPIRITS.Iris_Tmp,dost,1,6.408560073292499
#SPIRITS.Iris_Tmp,very,1,6.408560073292499
#SPIRITS.Iris_Tmp,done,1,6.408560073292499
#SPIRITS.Iris_Tmp,being,1,6.18483641356197
#SPIRITS.Iris_Tmp,again,1,5.44073317501798
#SPIRITS.Iris_Tmp,sea,1,5.138584165086514
#SPIRITS.Iris_Tmp,out,1,4.749554509097817
#SPIRITS.Iris_Tmp,o',1,4.63406940929898
#SPIRITS.Iris_Tmp,man,1,4.63406940929898
#SPIRITS.Iris_Tmp,one,1,4.05408956510208
#SPIRITS.Iris_Tmp,most,1,3.4908986877783272
#SPIRITS.Iris_Tmp,more,1,2.8687655897252258
#SPIRITS.Iris_Tmp,th',1,2.593438759675664
#Prospero_Tmp,ariel,16,32.714394071664216
#Prospero_Tmp,hast,15,26.679622749087223
#Prospero_Tmp,shalt,11,26.626658518237253
#Prospero_Tmp,art,17,24.217022034426936
#Prospero_Tmp,free,9,24.069583579024997
#Prospero_Tmp,spirit,13,23.889380939383095
#Prospero_Tmp,dukedom,8,22.599259894321023
#Prospero_Tmp,caliban,8,22.599259894321023
#Prospero_Tmp,mine,20,22.224220445960178
#Prospero_Tmp,come,20,22.224220445960178
#Prospero_Tmp,thine,9,21.785447878557754
#Prospero_Tmp,brother,9,20.81382215661975
#Prospero_Tmp,business,8,20.323914543756224
#Prospero_Tmp,milan,11,20.21409156409339
#Prospero_Tmp,duke,7,19.77435240753089
#Prospero_Tmp,senses,5,19.745255982905473
#Prospero_Tmp,more,22,19.40112996566909
#Prospero_Tmp,slave,6,19.13359249124055
#Prospero_Tmp,being,10,19.012424321534112
#Prospero_Tmp,must,12,18.95544574358925
#Prospero_Tmp,cell,7,18.720787228130554
#Prospero_Tmp,else,9,18.401846665311123
#Prospero_Tmp,now,27,18.144179388974926
#Prospero_Tmp,word,6,17.97097872752365
#Prospero_Tmp,both,7,17.7834252257867
#Prospero_Tmp,dost,9,17.730143488140637
#Prospero_Tmp,forth,8,17.719194681892382
#Prospero_Tmp,time,10,17.237363097688746
#Prospero_Tmp,much,9,17.1111818893807
#Prospero_Tmp,who,12,17.0943684948896
#Prospero_Tmp,mark,5,17.05231271648526
#Prospero_Tmp,whose,8,17.0076377699916
#Prospero_Tmp,did,15,16.97126723920983
#Prospero_Tmp,th',21,16.741893429835482
#Prospero_Tmp,own,9,16.538802188803686
#Prospero_Tmp,two,6,16.04638905268333
#Prospero_Tmp,charge,4,15.79620478632438
#Prospero_Tmp,quick,4,15.79620478632438
#Prospero_Tmp,charms,4,15.79620478632438
#Prospero_Tmp,life,7,15.504295346655832
#Prospero_Tmp,dear,6,15.24293590781717
#Prospero_Tmp,didst,6,15.24293590781717
#Prospero_Tmp,thing,6,15.24293590781717
#Prospero_Tmp,most,14,15.023619017309752
#Prospero_Tmp,power,5,14.975815606269709
#Prospero_Tmp,hence,5,14.975815606269709
#Prospero_Tmp,go,10,14.975815606269709
#Prospero_Tmp,one,12,14.954912155194801
#Prospero_Tmp,wast,4,14.654701953759023
#Prospero_Tmp,present,4,14.654701953759023
#Prospero_Tmp,shape,4,14.654701953759023
#Prospero_Tmp,eyes,6,14.523631919038504
#Prospero_Tmp,these,11,14.29887132518739
#Prospero_Tmp,whom,8,14.229132132846516
#Prospero_Tmp,mind,5,14.124537433950639
#Prospero_Tmp,done,7,13.790111601887162
#Prospero_Tmp,canst,4,13.64185017318821
#Prospero_Tmp,thyself,4,13.64185017318821
#Prospero_Tmp,'s,4,13.64185017318821
#Prospero_Tmp,reason,4,13.64185017318821
#Prospero_Tmp,there,13,13.491609176988495
#Prospero_Tmp,know,8,13.380017944127363
#Prospero_Tmp,follow,5,13.371990877236108
#Prospero_Tmp,set,6,13.289396011419285
#Prospero_Tmp,into,6,13.289396011419285
#Prospero_Tmp,made,6,13.289396011419285
#Prospero_Tmp,i'll,15,12.883243814046295
#Prospero_Tmp,o',9,12.820776371167202
#Prospero_Tmp,daughter,6,12.755728327493701
#Prospero_Tmp,obey,3,12.755728327493701
#Prospero_Tmp,seest,3,12.755728327493701
#Prospero_Tmp,called,3,12.755728327493701
#Prospero_Tmp,part,3,12.755728327493701
#Prospero_Tmp,few,3,12.755728327493701
#Prospero_Tmp,shore,4,12.755728327493701
#Prospero_Tmp,performed,3,12.755728327493701
#Prospero_Tmp,age,3,12.755728327493701
#Prospero_Tmp,within,4,12.755728327493701
#Prospero_Tmp,command,4,12.755728327493701
#Prospero_Tmp,call,4,12.755728327493701
#Prospero_Tmp,hate,3,12.755728327493701
#Prospero_Tmp,break,3,12.755728327493701
#Prospero_Tmp,fury,3,12.755728327493701
#Prospero_Tmp,certain,3,12.755728327493701
#Prospero_Tmp,think,5,12.702446589847643
#Prospero_Tmp,hither,5,12.702446589847643
#Prospero_Tmp,air,5,12.702446589847643
#Prospero_Tmp,she,9,12.518192674063204
#Prospero_Tmp,'em,6,12.267897776874081
#Prospero_Tmp,poor,5,12.103026599198754
#Prospero_Tmp,foul,5,12.103026599198754
#Prospero_Tmp,find,5,12.103026599198754
#Prospero_Tmp,other,4,11.980652485015767
#Prospero_Tmp,away,4,11.980652485015767
#Prospero_Tmp,state,3,11.847153589743284
#Prospero_Tmp,having,3,11.847153589743284
#Prospero_Tmp,purpose,3,11.847153589743284
#Prospero_Tmp,ministers,3,11.847153589743284
#Prospero_Tmp,wench,3,11.847153589743284
#Prospero_Tmp,winds,3,11.847153589743284
#Prospero_Tmp,fine,3,11.847153589743284
#Prospero_Tmp,fill,3,11.847153589743284
#Prospero_Tmp,fellows,3,11.847153589743284
#Prospero_Tmp,given,3,11.847153589743284
#Prospero_Tmp,lords,3,11.847153589743284
#Prospero_Tmp,since,6,11.820095658760422
#Prospero_Tmp,bring,6,11.820095658760422
#Prospero_Tmp,up,6,11.820095658760422
#Prospero_Tmp,such,8,11.680250163734563
#Prospero_Tmp,true,5,11.563234531455418
#Prospero_Tmp,'tis,6,11.407454592920466
#Prospero_Tmp,take,8,11.396245663259737
#Prospero_Tmp,or,13,11.312700409390317
#Prospero_Tmp,there's,4,11.299629947160511
#Prospero_Tmp,day,4,11.299629947160511
#Prospero_Tmp,awake,4,11.299629947160511
#Prospero_Tmp,thence,3,10.991026465319269
#Prospero_Tmp,loved,3,10.991026465319269
#Prospero_Tmp,delicate,3,10.991026465319269
#Prospero_Tmp,help,3,10.991026465319269
#Prospero_Tmp,fire,3,10.991026465319269
#Prospero_Tmp,night,3,10.991026465319269
#Prospero_Tmp,sir,13,10.883411023016958
#Prospero_Tmp,prospero,4,10.697592701788887
#Prospero_Tmp,work,4,10.697592701788887
#Prospero_Tmp,hark,4,10.697592701788887
#Prospero_Tmp,lost,4,10.697592701788887
#Prospero_Tmp,spirits,4,10.697592701788887
#Prospero_Tmp,tell,5,10.62977360624475
#Prospero_Tmp,first,5,10.62977360624475
#Prospero_Tmp,sit,3,10.231387629891158
#Prospero_Tmp,ear,3,10.231387629891158
#Prospero_Tmp,old,3,10.231387629891158
#Prospero_Tmp,new,3,10.231387629891158
#Prospero_Tmp,nature,3,10.231387629891158
#Prospero_Tmp,last,3,10.231387629891158
#Prospero_Tmp,servant,3,10.231387629891158
#Prospero_Tmp,torment,3,10.231387629891158
#Prospero_Tmp,sycorax,3,10.231387629891158
#Prospero_Tmp,service,3,10.231387629891158
#Prospero_Tmp,fetch,3,10.231387629891158
#Prospero_Tmp,leave,3,10.231387629891158
#Prospero_Tmp,out,7,10.220218893267743
#Prospero_Tmp,till,4,10.161957271878112
#Prospero_Tmp,again,6,10.035013458095523
#Prospero_Tmp,king,7,9.736372079826936
#Prospero_Tmp,look,4,9.682421279359003
#Prospero_Tmp,'t,8,9.578431980787114
#Prospero_Tmp,ere,3,9.566796245620274
#Prospero_Tmp,still,3,9.566796245620274
#Prospero_Tmp,devil,3,9.566796245620274
#Prospero_Tmp,hear,5,9.506212160767056
#Prospero_Tmp,sea,6,9.477722871794626
#Prospero_Tmp,best,4,9.250587625164332
#Prospero_Tmp,could,4,9.250587625164332
#Prospero_Tmp,speak,5,9.188223438224268
#Prospero_Tmp,had,6,8.985489363761825
#Prospero_Tmp,without,3,8.985489363761825
#Prospero_Tmp,little,3,8.985489363761825
#Prospero_Tmp,gonzalo,3,8.985489363761825
#Prospero_Tmp,light,3,8.985489363761825
#Prospero_Tmp,grace,3,8.985489363761825
#Prospero_Tmp,naples,5,8.89320758302907
#Prospero_Tmp,that's,4,8.859597340946191
#Prospero_Tmp,wrack,2,8.5038188849958
#Prospero_Tmp,house,2,8.5038188849958
#Prospero_Tmp,person,2,8.5038188849958
#Prospero_Tmp,prince,2,8.5038188849958
#Prospero_Tmp,mother,2,8.5038188849958
#Prospero_Tmp,worse,2,8.5038188849958
#Prospero_Tmp,truth,2,8.5038188849958
#Prospero_Tmp,ambition,2,8.5038188849958
#Prospero_Tmp,midnight,2,8.5038188849958
#Prospero_Tmp,heaven,2,8.5038188849958
#Prospero_Tmp,drops,2,8.5038188849958
#Prospero_Tmp,burden,2,8.5038188849958
#Prospero_Tmp,prize,2,8.5038188849958
#Prospero_Tmp,least,2,8.5038188849958
#Prospero_Tmp,'twixt,2,8.5038188849958
#Prospero_Tmp,human,2,8.5038188849958
#Prospero_Tmp,child,2,8.5038188849958
#Prospero_Tmp,answer,2,8.5038188849958
#Prospero_Tmp,silence,2,8.5038188849958
#Prospero_Tmp,book,2,8.5038188849958
#Prospero_Tmp,high,2,8.5038188849958
#Prospero_Tmp,strangely,2,8.5038188849958
#Prospero_Tmp,holy,2,8.5038188849958
#Prospero_Tmp,catch,2,8.5038188849958
#Prospero_Tmp,roaring,2,8.5038188849958
#Prospero_Tmp,project,2,8.5038188849958
#Prospero_Tmp,strong,2,8.5038188849958
#Prospero_Tmp,confined,2,8.5038188849958
#Prospero_Tmp,full,3,8.474722460370383
#Prospero_Tmp,once,3,8.474722460370383
#Prospero_Tmp,ship,3,8.474722460370383
#Prospero_Tmp,earth,3,8.474722460370383
#Prospero_Tmp,even,3,8.474722460370383
#Prospero_Tmp,island,4,8.178598517916054
#Prospero_Tmp,may,4,8.178598517916054
#Prospero_Tmp,myself,3,8.023194526341666
#Prospero_Tmp,care,2,7.89810239316219
#Prospero_Tmp,farther,2,7.89810239316219
#Prospero_Tmp,miranda,2,7.89810239316219
#Prospero_Tmp,only,2,7.89810239316219
#Prospero_Tmp,attend,2,7.89810239316219
#Prospero_Tmp,played,2,7.89810239316219
#Prospero_Tmp,back,2,7.89810239316219
#Prospero_Tmp,far,2,7.89810239316219
#Prospero_Tmp,mariners,2,7.89810239316219
#Prospero_Tmp,shake,2,7.89810239316219
#Prospero_Tmp,something,2,7.89810239316219
#Prospero_Tmp,foot,2,7.89810239316219
#Prospero_Tmp,charm,2,7.89810239316219
#Prospero_Tmp,company,2,7.89810239316219
#Prospero_Tmp,very,4,7.88006377250695
#Prospero_Tmp,pray,3,7.621467953908585
#Prospero_Tmp,great,3,7.621467953908585
#Prospero_Tmp,good,7,7.511809508654876
#Prospero_Tmp,soul,2,7.3273509768795115
#Prospero_Tmp,subject,2,7.3273509768795115
#Prospero_Tmp,story,2,7.3273509768795115
#Prospero_Tmp,brought,2,7.3273509768795115
#Prospero_Tmp,got,2,7.3273509768795115
#Prospero_Tmp,each,2,7.3273509768795115
#Prospero_Tmp,ferdinand,2,7.3273509768795115
#Prospero_Tmp,therefore,2,7.3273509768795115
#Prospero_Tmp,thought,2,7.3273509768795115
#Prospero_Tmp,end,2,7.3273509768795115
#Prospero_Tmp,green,2,7.3273509768795115
#Prospero_Tmp,sebastian,2,7.3273509768795115
#Prospero_Tmp,please,2,7.3273509768795115
#Prospero_Tmp,before,3,7.261815959519252
#Prospero_Tmp,rest,3,7.261815959519252
#Prospero_Tmp,every,3,7.261815959519252
#Prospero_Tmp,though,3,7.261815959519252
#Prospero_Tmp,cannot,3,6.93794071887325
#Prospero_Tmp,isle,3,6.93794071887325
#Prospero_Tmp,fair,2,6.820925086594105
#Prospero_Tmp,further,2,6.820925086594105
#Prospero_Tmp,rich,2,6.820925086594105
#Prospero_Tmp,garments,2,6.820925086594105
#Prospero_Tmp,heard,2,6.820925086594105
#Prospero_Tmp,hang,2,6.820925086594105
#Prospero_Tmp,fall,2,6.820925086594105
#Prospero_Tmp,place,2,6.820925086594105
#Prospero_Tmp,want,2,6.820925086594105
#Prospero_Tmp,mercy,2,6.820925086594105
#Prospero_Tmp,freedom,2,6.820925086594105
#Prospero_Tmp,gone,2,6.820925086594105
#Prospero_Tmp,like,6,6.788506895683931
#Prospero_Tmp,can,4,6.690008972063682
#Prospero_Tmp,put,3,6.6446980057096425
#Prospero_Tmp,does,3,6.6446980057096425
#Prospero_Tmp,nothing,3,6.3778641637468505
#Prospero_Tmp,cam'st,2,6.3778641637468505
#Prospero_Tmp,said,2,6.3778641637468505
#Prospero_Tmp,i',3,6.3778641637468505
#Prospero_Tmp,water,2,6.3778641637468505
#Prospero_Tmp,noble,2,6.3778641637468505
#Prospero_Tmp,king's,2,6.3778641637468505
#Prospero_Tmp,been,2,6.3778641637468505
#Prospero_Tmp,left,2,6.3778641637468505
#Prospero_Tmp,honor,2,6.3778641637468505
#Prospero_Tmp,see,2,6.3778641637468505
#Prospero_Tmp,show,2,6.3778641637468505
#Prospero_Tmp,comfort,2,5.990326242507884
#Prospero_Tmp,cry,2,5.990326242507884
#Prospero_Tmp,came,2,5.990326242507884
#Prospero_Tmp,believe,2,5.990326242507884
#Prospero_Tmp,under,2,5.990326242507884
#Prospero_Tmp,against,2,5.990326242507884
#Prospero_Tmp,after,2,5.990326242507884
#Prospero_Tmp,heavens,2,5.990326242507884
#Prospero_Tmp,use,2,5.990326242507884
#Prospero_Tmp,lies,2,5.990326242507884
#Prospero_Tmp,loss,2,5.990326242507884
#Prospero_Tmp,he's,3,5.910047829380211
#Prospero_Tmp,would,6,5.759319702096809
#Prospero_Tmp,father,3,5.703727296460233
#Prospero_Tmp,heart,2,5.649814973580256
#Prospero_Tmp,hand,2,5.649814973580256
#Prospero_Tmp,ever,2,5.649814973580256
#Prospero_Tmp,kind,2,5.649814973580256
#Prospero_Tmp,sweet,2,5.649814973580256
#Prospero_Tmp,rather,2,5.649814973580256
#Prospero_Tmp,remember,2,5.348796350894443
#Prospero_Tmp,might,2,5.348796350894443
#Prospero_Tmp,bear,2,5.348796350894443
#Prospero_Tmp,sleep,2,5.348796350894443
#Prospero_Tmp,master,3,5.3359245498174435
#Prospero_Tmp,should,4,5.314886803122375
#Prospero_Tmp,three,2,5.080978635939056
#Prospero_Tmp,indeed,2,5.080978635939056
#Prospero_Tmp,love,2,5.080978635939056
#Prospero_Tmp,lie,2,4.841210639679502
#Prospero_Tmp,doth,2,4.841210639679502
#Prospero_Tmp,men,2,4.625293812582166
#Prospero_Tmp,lord,3,4.612117851105296
#Prospero_Tmp,why,2,4.429798670473096
#Prospero_Tmp,off,2,4.429798670473096
#Prospero_Tmp,never,2,4.429798670473096
#Prospero_Tmp,better,1,4.2519094424979
#Prospero_Tmp,safely,1,4.2519094424979
#Prospero_Tmp,sink,1,4.2519094424979
#Prospero_Tmp,heir,1,4.2519094424979
#Prospero_Tmp,those,1,4.2519094424979
#Prospero_Tmp,hearts,1,4.2519094424979
#Prospero_Tmp,hid,1,4.2519094424979
#Prospero_Tmp,bound,1,4.2519094424979
#Prospero_Tmp,needs,1,4.2519094424979
#Prospero_Tmp,tale,1,4.2519094424979
#Prospero_Tmp,people,1,4.2519094424979
#Prospero_Tmp,butt,1,4.2519094424979
#Prospero_Tmp,pity,1,4.2519094424979
#Prospero_Tmp,books,1,4.2519094424979
#Prospero_Tmp,hours,1,4.2519094424979
#Prospero_Tmp,fortune,1,4.2519094424979
#Prospero_Tmp,lady,1,4.2519094424979
#Prospero_Tmp,deep,1,4.2519094424979
#Prospero_Tmp,space,1,4.2519094424979
#Prospero_Tmp,save,1,4.2519094424979
#Prospero_Tmp,we'll,1,4.2519094424979
#Prospero_Tmp,ho,1,4.2519094424979
#Prospero_Tmp,seek,1,4.2519094424979
#Prospero_Tmp,bones,1,4.2519094424979
#Prospero_Tmp,roar,1,4.2519094424979
#Prospero_Tmp,yond,1,4.2519094424979
#Prospero_Tmp,grief,1,4.2519094424979
#Prospero_Tmp,goodly,1,4.2519094424979
#Prospero_Tmp,works,1,4.2519094424979
#Prospero_Tmp,glad,1,4.2519094424979
#Prospero_Tmp,devils,1,4.2519094424979
#Prospero_Tmp,several,1,4.2519094424979
#Prospero_Tmp,tender,1,4.2519094424979
#Prospero_Tmp,contract,1,4.2519094424979
#Prospero_Tmp,bed,1,4.2519094424979
#Prospero_Tmp,juno,1,4.2519094424979
#Prospero_Tmp,ceres,1,4.2519094424979
#Prospero_Tmp,turn,1,4.2519094424979
#Prospero_Tmp,plague,1,4.2519094424979
#Prospero_Tmp,sun,1,4.2519094424979
#Prospero_Tmp,woe,1,4.2519094424979
#Prospero_Tmp,natural,1,4.2519094424979
#Prospero_Tmp,wracked,1,4.2519094424979
#Prospero_Tmp,seem,1,4.2519094424979
#Prospero_Tmp,draw,1,4.2519094424979
#Prospero_Tmp,near,1,4.2519094424979
#Prospero_Tmp,hands,1,4.2519094424979
#Prospero_Tmp,gentle,1,4.2519094424979
#Prospero_Tmp,yours,1,4.2519094424979
#Prospero_Tmp,hair,1,3.949051196581095
#Prospero_Tmp,remembrance,1,3.949051196581095
#Prospero_Tmp,through,1,3.949051196581095
#Prospero_Tmp,tune,1,3.949051196581095
#Prospero_Tmp,run,1,3.949051196581095
#Prospero_Tmp,wood,1,3.949051196581095
#Prospero_Tmp,sure,1,3.949051196581095
#Prospero_Tmp,eye,1,3.949051196581095
#Prospero_Tmp,about,1,3.949051196581095
#Prospero_Tmp,yourself,1,3.949051196581095
#Prospero_Tmp,together,1,3.949051196581095
#Prospero_Tmp,makes,1,3.949051196581095
#Prospero_Tmp,another,1,3.949051196581095
#Prospero_Tmp,yea,1,3.949051196581095
#Prospero_Tmp,fly,1,3.949051196581095
#Prospero_Tmp,comes,1,3.949051196581095
#Prospero_Tmp,home,1,3.949051196581095
#Prospero_Tmp,looks,1,3.949051196581095
#Prospero_Tmp,boatswain,1,3.949051196581095
#Prospero_Tmp,moon,1,3.949051196581095
#Prospero_Tmp,doubt,1,3.949051196581095
#Prospero_Tmp,any,2,3.940031886253475
#Prospero_Tmp,strange,2,3.940031886253475
#Prospero_Tmp,o,4,3.8395464680645395
#Prospero_Tmp,son,2,3.8024848643068228
#Prospero_Tmp,next,1,3.6636754884397558
#Prospero_Tmp,enough,1,3.6636754884397558
#Prospero_Tmp,crown,1,3.6636754884397558
#Prospero_Tmp,open,1,3.6636754884397558
#Prospero_Tmp,liest,1,3.6636754884397558
#Prospero_Tmp,lay,1,3.6636754884397558
#Prospero_Tmp,himself,1,3.6636754884397558
#Prospero_Tmp,drop,1,3.6636754884397558
#Prospero_Tmp,almost,1,3.6636754884397558
#Prospero_Tmp,line,1,3.6636754884397558
#Prospero_Tmp,music,1,3.6636754884397558
#Prospero_Tmp,sound,1,3.6636754884397558
#Prospero_Tmp,drown,1,3.6636754884397558
#Prospero_Tmp,living,1,3.6636754884397558
#Prospero_Tmp,things,1,3.6636754884397558
#Prospero_Tmp,wonder,1,3.6636754884397558
#Prospero_Tmp,play,1,3.4104625432970526
#Prospero_Tmp,world,1,3.4104625432970526
#Prospero_Tmp,dead,1,3.4104625432970526
#Prospero_Tmp,name,1,3.4104625432970526
#Prospero_Tmp,drink,1,3.4104625432970526
#Prospero_Tmp,tongue,1,3.4104625432970526
#Prospero_Tmp,thank,1,3.4104625432970526
#Prospero_Tmp,friend,1,3.4104625432970526
#Prospero_Tmp,fresh,1,3.1889320818734253
#Prospero_Tmp,fear,1,3.1889320818734253
#Prospero_Tmp,while,1,3.1889320818734253
#Prospero_Tmp,live,1,3.1889320818734253
#Prospero_Tmp,mouth,1,3.1889320818734253
#Prospero_Tmp,none,1,3.1889320818734253
#Prospero_Tmp,o'er,1,2.995163121253942
#Prospero_Tmp,hour,1,2.995163121253942
#Prospero_Tmp,head,1,2.995163121253942
#Prospero_Tmp,asleep,1,2.995163121253942
#Prospero_Tmp,man,2,2.8490614158149343
#Prospero_Tmp,drowned,1,2.824907486790128
#Prospero_Tmp,stand,1,2.824907486790128
#Prospero_Tmp,long,1,2.824907486790128
#Prospero_Tmp,hope,1,2.824907486790128
#Prospero_Tmp,down,1,2.6743981754472217
#Prospero_Tmp,way,1,2.6743981754472217
#Prospero_Tmp,brave,1,2.312646906291083
#Prospero_Tmp,keep,1,2.312646906291083
#Prospero_Tmp,ay,1,2.312646906291083
#Prospero_Tmp,prithee,1,2.214899335236548
#Miranda_Tmp,father,9,38.59235047039119
#Miranda_Tmp,pity,3,28.769113746914318
#Miranda_Tmp,pray,5,28.64894276713038
#Miranda_Tmp,o,11,23.814081968578805
#Miranda_Tmp,play,3,23.07574659446714
#Miranda_Tmp,saw,4,21.83761459790783
#Miranda_Tmp,'t,8,21.603078405048635
#Miranda_Tmp,call,3,21.57683531018574
#Miranda_Tmp,sir,11,20.769956464355992
#Miranda_Tmp,heavens,3,20.265762874595875
#Miranda_Tmp,came,3,20.265762874595875
#Miranda_Tmp,hour,3,20.265762874595875
#Miranda_Tmp,had,6,20.265762874595872
#Miranda_Tmp,those,2,19.179409164609545
#Miranda_Tmp,hard,2,19.179409164609545
#Miranda_Tmp,weep,2,19.179409164609545
#Miranda_Tmp,heart,3,19.113785444176983
#Miranda_Tmp,down,3,18.09541486113606
#Miranda_Tmp,remembrance,2,17.813283593058827
#Miranda_Tmp,yourself,2,17.813283593058827
#Miranda_Tmp,die,2,17.813283593058827
#Miranda_Tmp,would,8,17.319332340784587
#Miranda_Tmp,thing,3,17.189365660278227
#Miranda_Tmp,'tis,4,17.152155764618303
#Miranda_Tmp,good,7,16.942043343291125
#Miranda_Tmp,wonder,2,16.526017825501118
#Miranda_Tmp,maid,2,16.526017825501118
#Miranda_Tmp,father's,2,16.526017825501118
#Miranda_Tmp,brave,3,15.647746689649901
#Miranda_Tmp,fair,2,15.383831062978095
#Miranda_Tmp,world,2,15.383831062978095
#Miranda_Tmp,noble,2,14.384556873457159
#Miranda_Tmp,within,2,14.384556873457159
#Miranda_Tmp,see,2,14.384556873457159
#Miranda_Tmp,e'er,2,14.384556873457159
#Miranda_Tmp,cry,2,13.510508583063917
#Miranda_Tmp,against,2,13.510508583063917
#Miranda_Tmp,hence,2,13.510508583063917
#Miranda_Tmp,any,3,13.329449631399527
#Miranda_Tmp,day,2,12.742523629451325
#Miranda_Tmp,ever,2,12.742523629451325
#Miranda_Tmp,spirit,3,12.433804096779923
#Miranda_Tmp,might,2,12.063609907424041
#Miranda_Tmp,should,4,11.987130727880968
#Miranda_Tmp,think,2,11.45957710685215
#Miranda_Tmp,love,2,11.45957710685215
#Miranda_Tmp,didst,2,11.45957710685215
#Miranda_Tmp,dear,2,11.45957710685215
#Miranda_Tmp,till,2,11.45957710685215
#Miranda_Tmp,know,3,11.316423343914648
#Miranda_Tmp,can,3,11.316423343914648
#Miranda_Tmp,look,2,10.918807298953915
#Miranda_Tmp,rest,2,10.918807298953915
#Miranda_Tmp,sea,3,10.687970155835295
#Miranda_Tmp,did,4,10.207143647647571
#Miranda_Tmp,mine,4,10.024847026072619
#Miranda_Tmp,put,2,9.990913772605449
#Miranda_Tmp,never,2,9.990913772605449
#Miranda_Tmp,more,5,9.94478894770107
#Miranda_Tmp,or,5,9.813279315248312
#Miranda_Tmp,i'll,5,9.68557020552227
#Miranda_Tmp,man,3,9.6386074364947
#Miranda_Tmp,dearest,1,9.589704582304773
#Miranda_Tmp,roar,1,9.589704582304773
#Miranda_Tmp,suffer,1,9.589704582304773
#Miranda_Tmp,woe,1,9.589704582304773
#Miranda_Tmp,dream,1,9.589704582304773
#Miranda_Tmp,tale,1,9.589704582304773
#Miranda_Tmp,cried,1,9.589704582304773
#Miranda_Tmp,trouble,1,9.589704582304773
#Miranda_Tmp,ashore,1,9.589704582304773
#Miranda_Tmp,confined,1,9.589704582304773
#Miranda_Tmp,rock,1,9.589704582304773
#Miranda_Tmp,nothing,2,9.589704582304773
#Miranda_Tmp,natural,1,9.589704582304773
#Miranda_Tmp,house,1,9.589704582304773
#Miranda_Tmp,gentle,1,9.589704582304773
#Miranda_Tmp,ambition,1,9.589704582304773
#Miranda_Tmp,better,1,9.589704582304773
#Miranda_Tmp,hours,1,9.589704582304773
#Miranda_Tmp,become,1,9.589704582304773
#Miranda_Tmp,yours,1,9.589704582304773
#Miranda_Tmp,save,1,9.589704582304773
#Miranda_Tmp,glad,1,9.589704582304773
#Miranda_Tmp,holy,1,9.589704582304773
#Miranda_Tmp,wife,1,9.589704582304773
#Miranda_Tmp,farewell,1,9.589704582304773
#Miranda_Tmp,half,1,9.589704582304773
#Miranda_Tmp,goodly,1,9.589704582304773
#Miranda_Tmp,people,1,9.589704582304773
#Miranda_Tmp,may,2,9.222955562056205
#Miranda_Tmp,doubt,1,8.906641796529414
#Miranda_Tmp,thoughts,1,8.906641796529414
#Miranda_Tmp,far,1,8.906641796529414
#Miranda_Tmp,four,1,8.906641796529414
#Miranda_Tmp,five,1,8.906641796529414
#Miranda_Tmp,farther,1,8.906641796529414
#Miranda_Tmp,looks,1,8.906641796529414
#Miranda_Tmp,about,1,8.906641796529414
#Miranda_Tmp,having,1,8.906641796529414
#Miranda_Tmp,miranda,1,8.906641796529414
#Miranda_Tmp,wish,1,8.906641796529414
#Miranda_Tmp,something,1,8.906641796529414
#Miranda_Tmp,fool,1,8.906641796529414
#Miranda_Tmp,fellow,1,8.906641796529414
#Miranda_Tmp,he's,2,8.88629975426635
#Miranda_Tmp,much,2,8.576077882309152
#Miranda_Tmp,own,2,8.289202731186617
#Miranda_Tmp,fire,1,8.263008912750559
#Miranda_Tmp,god,1,8.263008912750559
#Miranda_Tmp,thence,1,8.263008912750559
#Miranda_Tmp,please,1,8.263008912750559
#Miranda_Tmp,story,1,8.263008912750559
#Miranda_Tmp,each,1,8.263008912750559
#Miranda_Tmp,therefore,1,8.263008912750559
#Miranda_Tmp,wast,1,8.263008912750559
#Miranda_Tmp,things,1,8.263008912750559
#Miranda_Tmp,beseech,1,8.263008912750559
#Miranda_Tmp,shape,1,8.263008912750559
#Miranda_Tmp,many,1,8.263008912750559
#Miranda_Tmp,thank,1,7.691915531489047
#Miranda_Tmp,reason,1,7.691915531489047
#Miranda_Tmp,storm,1,7.691915531489047
#Miranda_Tmp,mercy,1,7.691915531489047
#Miranda_Tmp,nature,1,7.691915531489047
#Miranda_Tmp,sit,1,7.691915531489047
#Miranda_Tmp,friend,1,7.691915531489047
#Miranda_Tmp,want,1,7.691915531489047
#Miranda_Tmp,servant,1,7.691915531489047
#Miranda_Tmp,new,1,7.691915531489047
#Miranda_Tmp,has,1,7.691915531489047
#Miranda_Tmp,like,3,7.655357735735678
#Miranda_Tmp,now,5,7.578177852567828
#Miranda_Tmp,most,3,7.260875718553339
#Miranda_Tmp,been,1,7.1922784367285795
#Miranda_Tmp,ere,1,7.1922784367285795
#Miranda_Tmp,left,1,7.1922784367285795
#Miranda_Tmp,still,1,7.1922784367285795
#Miranda_Tmp,slave,1,7.1922784367285795
#Miranda_Tmp,wilt,1,7.1922784367285795
#Miranda_Tmp,while,1,7.1922784367285795
#Miranda_Tmp,lord,2,6.934742815985384
#Miranda_Tmp,power,1,6.755254291531958
#Miranda_Tmp,o'er,1,6.755254291531958
#Miranda_Tmp,other,1,6.755254291531958
#Miranda_Tmp,believe,1,6.755254291531958
#Miranda_Tmp,comfort,1,6.755254291531958
#Miranda_Tmp,out,2,6.585873360688744
#Miranda_Tmp,such,2,6.585873360688744
#Miranda_Tmp,who,2,6.425738290996468
#Miranda_Tmp,take,2,6.425738290996468
#Miranda_Tmp,earth,1,6.3712618147256626
#Miranda_Tmp,ship,1,6.3712618147256626
#Miranda_Tmp,rather,1,6.3712618147256626
#Miranda_Tmp,once,1,6.3712618147256626
#Miranda_Tmp,mind,1,6.3712618147256626
#Miranda_Tmp,there's,1,6.3712618147256626
#Miranda_Tmp,sweet,1,6.3712618147256626
#Miranda_Tmp,way,1,6.031804953712021
#Miranda_Tmp,work,1,6.031804953712021
#Miranda_Tmp,bear,1,6.031804953712021
#Miranda_Tmp,remember,1,6.031804953712021
#Miranda_Tmp,three,1,5.729788553426075
#Miranda_Tmp,one,2,5.621521011604022
#Miranda_Tmp,poor,1,5.4594036494769576
#Miranda_Tmp,foul,1,5.4594036494769576
#Miranda_Tmp,eyes,1,5.4594036494769576
#Miranda_Tmp,thine,1,5.4594036494769576
#Miranda_Tmp,though,1,5.4594036494769576
#Miranda_Tmp,could,1,5.215915563216634
#Miranda_Tmp,men,1,5.215915563216634
#Miranda_Tmp,off,1,4.995456886302724
#Miranda_Tmp,made,1,4.995456886302724
#Miranda_Tmp,into,1,4.995456886302724
#Miranda_Tmp,why,1,4.995456886302724
#Miranda_Tmp,set,1,4.995456886302724
#Miranda_Tmp,does,1,4.995456886302724
#Miranda_Tmp,tell,1,4.794852291152386
#Miranda_Tmp,first,1,4.794852291152386
#Miranda_Tmp,very,1,4.443149877133175
#Miranda_Tmp,up,1,4.443149877133175
#Miranda_Tmp,being,1,4.288038941154576
#Miranda_Tmp,speak,1,4.144601365593308
#Miranda_Tmp,again,1,3.772141114638216
#Miranda_Tmp,th',2,3.5961392183642897
#Miranda_Tmp,art,1,3.212869145498234
#Miranda_Tmp,o',1,3.212869145498234
#Miranda_Tmp,these,1,2.931772690991698
#Miranda_Tmp,there,1,2.3406777245874375
#Gonzalo_Tmp,sir,16,28.727272380681725
#Gonzalo_Tmp,marriage,3,27.356339943297677
#Gonzalo_Tmp,laugh,3,27.356339943297677
#Gonzalo_Tmp,tunis,4,25.69408768421164
#Gonzalo_Tmp,warrant,3,25.40778171505289
#Gonzalo_Tmp,kind,4,24.23354512824798
#Gonzalo_Tmp,land,3,23.571704303468273
#Gonzalo_Tmp,should,8,22.796949952748065
#Gonzalo_Tmp,would,11,22.644636449389118
#Gonzalo_Tmp,beyond,3,21.942558739799367
#Gonzalo_Tmp,garments,3,21.942558739799367
#Gonzalo_Tmp,fresh,3,20.517254957473263
#Gonzalo_Tmp,use,3,19.270565763158732
#Gonzalo_Tmp,believe,3,19.270565763158732
#Gonzalo_Tmp,methinks,2,18.237559962198453
#Gonzalo_Tmp,drowning,2,18.237559962198453
#Gonzalo_Tmp,case,2,18.237559962198453
#Gonzalo_Tmp,merry,2,18.237559962198453
#Gonzalo_Tmp,woe,2,18.237559962198453
#Gonzalo_Tmp,wife,2,18.237559962198453
#Gonzalo_Tmp,mean,2,18.237559962198453
#Gonzalo_Tmp,claribel,2,18.237559962198453
#Gonzalo_Tmp,carthage,2,18.237559962198453
#Gonzalo_Tmp,people,2,18.237559962198453
#Gonzalo_Tmp,stand,3,18.175158846185983
#Gonzalo_Tmp,fellow,2,16.938521143368597
#Gonzalo_Tmp,comes,2,16.938521143368597
#Gonzalo_Tmp,five,2,16.938521143368597
#Gonzalo_Tmp,great,3,16.34524214228375
#Gonzalo_Tmp,indeed,3,16.34524214228375
#Gonzalo_Tmp,good,7,16.110065159128027
#Gonzalo_Tmp,let's,2,15.714469535645515
#Gonzalo_Tmp,drop,2,15.714469535645515
#Gonzalo_Tmp,beseech,2,15.714469535645515
#Gonzalo_Tmp,almost,2,15.714469535645515
#Gonzalo_Tmp,things,2,15.714469535645515
#Gonzalo_Tmp,though,3,15.573921056792058
#Gonzalo_Tmp,every,3,15.573921056792058
#Gonzalo_Tmp,find,3,15.573921056792058
#Gonzalo_Tmp,look,3,15.573921056792058
#Gonzalo_Tmp,who,5,15.275468912734418
#Gonzalo_Tmp,or,8,14.930200896314114
#Gonzalo_Tmp,mark,2,14.628372493199574
#Gonzalo_Tmp,name,2,14.628372493199574
#Gonzalo_Tmp,nature,2,14.628372493199574
#Gonzalo_Tmp,now,10,14.412067838401912
#Gonzalo_Tmp,water,2,13.678169971648838
#Gonzalo_Tmp,i',3,13.678169971648838
#Gonzalo_Tmp,none,2,13.678169971648838
#Gonzalo_Tmp,nothing,3,13.678169971648838
#Gonzalo_Tmp,comfort,2,12.84704384210582
#Gonzalo_Tmp,swear,2,12.84704384210582
#Gonzalo_Tmp,without,2,12.84704384210582
#Gonzalo_Tmp,bring,3,12.67487620861244
#Gonzalo_Tmp,such,4,12.524917664370774
#Gonzalo_Tmp,day,2,12.11677256412399
#Gonzalo_Tmp,king,4,11.931961528714405
#Gonzalo_Tmp,own,3,11.823213417422757
#Gonzalo_Tmp,speak,3,11.823213417422757
#Gonzalo_Tmp,down,2,11.471198469095086
#Gonzalo_Tmp,time,3,11.090338846666556
#Gonzalo_Tmp,doth,2,10.382614037861373
#Gonzalo_Tmp,saw,2,10.382614037861373
#Gonzalo_Tmp,isle,2,9.919551955485279
#Gonzalo_Tmp,men,2,9.919551955485279
#Gonzalo_Tmp,lord,3,9.891294370188158
#Gonzalo_Tmp,that's,2,9.500286867087944
#Gonzalo_Tmp,forth,2,9.500286867087944
#Gonzalo_Tmp,prince,1,9.118779981099227
#Gonzalo_Tmp,prayers,1,9.118779981099227
#Gonzalo_Tmp,he'll,1,9.118779981099227
#Gonzalo_Tmp,thousand,1,9.118779981099227
#Gonzalo_Tmp,few,1,9.118779981099227
#Gonzalo_Tmp,grief,1,9.118779981099227
#Gonzalo_Tmp,first,2,9.118779981099227
#Gonzalo_Tmp,daughter,2,9.118779981099227
#Gonzalo_Tmp,seem,1,9.118779981099227
#Gonzalo_Tmp,truth,1,9.118779981099227
#Gonzalo_Tmp,weather,1,9.118779981099227
#Gonzalo_Tmp,contract,1,9.118779981099227
#Gonzalo_Tmp,bound,1,9.118779981099227
#Gonzalo_Tmp,age,1,9.118779981099227
#Gonzalo_Tmp,heavy,1,9.118779981099227
#Gonzalo_Tmp,cried,1,9.118779981099227
#Gonzalo_Tmp,drawn,1,9.118779981099227
#Gonzalo_Tmp,draw,1,9.118779981099227
#Gonzalo_Tmp,bones,1,9.118779981099227
#Gonzalo_Tmp,trod,1,9.118779981099227
#Gonzalo_Tmp,needs,1,9.118779981099227
#Gonzalo_Tmp,monstrous,1,9.118779981099227
#Gonzalo_Tmp,gentle,1,9.118779981099227
#Gonzalo_Tmp,human,1,9.118779981099227
#Gonzalo_Tmp,whose,2,9.118779981099227
#Gonzalo_Tmp,holy,1,9.118779981099227
#Gonzalo_Tmp,trouble,1,9.118779981099227
#Gonzalo_Tmp,become,1,9.118779981099227
#Gonzalo_Tmp,may,2,8.770041018889543
#Gonzalo_Tmp,island,2,8.770041018889543
#Gonzalo_Tmp,wench,1,8.469260571684298
#Gonzalo_Tmp,ground,1,8.469260571684298
#Gonzalo_Tmp,die,1,8.469260571684298
#Gonzalo_Tmp,sorrow,1,8.469260571684298
#Gonzalo_Tmp,looks,1,8.469260571684298
#Gonzalo_Tmp,moon,1,8.469260571684298
#Gonzalo_Tmp,sure,1,8.469260571684298
#Gonzalo_Tmp,through,1,8.469260571684298
#Gonzalo_Tmp,something,1,8.469260571684298
#Gonzalo_Tmp,given,1,8.469260571684298
#Gonzalo_Tmp,done,2,8.449917472408293
#Gonzalo_Tmp,any,2,8.449917472408293
#Gonzalo_Tmp,strange,2,8.449917472408293
#Gonzalo_Tmp,these,3,8.36340365679646
#Gonzalo_Tmp,being,2,8.154929762263153
#Gonzalo_Tmp,one,3,8.018194850110286
#Gonzalo_Tmp,milan,2,7.882142278281839
#Gonzalo_Tmp,death,1,7.857234767822757
#Gonzalo_Tmp,therefore,1,7.857234767822757
#Gonzalo_Tmp,green,1,7.857234767822757
#Gonzalo_Tmp,sebastian,1,7.857234767822757
#Gonzalo_Tmp,what's,1,7.857234767822757
#Gonzalo_Tmp,matter,1,7.857234767822757
#Gonzalo_Tmp,music,1,7.857234767822757
#Gonzalo_Tmp,shape,1,7.857234767822757
#Gonzalo_Tmp,many,1,7.857234767822757
#Gonzalo_Tmp,each,1,7.857234767822757
#Gonzalo_Tmp,wonder,1,7.857234767822757
#Gonzalo_Tmp,crown,1,7.857234767822757
#Gonzalo_Tmp,brought,1,7.857234767822757
#Gonzalo_Tmp,ferdinand,1,7.857234767822757
#Gonzalo_Tmp,himself,1,7.857234767822757
#Gonzalo_Tmp,drown,1,7.857234767822757
#Gonzalo_Tmp,hast,2,7.629062130565392
#Gonzalo_Tmp,naples,2,7.629062130565392
#Gonzalo_Tmp,fair,1,7.314186246599787
#Gonzalo_Tmp,service,1,7.314186246599787
#Gonzalo_Tmp,wine,1,7.314186246599787
#Gonzalo_Tmp,heard,1,7.314186246599787
#Gonzalo_Tmp,place,1,7.314186246599787
#Gonzalo_Tmp,further,1,7.314186246599787
#Gonzalo_Tmp,old,1,7.314186246599787
#Gonzalo_Tmp,here's,1,7.314186246599787
#Gonzalo_Tmp,torment,1,7.314186246599787
#Gonzalo_Tmp,like,3,7.279423705876264
#Gonzalo_Tmp,did,3,7.279423705876264
#Gonzalo_Tmp,can,2,7.173802818809522
#Gonzalo_Tmp,th',4,6.839084985824419
#Gonzalo_Tmp,king's,1,6.839084985824419
#Gonzalo_Tmp,widow,1,6.839084985824419
#Gonzalo_Tmp,still,1,6.839084985824419
#Gonzalo_Tmp,honor,1,6.839084985824419
#Gonzalo_Tmp,fear,1,6.839084985824419
#Gonzalo_Tmp,ere,1,6.839084985824419
#Gonzalo_Tmp,shore,1,6.839084985824419
#Gonzalo_Tmp,mouth,1,6.839084985824419
#Gonzalo_Tmp,sea,2,6.775408457347439
#Gonzalo_Tmp,there,3,6.677200009859845
#Gonzalo_Tmp,little,1,6.42352192105291
#Gonzalo_Tmp,against,1,6.42352192105291
#Gonzalo_Tmp,loss,1,6.42352192105291
#Gonzalo_Tmp,had,2,6.42352192105291
#Gonzalo_Tmp,asleep,1,6.42352192105291
#Gonzalo_Tmp,heavens,1,6.42352192105291
#Gonzalo_Tmp,after,1,6.42352192105291
#Gonzalo_Tmp,power,1,6.42352192105291
#Gonzalo_Tmp,grace,1,6.42352192105291
#Gonzalo_Tmp,out,2,6.262458832185387
#Gonzalo_Tmp,ship,1,6.058386282061995
#Gonzalo_Tmp,long,1,6.058386282061995
#Gonzalo_Tmp,rather,1,6.058386282061995
#Gonzalo_Tmp,awake,1,6.058386282061995
#Gonzalo_Tmp,sweet,1,6.058386282061995
#Gonzalo_Tmp,dukedom,1,6.058386282061995
#Gonzalo_Tmp,remember,1,5.735599234547543
#Gonzalo_Tmp,queen,1,5.735599234547543
#Gonzalo_Tmp,work,1,5.735599234547543
#Gonzalo_Tmp,spirits,1,5.735599234547543
#Gonzalo_Tmp,follow,1,5.735599234547543
#Gonzalo_Tmp,way,1,5.735599234547543
#Gonzalo_Tmp,lost,1,5.735599234547543
#Gonzalo_Tmp,prospero,1,5.735599234547543
#Gonzalo_Tmp,three,1,5.448414047427916
#Gonzalo_Tmp,hither,1,5.448414047427916
#Gonzalo_Tmp,foul,1,5.1913070189306865
#Gonzalo_Tmp,eyes,1,5.1913070189306865
#Gonzalo_Tmp,rest,1,5.1913070189306865
#Gonzalo_Tmp,poor,1,5.1913070189306865
#Gonzalo_Tmp,ay,1,4.959775977742639
#Gonzalo_Tmp,brave,1,4.959775977742639
#Gonzalo_Tmp,best,1,4.959775977742639
#Gonzalo_Tmp,keep,1,4.959775977742639
#Gonzalo_Tmp,brother,1,4.959775977742639
#Gonzalo_Tmp,could,1,4.959775977742639
#Gonzalo_Tmp,mine,2,4.766276874869211
#Gonzalo_Tmp,life,1,4.750143433543972
#Gonzalo_Tmp,put,1,4.750143433543972
#Gonzalo_Tmp,why,1,4.750143433543972
#Gonzalo_Tmp,set,1,4.750143433543972
#Gonzalo_Tmp,'em,1,4.385020509444772
#Gonzalo_Tmp,since,1,4.2249587362041465
#Gonzalo_Tmp,very,1,4.2249587362041465
#Gonzalo_Tmp,o,2,4.117206627161657
#Gonzalo_Tmp,much,1,4.077464881131577
#Gonzalo_Tmp,'tis,1,4.077464881131577
#Gonzalo_Tmp,whom,1,3.814531065282696
#Gonzalo_Tmp,more,2,3.7825708433140672
#Gonzalo_Tmp,i'll,2,3.683975160553726
#Gonzalo_Tmp,must,1,3.3877042286737193
#Gonzalo_Tmp,go,1,3.211760960526455
#Gonzalo_Tmp,man,1,3.055093782546883
#Gonzalo_Tmp,she,1,2.9829903821786012
#Gonzalo_Tmp,'t,1,2.567776165565798
#Ferdinand_Tmp,mistress,5,38.90708055756055
#Ferdinand_Tmp,father's,4,33.436618184390376
#Ferdinand_Tmp,dearest,3,29.103861620387107
#Ferdinand_Tmp,makes,3,27.030829586436344
#Ferdinand_Tmp,earth,4,25.781582823060802
#Ferdinand_Tmp,never,5,25.26791183568491
#Ferdinand_Tmp,world,3,23.344248334536324
#Ferdinand_Tmp,father,5,21.689665706087226
#Ferdinand_Tmp,best,4,21.106424912621762
#Ferdinand_Tmp,wrack,2,19.402574413591406
#Ferdinand_Tmp,weep,2,19.402574413591406
#Ferdinand_Tmp,lady,2,19.402574413591406
#Ferdinand_Tmp,several,2,19.402574413591406
#Ferdinand_Tmp,thousand,2,19.402574413591406
#Ferdinand_Tmp,sweet,3,19.336187117295594
#Ferdinand_Tmp,heart,3,19.336187117295594
#Ferdinand_Tmp,sure,2,18.02055305762423
#Ferdinand_Tmp,miranda,2,18.02055305762423
#Ferdinand_Tmp,think,3,17.38937542254424
#Ferdinand_Tmp,love,3,17.38937542254424
#Ferdinand_Tmp,'tis,4,17.351732564869785
#Ferdinand_Tmp,hear,4,17.351732564869785
#Ferdinand_Tmp,speak,4,16.771306294248678
#Ferdinand_Tmp,music,2,16.718309092195188
#Ferdinand_Tmp,sound,2,16.718309092195188
#Ferdinand_Tmp,maid,2,16.718309092195188
#Ferdinand_Tmp,what's,2,16.718309092195188
#Ferdinand_Tmp,night,2,16.718309092195188
#Ferdinand_Tmp,many,2,16.718309092195188
#Ferdinand_Tmp,soul,2,16.718309092195188
#Ferdinand_Tmp,such,5,16.656261001387065
#Ferdinand_Tmp,whom,4,16.23281250353884
#Ferdinand_Tmp,she,5,15.867718320107691
#Ferdinand_Tmp,gone,2,15.562832223024216
#Ferdinand_Tmp,place,2,15.562832223024216
#Ferdinand_Tmp,o,7,15.33074755823976
#Ferdinand_Tmp,does,3,15.160747101410948
#Ferdinand_Tmp,most,6,14.690721724319411
#Ferdinand_Tmp,honor,2,14.551930810193554
#Ferdinand_Tmp,may,3,13.99540622473226
#Ferdinand_Tmp,rather,2,12.890791411530401
#Ferdinand_Tmp,duke,2,12.890791411530401
#Ferdinand_Tmp,full,2,12.890791411530401
#Ferdinand_Tmp,ever,2,12.890791411530401
#Ferdinand_Tmp,bear,2,12.203978074425661
#Ferdinand_Tmp,spirits,2,12.203978074425661
#Ferdinand_Tmp,might,2,12.203978074425661
#Ferdinand_Tmp,naples,3,12.17460937765413
#Ferdinand_Tmp,these,4,11.863543305737611
#Ferdinand_Tmp,air,2,11.592916948362827
#Ferdinand_Tmp,before,2,11.04585492219104
#Ferdinand_Tmp,saw,2,11.04585492219104
#Ferdinand_Tmp,th',6,10.913948107645163
#Ferdinand_Tmp,had,3,10.250784287664718
#Ferdinand_Tmp,mine,4,10.141492823832994
#Ferdinand_Tmp,set,2,10.107164734273963
#Ferdinand_Tmp,into,2,10.107164734273963
#Ferdinand_Tmp,life,2,10.107164734273963
#Ferdinand_Tmp,or,5,9.92746338123909
#Ferdinand_Tmp,i',2,9.701287206795703
#Ferdinand_Tmp,fury,1,9.701287206795703
#Ferdinand_Tmp,drawn,1,9.701287206795703
#Ferdinand_Tmp,wracked,1,9.701287206795703
#Ferdinand_Tmp,dream,1,9.701287206795703
#Ferdinand_Tmp,bound,1,9.701287206795703
#Ferdinand_Tmp,space,1,9.701287206795703
#Ferdinand_Tmp,labor,1,9.701287206795703
#Ferdinand_Tmp,mean,1,9.701287206795703
#Ferdinand_Tmp,heavy,1,9.701287206795703
#Ferdinand_Tmp,serve,1,9.701287206795703
#Ferdinand_Tmp,ten,1,9.701287206795703
#Ferdinand_Tmp,gentle,1,9.701287206795703
#Ferdinand_Tmp,sun,1,9.701287206795703
#Ferdinand_Tmp,break,1,9.701287206795703
#Ferdinand_Tmp,prayers,1,9.701287206795703
#Ferdinand_Tmp,prince,1,9.701287206795703
#Ferdinand_Tmp,suffer,1,9.701287206795703
#Ferdinand_Tmp,blow,1,9.701287206795703
#Ferdinand_Tmp,heaven,1,9.701287206795703
#Ferdinand_Tmp,prize,1,9.701287206795703
#Ferdinand_Tmp,cold,1,9.701287206795703
#Ferdinand_Tmp,works,1,9.701287206795703
#Ferdinand_Tmp,king,3,9.520630992064614
#Ferdinand_Tmp,island,2,9.330270816488174
#Ferdinand_Tmp,else,2,9.330270816488174
#Ferdinand_Tmp,attend,1,9.010276528812115
#Ferdinand_Tmp,lords,1,9.010276528812115
#Ferdinand_Tmp,through,1,9.010276528812115
#Ferdinand_Tmp,thoughts,1,9.010276528812115
#Ferdinand_Tmp,back,1,9.010276528812115
#Ferdinand_Tmp,fly,1,9.010276528812115
#Ferdinand_Tmp,warrant,1,9.010276528812115
#Ferdinand_Tmp,up,2,8.989697793286634
#Ferdinand_Tmp,would,4,8.760427176137004
#Ferdinand_Tmp,milan,2,8.385653147124339
#Ferdinand_Tmp,god,1,8.359154546097594
#Ferdinand_Tmp,thence,1,8.359154546097594
#Ferdinand_Tmp,wonder,1,8.359154546097594
#Ferdinand_Tmp,language,1,8.359154546097594
#Ferdinand_Tmp,enough,1,8.359154546097594
#Ferdinand_Tmp,beseech,1,8.359154546097594
#Ferdinand_Tmp,brought,1,8.359154546097594
#Ferdinand_Tmp,crown,1,8.359154546097594
#Ferdinand_Tmp,thought,1,8.359154546097594
#Ferdinand_Tmp,more,4,8.048402572954213
#Ferdinand_Tmp,last,1,7.781416111512108
#Ferdinand_Tmp,has,1,7.781416111512108
#Ferdinand_Tmp,rich,1,7.781416111512108
#Ferdinand_Tmp,dead,1,7.781416111512108
#Ferdinand_Tmp,sit,1,7.781416111512108
#Ferdinand_Tmp,name,1,7.781416111512108
#Ferdinand_Tmp,ear,1,7.781416111512108
#Ferdinand_Tmp,service,1,7.781416111512108
#Ferdinand_Tmp,beyond,1,7.781416111512108
#Ferdinand_Tmp,freedom,1,7.781416111512108
#Ferdinand_Tmp,here's,1,7.781416111512108
#Ferdinand_Tmp,fair,1,7.781416111512108
#Ferdinand_Tmp,heard,1,7.781416111512108
#Ferdinand_Tmp,again,2,7.632064997120633
#Ferdinand_Tmp,while,1,7.275965405096777
#Ferdinand_Tmp,noble,1,7.275965405096777
#Ferdinand_Tmp,fresh,1,7.275965405096777
#Ferdinand_Tmp,mouth,1,7.275965405096777
#Ferdinand_Tmp,slave,1,7.275965405096777
#Ferdinand_Tmp,e'er,1,7.275965405096777
#Ferdinand_Tmp,live,1,7.275965405096777
#Ferdinand_Tmp,must,2,7.2082212230496925
#Ferdinand_Tmp,heavens,1,6.83385619177648
#Ferdinand_Tmp,power,1,6.83385619177648
#Ferdinand_Tmp,loss,1,6.83385619177648
#Ferdinand_Tmp,light,1,6.83385619177648
#Ferdinand_Tmp,use,1,6.83385619177648
#Ferdinand_Tmp,grace,1,6.83385619177648
#Ferdinand_Tmp,believe,1,6.83385619177648
#Ferdinand_Tmp,against,1,6.83385619177648
#Ferdinand_Tmp,away,1,6.83385619177648
#Ferdinand_Tmp,without,1,6.83385619177648
#Ferdinand_Tmp,o',2,6.500506052260383
#Ferdinand_Tmp,drowned,1,6.4453957057652005
#Ferdinand_Tmp,once,1,6.4453957057652005
#Ferdinand_Tmp,day,1,6.4453957057652005
#Ferdinand_Tmp,even,1,6.4453957057652005
#Ferdinand_Tmp,kind,1,6.4453957057652005
#Ferdinand_Tmp,hand,1,6.4453957057652005
#Ferdinand_Tmp,hope,1,6.4453957057652005
#Ferdinand_Tmp,long,1,6.4453957057652005
#Ferdinand_Tmp,remember,1,6.101989037212831
#Ferdinand_Tmp,myself,1,6.101989037212831
#Ferdinand_Tmp,queen,1,6.101989037212831
#Ferdinand_Tmp,work,1,6.101989037212831
#Ferdinand_Tmp,should,2,6.063304504247315
#Ferdinand_Tmp,both,1,5.796458474181414
#Ferdinand_Tmp,business,1,5.796458474181414
#Ferdinand_Tmp,thing,1,5.796458474181414
#Ferdinand_Tmp,till,1,5.796458474181414
#Ferdinand_Tmp,dear,1,5.796458474181414
#Ferdinand_Tmp,indeed,1,5.796458474181414
#Ferdinand_Tmp,eyes,1,5.52292746109552
#Ferdinand_Tmp,poor,1,5.52292746109552
#Ferdinand_Tmp,every,1,5.52292746109552
#Ferdinand_Tmp,though,1,5.52292746109552
#Ferdinand_Tmp,brave,1,5.2766062281554404
#Ferdinand_Tmp,true,1,5.2766062281554404
#Ferdinand_Tmp,ay,1,5.2766062281554404
#Ferdinand_Tmp,could,1,5.2766062281554404
#Ferdinand_Tmp,did,2,5.1629552942417405
#Ferdinand_Tmp,forth,1,5.053582367136982
#Ferdinand_Tmp,off,1,5.053582367136982
#Ferdinand_Tmp,put,1,5.053582367136982
#Ferdinand_Tmp,daughter,1,4.8506436033978515
#Ferdinand_Tmp,there,2,4.7358261497799505
#Ferdinand_Tmp,now,3,4.599813011190982
#Ferdinand_Tmp,since,1,4.494848896643317
#Ferdinand_Tmp,he's,1,4.494848896643317
#Ferdinand_Tmp,any,1,4.494848896643317
#Ferdinand_Tmp,very,1,4.494848896643317
#Ferdinand_Tmp,strange,1,4.494848896643317
#Ferdinand_Tmp,son,1,4.337933141217446
#Ferdinand_Tmp,being,1,4.337933141217446
#Ferdinand_Tmp,time,1,3.932929719224207
#Ferdinand_Tmp,sir,2,3.820296144474584
#Ferdinand_Tmp,know,1,3.8160324985603165
#Ferdinand_Tmp,can,1,3.8160324985603165
#Ferdinand_Tmp,who,1,3.2502530261301916
#Ferdinand_Tmp,man,1,3.2502530261301916
#Ferdinand_Tmp,take,1,3.2502530261301916
#Ferdinand_Tmp,one,1,2.8434655835612954
#Ferdinand_Tmp,like,1,2.5814776471208702
#Ferdinand_Tmp,good,1,2.448453620719902
#Ferdinand_Tmp,i'll,1,1.9596536581270165
#Caliban_Tmp,lo,5,39.851438942932916
#Caliban_Tmp,i'll,20,34.66931025098726
#Caliban_Tmp,wilt,5,32.18077604665186
#Caliban_Tmp,show,5,32.18077604665186
#Caliban_Tmp,wood,4,31.881151154346338
#Caliban_Tmp,sometimes,4,31.881151154346338
#Caliban_Tmp,god,4,29.577279759893575
#Caliban_Tmp,sycorax,4,27.53306210444238
#Caliban_Tmp,freedom,4,27.53306210444238
#Caliban_Tmp,get,3,25.74462083732149
#Caliban_Tmp,serve,3,25.74462083732149
#Caliban_Tmp,farewell,3,25.74462083732149
#Caliban_Tmp,books,3,25.74462083732149
#Caliban_Tmp,fool,3,23.910863365759752
#Caliban_Tmp,prithee,5,22.35142600818632
#Caliban_Tmp,enough,3,22.182959819920182
#Caliban_Tmp,subject,3,22.182959819920182
#Caliban_Tmp,first,5,21.453850697767905
#Caliban_Tmp,torment,3,20.64979657833178
#Caliban_Tmp,has,3,20.64979657833178
#Caliban_Tmp,bring,5,19.880210755962892
#Caliban_Tmp,isle,4,18.67026835456814
#Caliban_Tmp,brave,4,18.67026835456814
#Caliban_Tmp,lord,6,18.61708281726596
#Caliban_Tmp,after,3,18.13522605441736
#Caliban_Tmp,ha,3,18.13522605441736
#Caliban_Tmp,mother,2,17.16308055821433
#Caliban_Tmp,rock,2,17.16308055821433
#Caliban_Tmp,ho,2,17.16308055821433
#Caliban_Tmp,plague,2,17.16308055821433
#Caliban_Tmp,prosper,2,17.16308055821433
#Caliban_Tmp,liquor,2,17.16308055821433
#Caliban_Tmp,he'll,2,17.16308055821433
#Caliban_Tmp,island,4,16.506695064255812
#Caliban_Tmp,sleep,3,16.193046424447015
#Caliban_Tmp,fine,2,15.940575577173169
#Caliban_Tmp,kiss,2,15.940575577173169
#Caliban_Tmp,foot,2,15.940575577173169
#Caliban_Tmp,yea,2,15.940575577173169
#Caliban_Tmp,afeard,2,15.940575577173169
#Caliban_Tmp,drop,2,14.788639879946787
#Caliban_Tmp,language,2,14.788639879946787
#Caliban_Tmp,death,2,14.788639879946787
#Caliban_Tmp,told,2,14.788639879946787
#Caliban_Tmp,got,2,14.788639879946787
#Caliban_Tmp,master,4,14.35918052655242
#Caliban_Tmp,fall,2,13.76653105222119
#Caliban_Tmp,new,2,13.76653105222119
#Caliban_Tmp,again,4,13.502305784674798
#Caliban_Tmp,that's,3,13.410855604911792
#Caliban_Tmp,within,2,12.872310418660744
#Caliban_Tmp,beat,2,12.872310418660744
#Caliban_Tmp,light,2,12.090150702944907
#Caliban_Tmp,little,2,12.090150702944907
#Caliban_Tmp,swear,2,12.090150702944907
#Caliban_Tmp,asleep,2,12.090150702944907
#Caliban_Tmp,'t,5,12.082468618723032
#Caliban_Tmp,o',4,11.50040264408948
#Caliban_Tmp,bottle,2,11.40290390022945
#Caliban_Tmp,long,2,11.40290390022945
#Caliban_Tmp,full,2,11.40290390022945
#Caliban_Tmp,spirit,3,11.126640008904236
#Caliban_Tmp,spirits,2,10.795364282964677
#Caliban_Tmp,way,2,10.795364282964677
#Caliban_Tmp,cell,2,10.795364282964677
#Caliban_Tmp,pray,2,10.25483336634245
#Caliban_Tmp,fish,2,10.25483336634245
#Caliban_Tmp,know,3,10.126729338506097
#Caliban_Tmp,every,2,9.770914612810998
#Caliban_Tmp,lie,2,9.770914612810998
#Caliban_Tmp,o,5,9.686595844408018
#Caliban_Tmp,would,5,9.686595844408018
#Caliban_Tmp,th',6,9.654232813995558
#Caliban_Tmp,must,3,9.564345346303899
#Caliban_Tmp,ay,2,9.33513417728407
#Caliban_Tmp,had,3,9.06761302720868
#Caliban_Tmp,made,2,8.940570403274528
#Caliban_Tmp,into,2,8.940570403274528
#Caliban_Tmp,does,2,8.940570403274528
#Caliban_Tmp,blow,1,8.581540279107164
#Caliban_Tmp,hard,1,8.581540279107164
#Caliban_Tmp,obey,1,8.581540279107164
#Caliban_Tmp,sun,1,8.581540279107164
#Caliban_Tmp,needs,1,8.581540279107164
#Caliban_Tmp,i',2,8.581540279107164
#Caliban_Tmp,works,1,8.581540279107164
#Caliban_Tmp,heaven,1,8.581540279107164
#Caliban_Tmp,scurvy,1,8.581540279107164
#Caliban_Tmp,hate,1,8.581540279107164
#Caliban_Tmp,house,1,8.581540279107164
#Caliban_Tmp,least,1,8.581540279107164
#Caliban_Tmp,become,1,8.581540279107164
#Caliban_Tmp,bed,1,8.581540279107164
#Caliban_Tmp,half,1,8.581540279107164
#Caliban_Tmp,merry,1,8.581540279107164
#Caliban_Tmp,catch,1,8.581540279107164
#Caliban_Tmp,thousand,1,8.581540279107164
#Caliban_Tmp,cried,1,8.581540279107164
#Caliban_Tmp,dream,1,8.581540279107164
#Caliban_Tmp,near,1,8.581540279107164
#Caliban_Tmp,prize,1,8.581540279107164
#Caliban_Tmp,midnight,1,8.581540279107164
#Caliban_Tmp,seest,1,8.581540279107164
#Caliban_Tmp,mean,1,8.581540279107164
#Caliban_Tmp,seek,1,8.581540279107164
#Caliban_Tmp,she,3,8.42173585827733
#Caliban_Tmp,may,2,8.253347532127906
#Caliban_Tmp,charms,1,7.970287788586584
#Caliban_Tmp,whiles,1,7.970287788586584
#Caliban_Tmp,comes,1,7.970287788586584
#Caliban_Tmp,home,1,7.970287788586584
#Caliban_Tmp,quick,1,7.970287788586584
#Caliban_Tmp,having,1,7.970287788586584
#Caliban_Tmp,only,1,7.970287788586584
#Caliban_Tmp,far,1,7.970287788586584
#Caliban_Tmp,warrant,1,7.970287788586584
#Caliban_Tmp,tune,1,7.970287788586584
#Caliban_Tmp,about,1,7.970287788586584
#Caliban_Tmp,ears,1,7.970287788586584
#Caliban_Tmp,fill,1,7.970287788586584
#Caliban_Tmp,hear,2,7.674476012493403
#Caliban_Tmp,own,2,7.417760005936157
#Caliban_Tmp,night,1,7.394319939973394
#Caliban_Tmp,loved,1,7.394319939973394
#Caliban_Tmp,lead,1,7.394319939973394
#Caliban_Tmp,things,1,7.394319939973394
#Caliban_Tmp,liest,1,7.394319939973394
#Caliban_Tmp,beseech,1,7.394319939973394
#Caliban_Tmp,himself,1,7.394319939973394
#Caliban_Tmp,open,1,7.394319939973394
#Caliban_Tmp,therefore,1,7.394319939973394
#Caliban_Tmp,drown,1,7.394319939973394
#Caliban_Tmp,crown,1,7.394319939973394
#Caliban_Tmp,lose,1,7.394319939973394
#Caliban_Tmp,or,4,7.025288505285149
#Caliban_Tmp,time,2,6.957962192229096
#Caliban_Tmp,name,1,6.883265526110595
#Caliban_Tmp,place,1,6.883265526110595
#Caliban_Tmp,mistress,1,6.883265526110595
#Caliban_Tmp,fetch,1,6.883265526110595
#Caliban_Tmp,thank,1,6.883265526110595
#Caliban_Tmp,gone,1,6.883265526110595
#Caliban_Tmp,drink,1,6.883265526110595
#Caliban_Tmp,like,3,6.850551046318193
#Caliban_Tmp,mine,3,6.7282021939085
#Caliban_Tmp,e'er,1,6.436155209330372
#Caliban_Tmp,cam'st,1,6.436155209330372
#Caliban_Tmp,water,1,6.436155209330372
#Caliban_Tmp,fresh,1,6.436155209330372
#Caliban_Tmp,been,1,6.436155209330372
#Caliban_Tmp,honor,1,6.436155209330372
#Caliban_Tmp,noble,1,6.436155209330372
#Caliban_Tmp,command,1,6.436155209330372
#Caliban_Tmp,still,1,6.436155209330372
#Caliban_Tmp,mouth,1,6.436155209330372
#Caliban_Tmp,none,1,6.436155209330372
#Caliban_Tmp,o'er,1,6.045075351472454
#Caliban_Tmp,power,1,6.045075351472454
#Caliban_Tmp,head,1,6.045075351472454
#Caliban_Tmp,without,1,6.045075351472454
#Caliban_Tmp,hour,1,6.045075351472454
#Caliban_Tmp,grace,1,6.045075351472454
#Caliban_Tmp,such,2,5.893501414228773
#Caliban_Tmp,art,2,5.75020132204474
#Caliban_Tmp,man,2,5.75020132204474
#Caliban_Tmp,take,2,5.75020132204474
#Caliban_Tmp,there's,1,5.701451950114725
#Caliban_Tmp,day,1,5.701451950114725
#Caliban_Tmp,mind,1,5.701451950114725
#Caliban_Tmp,once,1,5.701451950114725
#Caliban_Tmp,sweet,1,5.701451950114725
#Caliban_Tmp,caliban,1,5.701451950114725
#Caliban_Tmp,awake,1,5.701451950114725
#Caliban_Tmp,king,2,5.614490572184886
#Caliban_Tmp,myself,1,5.397682141482338
#Caliban_Tmp,bear,1,5.397682141482338
#Caliban_Tmp,follow,1,5.397682141482338
#Caliban_Tmp,remember,1,5.397682141482338
#Caliban_Tmp,prospero,1,5.397682141482338
#Caliban_Tmp,these,2,5.247111675026167
#Caliban_Tmp,both,1,5.127416683171225
#Caliban_Tmp,didst,1,5.127416683171225
#Caliban_Tmp,thing,1,5.127416683171225
#Caliban_Tmp,indeed,1,5.127416683171225
#Caliban_Tmp,rest,1,4.885457306405499
#Caliban_Tmp,before,1,4.885457306405499
#Caliban_Tmp,shalt,1,4.885457306405499
#Caliban_Tmp,saw,1,4.885457306405499
#Caliban_Tmp,thine,1,4.885457306405499
#Caliban_Tmp,keep,1,4.667567088642035
#Caliban_Tmp,true,1,4.667567088642035
#Caliban_Tmp,best,1,4.667567088642035
#Caliban_Tmp,set,1,4.470285201637264
#Caliban_Tmp,why,1,4.470285201637264
#Caliban_Tmp,never,1,4.470285201637264
#Caliban_Tmp,forth,1,4.470285201637264
#Caliban_Tmp,good,2,4.331693912332614
#Caliban_Tmp,daughter,1,4.290770139553582
#Caliban_Tmp,else,1,4.126673766063953
#Caliban_Tmp,'em,1,4.126673766063953
#Caliban_Tmp,now,3,4.068891044092133
#Caliban_Tmp,done,1,3.9760421511925776
#Caliban_Tmp,up,1,3.9760421511925776
#Caliban_Tmp,dost,1,3.9760421511925776
#Caliban_Tmp,he's,1,3.9760421511925776
#Caliban_Tmp,strange,1,3.9760421511925776
#Caliban_Tmp,much,1,3.8372380062467015
#Caliban_Tmp,'tis,1,3.8372380062467015
#Caliban_Tmp,speak,1,3.7088800029680784
#Caliban_Tmp,hast,1,3.589795131638105
#Caliban_Tmp,more,2,3.5597178699077556
#Caliban_Tmp,go,1,3.022537675736226
#Caliban_Tmp,out,1,2.9467507071143864
#Caliban_Tmp,who,1,2.87510066102237
#Caliban_Tmp,one,1,2.515265646448774
#Caliban_Tmp,did,1,2.2835170154393976
#Caliban_Tmp,most,1,2.165846956166307
#Caliban_Tmp,there,1,2.0946026023596667
#Boatswain_Tmp,yare,4,52.93206524707437
#Boatswain_Tmp,hearts,3,39.699048935305775
#Boatswain_Tmp,silence,2,26.466032623537185
#Boatswain_Tmp,lay,2,22.804567291568794
#Boatswain_Tmp,ship,2,17.583651466466733
#Boatswain_Tmp,even,2,17.583651466466733
#Boatswain_Tmp,work,2,16.646805468681954
#Boatswain_Tmp,sea,3,14.748533930111154
#Boatswain_Tmp,keep,2,14.39508279665163
#Boatswain_Tmp,off,2,13.786652527995425
#Boatswain_Tmp,out,3,13.631958450010565
#Boatswain_Tmp,blow,1,13.233016311768592
#Boatswain_Tmp,labor,1,13.233016311768592
#Boatswain_Tmp,trouble,1,13.233016311768592
#Boatswain_Tmp,plague,1,13.233016311768592
#Boatswain_Tmp,weather,1,13.233016311768592
#Boatswain_Tmp,sink,1,13.233016311768592
#Boatswain_Tmp,cold,1,13.233016311768592
#Boatswain_Tmp,safely,1,13.233016311768592
#Boatswain_Tmp,several,1,13.233016311768592
#Boatswain_Tmp,roaring,1,13.233016311768592
#Boatswain_Tmp,dream,1,13.233016311768592
#Boatswain_Tmp,peace,1,12.290444941759295
#Boatswain_Tmp,yourself,1,12.290444941759295
#Boatswain_Tmp,company,1,12.290444941759295
#Boatswain_Tmp,eye,1,12.290444941759295
#Boatswain_Tmp,enough,1,11.402283645784397
#Boatswain_Tmp,present,1,11.402283645784397
#Boatswain_Tmp,drown,1,11.402283645784397
#Boatswain_Tmp,next,1,11.402283645784397
#Boatswain_Tmp,please,1,11.402283645784397
#Boatswain_Tmp,brought,1,11.402283645784397
#Boatswain_Tmp,master,2,11.071163448018421
#Boatswain_Tmp,storm,1,10.614220993289177
#Boatswain_Tmp,name,1,10.614220993289177
#Boatswain_Tmp,dead,1,10.614220993289177
#Boatswain_Tmp,again,2,10.41049898292144
#Boatswain_Tmp,none,1,9.924762233826442
#Boatswain_Tmp,command,1,9.924762233826442
#Boatswain_Tmp,hence,1,9.321704278037599
#Boatswain_Tmp,use,1,9.321704278037599
#Boatswain_Tmp,hour,1,9.321704278037599
#Boatswain_Tmp,o'er,1,9.321704278037599
#Boatswain_Tmp,under,1,9.321704278037599
#Boatswain_Tmp,hand,1,8.791825733233367
#Boatswain_Tmp,long,1,8.791825733233367
#Boatswain_Tmp,mind,1,8.791825733233367
#Boatswain_Tmp,awake,1,8.791825733233367
#Boatswain_Tmp,king,2,8.657728438900191
#Boatswain_Tmp,myself,1,8.323402734340977
#Boatswain_Tmp,way,1,8.323402734340977
#Boatswain_Tmp,down,1,8.323402734340977
#Boatswain_Tmp,two,1,8.323402734340977
#Boatswain_Tmp,sleep,1,8.323402734340977
#Boatswain_Tmp,more,3,8.233802401266203
#Boatswain_Tmp,these,2,8.091218141146664
#Boatswain_Tmp,till,1,7.906644541520297
#Boatswain_Tmp,pray,1,7.906644541520297
#Boatswain_Tmp,love,1,7.906644541520297
#Boatswain_Tmp,three,1,7.906644541520297
#Boatswain_Tmp,think,1,7.906644541520297
#Boatswain_Tmp,hither,1,7.906644541520297
#Boatswain_Tmp,cannot,1,7.197541398325815
#Boatswain_Tmp,best,1,7.197541398325815
#Boatswain_Tmp,set,1,6.893326263997713
#Boatswain_Tmp,put,1,6.893326263997713
#Boatswain_Tmp,good,2,6.6796139545067765
#Boatswain_Tmp,first,1,6.616508155884296
#Boatswain_Tmp,tell,1,6.616508155884296
#Boatswain_Tmp,bring,1,6.131187284770865
#Boatswain_Tmp,since,1,6.131187284770865
#Boatswain_Tmp,strange,1,6.131187284770865
#Boatswain_Tmp,hear,1,5.917146744906269
#Boatswain_Tmp,can,1,5.20524949146072
#Boatswain_Tmp,know,1,5.20524949146072
#Boatswain_Tmp,th',2,4.962381116913221
#Boatswain_Tmp,must,1,4.916177976703718
#Boatswain_Tmp,take,1,4.433499431088619
#Boatswain_Tmp,now,2,4.18290888007363
#Boatswain_Tmp,did,1,3.5212580644852007
#Boatswain_Tmp,or,1,2.708306270252426
#Boatswain_Tmp,sir,1,2.605532653450667
#Ariel_Tmp,hark,6,33.12287645375255
#Ariel_Tmp,master,9,33.04316673050997
#Ariel_Tmp,king's,5,32.91288869430663
#Ariel_Tmp,left,4,26.3303109554453
#Ariel_Tmp,hair,3,24.454835501827578
#Ariel_Tmp,told,3,22.68762215071785
#Ariel_Tmp,liest,3,22.68762215071785
#Ariel_Tmp,done,5,20.332485546085515
#Ariel_Tmp,doth,4,19.98640583600725
#Ariel_Tmp,beat,3,19.747733216583974
#Ariel_Tmp,son,5,19.622675850028273
#Ariel_Tmp,sir,11,19.00925475315384
#Ariel_Tmp,cry,3,18.547802442981443
#Ariel_Tmp,safely,2,17.553540636963536
#Ariel_Tmp,project,2,17.553540636963536
#Ariel_Tmp,ship,3,17.493479942002853
#Ariel_Tmp,full,3,17.493479942002853
#Ariel_Tmp,remember,3,16.561438226876277
#Ariel_Tmp,fly,2,16.303223667885057
#Ariel_Tmp,yea,2,16.303223667885057
#Ariel_Tmp,shake,2,16.303223667885057
#Ariel_Tmp,mariners,2,16.303223667885057
#Ariel_Tmp,charm,2,16.303223667885057
#Ariel_Tmp,through,2,16.303223667885057
#Ariel_Tmp,ministers,2,16.303223667885057
#Ariel_Tmp,sorrow,2,16.303223667885057
#Ariel_Tmp,ears,2,16.303223667885057
#Ariel_Tmp,up,4,16.265988436868412
#Ariel_Tmp,air,3,15.732196234599808
#Ariel_Tmp,three,3,15.732196234599808
#Ariel_Tmp,fire,2,15.125081433811898
#Ariel_Tmp,there,7,14.99578367756886
#Ariel_Tmp,before,3,14.989804377005438
#Ariel_Tmp,isle,3,14.321262716503131
#Ariel_Tmp,men,3,14.321262716503131
#Ariel_Tmp,fetch,2,14.079719630490786
#Ariel_Tmp,service,2,14.079719630490786
#Ariel_Tmp,made,3,13.715952566836961
#Ariel_Tmp,that's,3,13.715952566836961
#Ariel_Tmp,live,2,13.16515547772265
#Ariel_Tmp,sea,4,13.042578934308045
#Ariel_Tmp,lord,4,12.69374763138263
#Ariel_Tmp,under,2,12.365201628654297
#Ariel_Tmp,lies,2,12.365201628654297
#Ariel_Tmp,go,4,12.365201628654294
#Ariel_Tmp,once,2,11.662319961335237
#Ariel_Tmp,awake,2,11.662319961335237
#Ariel_Tmp,prospero,2,11.040958817917517
#Ariel_Tmp,cell,2,11.040958817917517
#Ariel_Tmp,whom,3,11.014388910169988
#Ariel_Tmp,great,2,10.48813082306654
#Ariel_Tmp,every,2,9.993202918003625
#Ariel_Tmp,lie,2,9.993202918003625
#Ariel_Tmp,foul,2,9.993202918003625
#Ariel_Tmp,ay,2,9.547508477668755
#Ariel_Tmp,keep,2,9.547508477668755
#Ariel_Tmp,like,4,9.341868108060327
#Ariel_Tmp,into,2,9.143968377891307
#Ariel_Tmp,life,2,9.143968377891307
#Ariel_Tmp,answer,1,8.776770318481768
#Ariel_Tmp,strong,1,8.776770318481768
#Ariel_Tmp,roaring,1,8.776770318481768
#Ariel_Tmp,seem,1,8.776770318481768
#Ariel_Tmp,cried,1,8.776770318481768
#Ariel_Tmp,devils,1,8.776770318481768
#Ariel_Tmp,deep,1,8.776770318481768
#Ariel_Tmp,midnight,1,8.776770318481768
#Ariel_Tmp,hid,1,8.776770318481768
#Ariel_Tmp,labor,1,8.776770318481768
#Ariel_Tmp,met,1,8.776770318481768
#Ariel_Tmp,bound,1,8.776770318481768
#Ariel_Tmp,wracked,1,8.776770318481768
#Ariel_Tmp,person,1,8.776770318481768
#Ariel_Tmp,performed,1,8.776770318481768
#Ariel_Tmp,hands,1,8.776770318481768
#Ariel_Tmp,burden,1,8.776770318481768
#Ariel_Tmp,bones,1,8.776770318481768
#Ariel_Tmp,those,1,8.776770318481768
#Ariel_Tmp,nothing,2,8.776770318481768
#Ariel_Tmp,suffer,1,8.776770318481768
#Ariel_Tmp,seek,1,8.776770318481768
#Ariel_Tmp,child,1,8.776770318481768
#Ariel_Tmp,worse,1,8.776770318481768
#Ariel_Tmp,ceres,1,8.776770318481768
#Ariel_Tmp,roar,1,8.776770318481768
#Ariel_Tmp,confined,1,8.776770318481768
#Ariel_Tmp,same,1,8.776770318481768
#Ariel_Tmp,yours,1,8.776770318481768
#Ariel_Tmp,drops,1,8.776770318481768
#Ariel_Tmp,works,1,8.776770318481768
#Ariel_Tmp,become,1,8.776770318481768
#Ariel_Tmp,tender,1,8.776770318481768
#Ariel_Tmp,human,1,8.776770318481768
#Ariel_Tmp,bow,1,8.776770318481768
#Ariel_Tmp,else,2,8.441111186584267
#Ariel_Tmp,now,6,8.322916628817508
#Ariel_Tmp,th',5,8.228222173576658
#Ariel_Tmp,sometimes,1,8.151611833942528
#Ariel_Tmp,played,1,8.151611833942528
#Ariel_Tmp,home,1,8.151611833942528
#Ariel_Tmp,past,1,8.151611833942528
#Ariel_Tmp,foot,1,8.151611833942528
#Ariel_Tmp,five,1,8.151611833942528
#Ariel_Tmp,something,1,8.151611833942528
#Ariel_Tmp,nymphs,1,8.151611833942528
#Ariel_Tmp,care,1,8.151611833942528
#Ariel_Tmp,fellows,1,8.151611833942528
#Ariel_Tmp,winds,1,8.151611833942528
#Ariel_Tmp,fellow,1,8.151611833942528
#Ariel_Tmp,peace,1,8.151611833942528
#Ariel_Tmp,attend,1,8.151611833942528
#Ariel_Tmp,thoughts,1,8.151611833942528
#Ariel_Tmp,ground,1,8.151611833942528
#Ariel_Tmp,together,1,8.151611833942528
#Ariel_Tmp,charge,1,8.151611833942528
#Ariel_Tmp,back,1,8.151611833942528
#Ariel_Tmp,since,2,8.132994218434206
#Ariel_Tmp,would,4,7.925572718111105
#Ariel_Tmp,hear,2,7.849070340011308
#Ariel_Tmp,many,1,7.562540716905949
#Ariel_Tmp,soul,1,7.562540716905949
#Ariel_Tmp,ferdinand,1,7.562540716905949
#Ariel_Tmp,himself,1,7.562540716905949
#Ariel_Tmp,living,1,7.562540716905949
#Ariel_Tmp,drown,1,7.562540716905949
#Ariel_Tmp,death,1,7.562540716905949
#Ariel_Tmp,each,1,7.562540716905949
#Ariel_Tmp,what's,1,7.562540716905949
#Ariel_Tmp,thought,1,7.562540716905949
#Ariel_Tmp,music,1,7.562540716905949
#Ariel_Tmp,line,1,7.562540716905949
#Ariel_Tmp,'t,3,7.414406866210884
#Ariel_Tmp,or,4,7.185113817163482
#Ariel_Tmp,time,2,7.116255830500898
#Ariel_Tmp,garments,1,7.039859815245393
#Ariel_Tmp,thank,1,7.039859815245393
#Ariel_Tmp,rich,1,7.039859815245393
#Ariel_Tmp,friend,1,7.039859815245393
#Ariel_Tmp,canst,1,7.039859815245393
#Ariel_Tmp,world,1,7.039859815245393
#Ariel_Tmp,hang,1,7.039859815245393
#Ariel_Tmp,last,1,7.039859815245393
#Ariel_Tmp,beyond,1,7.039859815245393
#Ariel_Tmp,old,1,7.039859815245393
#Ariel_Tmp,drink,1,7.039859815245393
#Ariel_Tmp,can,2,6.904741619084263
#Ariel_Tmp,come,3,6.881268792271388
#Ariel_Tmp,most,3,6.645359921761832
#Ariel_Tmp,command,1,6.582577738861325
#Ariel_Tmp,noble,1,6.582577738861325
#Ariel_Tmp,while,1,6.582577738861325
#Ariel_Tmp,said,1,6.582577738861325
#Ariel_Tmp,ere,1,6.582577738861325
#Ariel_Tmp,asleep,1,6.182600814327149
#Ariel_Tmp,without,1,6.182600814327149
#Ariel_Tmp,against,1,6.182600814327149
#Ariel_Tmp,hour,1,6.182600814327149
#Ariel_Tmp,gonzalo,1,6.182600814327149
#Ariel_Tmp,after,1,6.182600814327149
#Ariel_Tmp,o',2,5.881018400797821
#Ariel_Tmp,man,2,5.881018400797821
#Ariel_Tmp,take,2,5.881018400797821
#Ariel_Tmp,caliban,1,5.831159980667619
#Ariel_Tmp,sweet,1,5.831159980667619
#Ariel_Tmp,even,1,5.831159980667619
#Ariel_Tmp,king,2,5.742220231409889
#Ariel_Tmp,bear,1,5.520479408958758
#Ariel_Tmp,might,1,5.520479408958758
#Ariel_Tmp,work,1,5.520479408958758
#Ariel_Tmp,down,1,5.520479408958758
#Ariel_Tmp,business,1,5.24406541153327
#Ariel_Tmp,love,1,5.24406541153327
#Ariel_Tmp,till,1,5.24406541153327
#Ariel_Tmp,one,2,5.144975878653164
#Ariel_Tmp,rest,1,4.996601459001813
#Ariel_Tmp,saw,1,4.996601459001813
#Ariel_Tmp,eyes,1,4.996601459001813
#Ariel_Tmp,best,1,4.773754238834377
#Ariel_Tmp,could,1,4.773754238834377
#Ariel_Tmp,cannot,1,4.773754238834377
#Ariel_Tmp,brother,1,4.773754238834377
#Ariel_Tmp,did,2,4.670934054030163
#Ariel_Tmp,prithee,1,4.571984188945653
#Ariel_Tmp,forth,1,4.571984188945653
#Ariel_Tmp,off,1,4.571984188945653
#Ariel_Tmp,good,2,4.430239947841221
#Ariel_Tmp,first,1,4.388385159240884
#Ariel_Tmp,tell,1,4.388385159240884
#Ariel_Tmp,whose,1,4.388385159240884
#Ariel_Tmp,i',1,4.388385159240884
#Ariel_Tmp,ariel,1,4.220555593292134
#Ariel_Tmp,island,1,4.220555593292134
#Ariel_Tmp,may,1,4.220555593292134
#Ariel_Tmp,'em,1,4.220555593292134
#Ariel_Tmp,dost,1,4.066497109217103
#Ariel_Tmp,strange,1,4.066497109217103
#Ariel_Tmp,any,1,4.066497109217103
#Ariel_Tmp,father,1,3.924535170005654
#Ariel_Tmp,being,1,3.924535170005654
#Ariel_Tmp,milan,1,3.793257022181986
#Ariel_Tmp,naples,1,3.6714629700566626
#Ariel_Tmp,hast,1,3.6714629700566626
#Ariel_Tmp,more,2,3.64070145062887
#Ariel_Tmp,again,1,3.4523708095421317
#Ariel_Tmp,know,1,3.4523708095421317
#Ariel_Tmp,who,1,2.9405092003989104
#Ariel_Tmp,art,1,2.9405092003989104
#Ariel_Tmp,should,1,2.7427407245255524
#Ariel_Tmp,these,1,2.683241732212682
#Ariel_Tmp,mine,1,2.2937562640904634
#Ariel_Tmp,i'll,1,1.7729018525608953
#Antonio_Tmp,widow,5,36.20820987943625
#Antonio_Tmp,hope,5,32.07495191042065
#Antonio_Tmp,lies,4,27.20647342324041
#Antonio_Tmp,dido,3,26.903315131085176
#Antonio_Tmp,whiles,3,26.903315131085176
#Antonio_Tmp,sebastian,3,24.959163935089066
#Antonio_Tmp,ha,3,20.40485506743031
#Antonio_Tmp,gonzalo,3,20.40485506743031
#Antonio_Tmp,ten,2,19.311045269032665
#Antonio_Tmp,fortune,2,19.311045269032665
#Antonio_Tmp,sleep,3,18.21961107071667
#Antonio_Tmp,might,3,18.21961107071667
#Antonio_Tmp,together,2,17.93554342072345
#Antonio_Tmp,purpose,2,17.93554342072345
#Antonio_Tmp,doubt,2,17.93554342072345
#Antonio_Tmp,he's,4,17.894580104738573
#Antonio_Tmp,next,2,16.639442623392707
#Antonio_Tmp,naples,4,16.15623630233172
#Antonio_Tmp,could,3,15.75514355467044
#Antonio_Tmp,true,3,15.75514355467044
#Antonio_Tmp,hang,2,15.489416567456015
#Antonio_Tmp,beyond,2,15.489416567456015
#Antonio_Tmp,can,4,15.192123427946246
#Antonio_Tmp,live,2,14.483283951774498
#Antonio_Tmp,o'er,2,13.603236711620205
#Antonio_Tmp,came,2,13.603236711620205
#Antonio_Tmp,tunis,2,13.603236711620205
#Antonio_Tmp,o,6,13.07865148471799
#Antonio_Tmp,drowned,2,12.82998076416826
#Antonio_Tmp,she,4,12.63429152293157
#Antonio_Tmp,way,2,12.146407380477783
#Antonio_Tmp,indeed,2,11.538228856535133
#Antonio_Tmp,both,2,11.538228856535133
#Antonio_Tmp,lie,2,10.993747524976786
#Antonio_Tmp,rest,2,10.993747524976786
#Antonio_Tmp,though,2,10.993747524976786
#Antonio_Tmp,ay,2,10.50342903644696
#Antonio_Tmp,men,2,10.50342903644696
#Antonio_Tmp,cannot,2,10.50342903644696
#Antonio_Tmp,lord,3,10.473508174774821
#Antonio_Tmp,why,2,10.059485487060547
#Antonio_Tmp,does,2,10.059485487060547
#Antonio_Tmp,put,2,10.059485487060547
#Antonio_Tmp,more,5,10.013044088678043
#Antonio_Tmp,out,3,9.946612341874433
#Antonio_Tmp,good,4,9.747613425098479
#Antonio_Tmp,drowning,1,9.655522634516332
#Antonio_Tmp,sink,1,9.655522634516332
#Antonio_Tmp,save,1,9.655522634516332
#Antonio_Tmp,blow,1,9.655522634516332
#Antonio_Tmp,person,1,9.655522634516332
#Antonio_Tmp,methinks,1,9.655522634516332
#Antonio_Tmp,strong,1,9.655522634516332
#Antonio_Tmp,near,1,9.655522634516332
#Antonio_Tmp,high,1,9.655522634516332
#Antonio_Tmp,ambition,1,9.655522634516332
#Antonio_Tmp,tell,2,9.655522634516332
#Antonio_Tmp,heir,1,9.655522634516332
#Antonio_Tmp,sun,1,9.655522634516332
#Antonio_Tmp,yours,1,9.655522634516332
#Antonio_Tmp,space,1,9.655522634516332
#Antonio_Tmp,claribel,1,9.655522634516332
#Antonio_Tmp,worse,1,9.655522634516332
#Antonio_Tmp,deep,1,9.655522634516332
#Antonio_Tmp,tender,1,9.655522634516332
#Antonio_Tmp,'twixt,1,9.655522634516332
#Antonio_Tmp,better,1,9.655522634516332
#Antonio_Tmp,bed,1,9.655522634516332
#Antonio_Tmp,draw,1,9.655522634516332
#Antonio_Tmp,roar,1,9.655522634516332
#Antonio_Tmp,glad,1,9.655522634516332
#Antonio_Tmp,there,4,9.426971000364405
#Antonio_Tmp,boatswain,1,8.967771710361726
#Antonio_Tmp,wench,1,8.967771710361726
#Antonio_Tmp,ground,1,8.967771710361726
#Antonio_Tmp,given,1,8.967771710361726
#Antonio_Tmp,die,1,8.967771710361726
#Antonio_Tmp,run,1,8.967771710361726
#Antonio_Tmp,remembrance,1,8.967771710361726
#Antonio_Tmp,only,1,8.967771710361726
#Antonio_Tmp,another,1,8.967771710361726
#Antonio_Tmp,past,1,8.967771710361726
#Antonio_Tmp,back,1,8.967771710361726
#Antonio_Tmp,lords,1,8.967771710361726
#Antonio_Tmp,fellows,1,8.967771710361726
#Antonio_Tmp,sure,1,8.967771710361726
#Antonio_Tmp,home,1,8.967771710361726
#Antonio_Tmp,very,2,8.947290052369286
#Antonio_Tmp,much,2,8.634939001229307
#Antonio_Tmp,hear,2,8.634939001229307
#Antonio_Tmp,'tis,2,8.634939001229307
#Antonio_Tmp,one,3,8.490155703248973
#Antonio_Tmp,speak,2,8.346094908987396
#Antonio_Tmp,own,2,8.346094908987396
#Antonio_Tmp,let's,1,8.319721311696354
#Antonio_Tmp,delicate,1,8.319721311696354
#Antonio_Tmp,matter,1,8.319721311696354
#Antonio_Tmp,end,1,8.319721311696354
#Antonio_Tmp,crown,1,8.319721311696354
#Antonio_Tmp,almost,1,8.319721311696354
#Antonio_Tmp,ferdinand,1,8.319721311696354
#Antonio_Tmp,what's,1,8.319721311696354
#Antonio_Tmp,death,1,8.319721311696354
#Antonio_Tmp,lay,1,8.319721311696354
#Antonio_Tmp,whom,2,8.07811815116586
#Antonio_Tmp,i'll,4,7.801636978071832
#Antonio_Tmp,tongue,1,7.7447082837280075
#Antonio_Tmp,garments,1,7.7447082837280075
#Antonio_Tmp,sit,1,7.7447082837280075
#Antonio_Tmp,dead,1,7.7447082837280075
#Antonio_Tmp,fall,1,7.7447082837280075
#Antonio_Tmp,ear,1,7.7447082837280075
#Antonio_Tmp,want,1,7.7447082837280075
#Antonio_Tmp,like,3,7.707899576917995
#Antonio_Tmp,now,5,7.6301899767462045
#Antonio_Tmp,th',4,7.241641975887249
#Antonio_Tmp,e'er,1,7.241641975887249
#Antonio_Tmp,none,1,7.241641975887249
#Antonio_Tmp,while,1,7.241641975887249
#Antonio_Tmp,see,1,7.241641975887249
#Antonio_Tmp,noble,1,7.241641975887249
#Antonio_Tmp,fear,1,7.241641975887249
#Antonio_Tmp,ere,1,7.241641975887249
#Antonio_Tmp,fresh,1,7.241641975887249
#Antonio_Tmp,word,1,6.801618355810103
#Antonio_Tmp,head,1,6.801618355810103
#Antonio_Tmp,little,1,6.801618355810103
#Antonio_Tmp,cry,1,6.801618355810103
#Antonio_Tmp,hour,1,6.801618355810103
#Antonio_Tmp,use,1,6.801618355810103
#Antonio_Tmp,believe,1,6.801618355810103
#Antonio_Tmp,art,2,6.469840752621304
#Antonio_Tmp,o',2,6.469840752621304
#Antonio_Tmp,man,2,6.469840752621304
#Antonio_Tmp,take,2,6.469840752621304
#Antonio_Tmp,who,2,6.469840752621304
#Antonio_Tmp,long,1,6.41499038208413
#Antonio_Tmp,rather,1,6.41499038208413
#Antonio_Tmp,even,1,6.41499038208413
#Antonio_Tmp,mind,1,6.41499038208413
#Antonio_Tmp,stand,1,6.41499038208413
#Antonio_Tmp,earth,1,6.41499038208413
#Antonio_Tmp,hand,1,6.41499038208413
#Antonio_Tmp,king,2,6.317145761465785
#Antonio_Tmp,two,1,6.073203690238891
#Antonio_Tmp,spirits,1,6.073203690238891
#Antonio_Tmp,queen,1,6.073203690238891
#Antonio_Tmp,myself,1,6.073203690238891
#Antonio_Tmp,or,3,5.9283791112012585
#Antonio_Tmp,great,1,5.769114428267566
#Antonio_Tmp,till,1,5.769114428267566
#Antonio_Tmp,three,1,5.769114428267566
#Antonio_Tmp,business,1,5.769114428267566
#Antonio_Tmp,fish,1,5.769114428267566
#Antonio_Tmp,sir,3,5.703411584550971
#Antonio_Tmp,foul,1,5.496873762488393
#Antonio_Tmp,look,1,5.496873762488393
#Antonio_Tmp,before,1,5.496873762488393
#Antonio_Tmp,'t,2,5.437837284895959
#Antonio_Tmp,keep,1,5.25171451822348
#Antonio_Tmp,brother,1,5.25171451822348
#Antonio_Tmp,come,2,5.046825819140319
#Antonio_Tmp,forth,1,5.0297427435302735
#Antonio_Tmp,life,1,5.0297427435302735
#Antonio_Tmp,that's,1,5.0297427435302735
#Antonio_Tmp,most,2,4.873806712549239
#Antonio_Tmp,first,1,4.827761317258166
#Antonio_Tmp,i',1,4.827761317258166
#Antonio_Tmp,whose,1,4.827761317258166
#Antonio_Tmp,else,1,4.643128233110247
#Antonio_Tmp,'em,1,4.643128233110247
#Antonio_Tmp,bring,1,4.473645026184643
#Antonio_Tmp,any,1,4.473645026184643
#Antonio_Tmp,would,2,4.3595504949059976
#Antonio_Tmp,spirit,1,4.173047454493698
#Antonio_Tmp,milan,1,4.173047454493698
#Antonio_Tmp,master,1,4.03905907558293
#Antonio_Tmp,time,1,3.9143766300754756
#Antonio_Tmp,again,1,3.7980308569865615
#Antonio_Tmp,sea,1,3.5871086841446904
#Antonio_Tmp,must,1,3.5871086841446904
#Antonio_Tmp,go,1,3.400809177905052
#Antonio_Tmp,such,1,3.3155374472914776
#Antonio_Tmp,should,1,3.0173508232863537
#Antonio_Tmp,did,1,2.5692998589726654
#Alonso_Tmp,wish,3,29.606934727281306
#Alonso_Tmp,son,6,28.50809360903543
#Alonso_Tmp,strange,5,24.61609575584169
#Alonso_Tmp,e'er,3,23.908148893967113
#Alonso_Tmp,loss,3,22.45541893842718
#Alonso_Tmp,prithee,4,22.140805231940345
#Alonso_Tmp,monstrous,2,21.251687905748543
#Alonso_Tmp,hours,2,21.251687905748543
#Alonso_Tmp,peace,2,19.73795648485421
#Alonso_Tmp,past,2,19.73795648485421
#Alonso_Tmp,lead,2,18.311605437796434
#Alonso_Tmp,sound,2,18.311605437796434
#Alonso_Tmp,story,2,18.311605437796434
#Alonso_Tmp,living,2,18.311605437796434
#Alonso_Tmp,lose,2,18.311605437796434
#Alonso_Tmp,find,3,18.147828462454754
#Alonso_Tmp,cannot,3,17.338439689282236
#Alonso_Tmp,play,2,17.046008755495777
#Alonso_Tmp,heard,2,17.046008755495777
#Alonso_Tmp,be'st,2,17.046008755495777
#Alonso_Tmp,daughter,3,15.938765929311407
#Alonso_Tmp,cam'st,2,15.938765929311407
#Alonso_Tmp,must,4,15.790365187883367
#Alonso_Tmp,gonzalo,2,14.970279292284783
#Alonso_Tmp,heavens,2,14.970279292284783
#Alonso_Tmp,since,3,14.76965745350501
#Alonso_Tmp,kind,2,14.119315823576816
#Alonso_Tmp,stand,2,14.119315823576816
#Alonso_Tmp,lost,2,13.367047471010613
#Alonso_Tmp,myself,2,13.367047471010613
#Alonso_Tmp,prospero,2,13.367047471010613
#Alonso_Tmp,whom,3,13.334879864553713
#Alonso_Tmp,three,2,12.69775070318964
#Alonso_Tmp,dear,2,12.69775070318964
#Alonso_Tmp,men,2,11.558959792854823
#Alonso_Tmp,why,2,11.070402615970172
#Alonso_Tmp,off,2,11.070402615970172
#Alonso_Tmp,such,3,10.946186405971318
#Alonso_Tmp,heir,1,10.625843952874272
#Alonso_Tmp,nothing,2,10.625843952874272
#Alonso_Tmp,heavy,1,10.625843952874272
#Alonso_Tmp,ho,1,10.625843952874272
#Alonso_Tmp,drawn,1,10.625843952874272
#Alonso_Tmp,sing,1,10.625843952874272
#Alonso_Tmp,deep,1,10.625843952874272
#Alonso_Tmp,prosper,1,10.625843952874272
#Alonso_Tmp,seek,1,10.625843952874272
#Alonso_Tmp,met,1,10.625843952874272
#Alonso_Tmp,wracked,1,10.625843952874272
#Alonso_Tmp,bed,1,10.625843952874272
#Alonso_Tmp,prove,1,10.625843952874272
#Alonso_Tmp,glad,1,10.625843952874272
#Alonso_Tmp,child,1,10.625843952874272
#Alonso_Tmp,hands,1,10.625843952874272
#Alonso_Tmp,grief,1,10.625843952874272
#Alonso_Tmp,natural,1,10.625843952874272
#Alonso_Tmp,trod,1,10.625843952874272
#Alonso_Tmp,liquor,1,10.625843952874272
#Alonso_Tmp,strangely,1,10.625843952874272
#Alonso_Tmp,there,4,10.374324269103738
#Alonso_Tmp,boatswain,1,9.868978242427104
#Alonso_Tmp,care,1,9.868978242427104
#Alonso_Tmp,ears,1,9.868978242427104
#Alonso_Tmp,far,1,9.868978242427104
#Alonso_Tmp,thoughts,1,9.868978242427104
#Alonso_Tmp,ground,1,9.868978242427104
#Alonso_Tmp,winds,1,9.868978242427104
#Alonso_Tmp,remembrance,1,9.868978242427104
#Alonso_Tmp,about,1,9.868978242427104
#Alonso_Tmp,together,1,9.868978242427104
#Alonso_Tmp,sorrow,1,9.868978242427104
#Alonso_Tmp,these,3,9.745626318018104
#Alonso_Tmp,o,4,9.595317626401567
#Alonso_Tmp,thence,1,9.155802718898217
#Alonso_Tmp,let's,1,9.155802718898217
#Alonso_Tmp,land,1,9.155802718898217
#Alonso_Tmp,matter,1,9.155802718898217
#Alonso_Tmp,told,1,9.155802718898217
#Alonso_Tmp,ferdinand,1,9.155802718898217
#Alonso_Tmp,maid,1,9.155802718898217
#Alonso_Tmp,wast,1,9.155802718898217
#Alonso_Tmp,brought,1,9.155802718898217
#Alonso_Tmp,naples,2,8.889919909702476
#Alonso_Tmp,gone,1,8.523004377747888
#Alonso_Tmp,thank,1,8.523004377747888
#Alonso_Tmp,further,1,8.523004377747888
#Alonso_Tmp,old,1,8.523004377747888
#Alonso_Tmp,sit,1,8.523004377747888
#Alonso_Tmp,want,1,8.523004377747888
#Alonso_Tmp,tongue,1,8.523004377747888
#Alonso_Tmp,last,1,8.523004377747888
#Alonso_Tmp,name,1,8.523004377747888
#Alonso_Tmp,nature,1,8.523004377747888
#Alonso_Tmp,ear,1,8.523004377747888
#Alonso_Tmp,did,3,8.482496619703586
#Alonso_Tmp,mine,3,8.331001693241049
#Alonso_Tmp,see,1,7.969382964655703
#Alonso_Tmp,th',4,7.969382964655703
#Alonso_Tmp,been,1,7.969382964655703
#Alonso_Tmp,fear,1,7.969382964655703
#Alonso_Tmp,shore,1,7.969382964655703
#Alonso_Tmp,still,1,7.969382964655703
#Alonso_Tmp,lord,2,7.684021377670705
#Alonso_Tmp,against,1,7.485139646142391
#Alonso_Tmp,asleep,1,7.485139646142391
#Alonso_Tmp,away,1,7.485139646142391
#Alonso_Tmp,use,1,7.485139646142391
#Alonso_Tmp,lies,1,7.485139646142391
#Alonso_Tmp,came,1,7.485139646142391
#Alonso_Tmp,hence,1,7.485139646142391
#Alonso_Tmp,who,2,7.1200204110695795
#Alonso_Tmp,awake,1,7.059657911788408
#Alonso_Tmp,even,1,7.059657911788408
#Alonso_Tmp,hope,1,7.059657911788408
#Alonso_Tmp,drowned,1,7.059657911788408
#Alonso_Tmp,duke,1,7.059657911788408
#Alonso_Tmp,mind,1,7.059657911788408
#Alonso_Tmp,dukedom,1,7.059657911788408
#Alonso_Tmp,heart,1,7.059657911788408
#Alonso_Tmp,ever,1,7.059657911788408
#Alonso_Tmp,long,1,7.059657911788408
#Alonso_Tmp,she,2,6.951980501701655
#Alonso_Tmp,spirits,1,6.6835237355053065
#Alonso_Tmp,down,1,6.6835237355053065
#Alonso_Tmp,hark,1,6.6835237355053065
#Alonso_Tmp,queen,1,6.6835237355053065
#Alonso_Tmp,should,2,6.6411524705464196
#Alonso_Tmp,fish,1,6.34887535159482
#Alonso_Tmp,both,1,6.34887535159482
#Alonso_Tmp,hither,1,6.34887535159482
#Alonso_Tmp,business,1,6.34887535159482
#Alonso_Tmp,thing,1,6.34887535159482
#Alonso_Tmp,eyes,1,6.0492761541515865
#Alonso_Tmp,poor,1,6.0492761541515865
#Alonso_Tmp,rest,1,6.0492761541515865
#Alonso_Tmp,lie,1,6.0492761541515865
#Alonso_Tmp,saw,1,6.0492761541515865
#Alonso_Tmp,doth,1,6.0492761541515865
#Alonso_Tmp,keep,1,5.779479896427412
#Alonso_Tmp,best,1,5.779479896427412
#Alonso_Tmp,brother,1,5.779479896427412
#Alonso_Tmp,into,1,5.535201307985086
#Alonso_Tmp,never,1,5.535201307985086
#Alonso_Tmp,made,1,5.535201307985086
#Alonso_Tmp,put,1,5.535201307985086
#Alonso_Tmp,stephano,1,5.535201307985086
#Alonso_Tmp,trinculo,1,5.535201307985086
#Alonso_Tmp,life,1,5.535201307985086
#Alonso_Tmp,good,2,5.363594653994985
#Alonso_Tmp,i',1,5.312921976437136
#Alonso_Tmp,island,1,5.109734389917437
#Alonso_Tmp,'em,1,5.109734389917437
#Alonso_Tmp,he's,1,4.923219151168336
#Alonso_Tmp,dost,1,4.923219151168336
#Alonso_Tmp,up,1,4.923219151168336
#Alonso_Tmp,would,2,4.797658813200783
#Alonso_Tmp,much,1,4.751348934839238
#Alonso_Tmp,father,1,4.751348934839238
#Alonso_Tmp,hear,1,4.751348934839238
#Alonso_Tmp,milan,1,4.592413351181631
#Alonso_Tmp,master,1,4.444959954851238
#Alonso_Tmp,hast,1,4.444959954851238
#Alonso_Tmp,more,2,4.407717655767174
#Alonso_Tmp,or,2,4.349430111213554
#Alonso_Tmp,again,1,4.179709865758307
#Alonso_Tmp,know,1,4.179709865758307
#Alonso_Tmp,sea,1,3.9475912969708418
#Alonso_Tmp,had,1,3.742569823071196
#Alonso_Tmp,go,1,3.742569823071196
#Alonso_Tmp,o',1,3.5600102055347898
#Alonso_Tmp,take,1,3.5600102055347898
#Alonso_Tmp,king,1,3.4759902508508276
#Alonso_Tmp,now,2,3.3587910708782425
#Alonso_Tmp,one,1,3.114454910182021
#Alonso_Tmp,like,1,2.827498873234529
#Alonso_Tmp,most,1,2.6817973269974926
#Alonso_Tmp,i'll,1,2.146413514935473
