Character,Number of words spoken,Number of speeches
#Leonato_Ado,2642,121
#MESSENGERS.LEONATO.1_Ado,211,16
#Beatrice_Ado,2359,106
#Hero_Ado,980,44
#DonPedro_Ado,2461,134
#Benedick_Ado,3761,137
#DonJohn_Ado,900,41
#Claudio_Ado,2012,125
#LeonatosBrother_Ado,396,19
#Conrade_Ado,244,20
#Borachio_Ado,993,38
#Margaret_Ado,548,26
#Balthasar_Ado,180,8
#Ursula_Ado,362,19
#Antonio_Ado,19,3
#Boy_Ado,6,2
#Dogberry_Ado,1541,54
#Verges_Ado,185,18
#WATCHMEN.1_Ado,101,7
#WATCHMEN.Seacoal_Ado,106,11
#WATCHMEN.2_Ado,24,2
#FriarFrancis_Ado,592,16
#Sexton_Ado,106,7
#Borachio_Ado #Conrade_Ado,4,1
#ATTENDANTS.0.1_Ado,4,1
#MUSICIANS_Ado,48,1
#MESSENGERS.DONPEDRO.1_Ado,17,1
