Character,Number of words spoken,Number of speeches
#Theseus_MND,1724,49
#Hippolyta_MND,250,14
#Egeus_MND,296,7
#Hermia_MND,1284,48
#Demetrius_MND,1066,48
#Lysander_MND,1395,50
#Helena_MND,1816,36
#Quince_MND,955,40
#Bottom_MND,2033,59
#Flute_MND,348,18
#Starveling_MND,87,7
#Snout_MND,158,9
#Snug_MND,118,4
#Quince_MND #Bottom_MND #Flute_MND #Snout_MND #Snug_MND #Starveling_MND,7,1
#RobinGoodfellow_MND,1370,33
#FAIRIES.TITANIA.1_MND,187,3
#Oberon_MND,1607,29
#Titania_MND,1080,23
#FAIRIES.TITANIA.0.1_MND,44,2
#FAIRIES.TITANIA_MND,60,2
#FAIRIES.TITANIA.0.2_MND,10,1
#FAIRIES.TITANIA.Peaseblossom_MND,5,4
#FAIRIES.TITANIA.Cobweb_MND,5,4
#FAIRIES.TITANIA.Mote_MND,3,2
#FAIRIES.TITANIA.Mustardseed_MND,8,5
#FAIRIES.TITANIA.Peaseblossom_MND #FAIRIES.TITANIA.Cobweb_MND #FAIRIES.TITANIA.Mote_MND #FAIRIES.TITANIA.Mustardseed_MND,4,1
#Philostrate_MND,183,6
