Character,Word,Count,Significance
#Titania_MND,fairies,4,34.79018350468098
#Titania_MND,mortal,3,28.093718412258262
#Titania_MND,bed,5,27.976368614934827
#Titania_MND,wind,3,26.092637628510733
#Titania_MND,fetch,3,26.092637628510733
#Titania_MND,sing,4,24.886749995609367
#Titania_MND,green,3,21.070288809193695
#Titania_MND,music,3,19.789995639666152
#Titania_MND,sat,2,18.729145608172175
#Titania_MND,buds,2,18.729145608172175
#Titania_MND,rich,2,18.729145608172175
#Titania_MND,song,2,18.729145608172175
#Titania_MND,wings,2,18.729145608172175
#Titania_MND,elves,2,18.729145608172175
#Titania_MND,note,2,18.729145608172175
#Titania_MND,dance,2,17.39509175234049
#Titania_MND,therefore,4,17.355362783815693
#Titania_MND,fairy,4,16.189204119439115
#Titania_MND,sake,2,16.138046355890467
#Titania_MND,spirit,2,16.138046355890467
#Titania_MND,while,2,16.138046355890467
#Titania_MND,shalt,2,15.022674031153059
#Titania_MND,wilt,2,15.022674031153059
#Titania_MND,art,3,14.046859206129131
#Titania_MND,sleep,3,14.046859206129131
#Titania_MND,oberon,2,14.04685920612913
#Titania_MND,joy,2,14.04685920612913
#Titania_MND,set,2,14.04685920612913
#Titania_MND,sleeping,2,14.04685920612913
#Titania_MND,up,4,13.91607340187239
#Titania_MND,boy,2,13.193330426444101
#Titania_MND,first,2,13.193330426444101
#Titania_MND,hence,2,12.443374997804684
#Titania_MND,came,2,12.443374997804684
#Titania_MND,hand,2,12.443374997804684
#Titania_MND,come,6,11.063101405669482
#Titania_MND,away,3,11.050754418597382
#Titania_MND,mine,3,11.050754418597382
#Titania_MND,go,4,10.758697570593643
#Titania_MND,rest,2,10.662472968512018
#Titania_MND,or,6,10.661842478860395
#Titania_MND,again,2,10.18692924531541
#Titania_MND,part,2,10.18692924531541
#Titania_MND,eyes,4,9.967516620536776
#Titania_MND,love,8,9.801476532505266
#Titania_MND,every,2,9.756363045380061
#Titania_MND,hast,2,9.364572804086087
#Titania_MND,stolen,1,9.364572804086087
#Titania_MND,fall,1,9.364572804086087
#Titania_MND,fresh,1,9.364572804086087
#Titania_MND,rose,1,9.364572804086087
#Titania_MND,change,1,9.364572804086087
#Titania_MND,side,1,9.364572804086087
#Titania_MND,yellow,1,9.364572804086087
#Titania_MND,following,1,9.364572804086087
#Titania_MND,round,1,9.364572804086087
#Titania_MND,revels,1,9.364572804086087
#Titania_MND,small,1,9.364572804086087
#Titania_MND,spirits,1,9.364572804086087
#Titania_MND,gentle,2,9.364572804086087
#Titania_MND,force,1,9.364572804086087
#Titania_MND,perforce,1,9.364572804086087
#Titania_MND,remain,1,9.364572804086087
#Titania_MND,steal,1,9.364572804086087
#Titania_MND,fiery,1,9.364572804086087
#Titania_MND,looks,1,9.364572804086087
#Titania_MND,kiss,1,9.364572804086087
#Titania_MND,ho,1,9.364572804086087
#Titania_MND,found,1,9.364572804086087
#Titania_MND,these,3,8.979470716326304
#Titania_MND,doth,3,8.979470716326304
#Titania_MND,sweet,4,8.71679799101566
#Titania_MND,met,1,8.697545876170246
#Titania_MND,thorough,1,8.697545876170246
#Titania_MND,often,1,8.697545876170246
#Titania_MND,th',1,8.697545876170246
#Titania_MND,grow,1,8.697545876170246
#Titania_MND,flowers,1,8.697545876170246
#Titania_MND,dost,1,8.697545876170246
#Titania_MND,peaseblossom,1,8.697545876170246
#Titania_MND,kind,1,8.697545876170246
#Titania_MND,gentleman,1,8.697545876170246
#Titania_MND,dote,1,8.697545876170246
#Titania_MND,rehearse,1,8.697545876170246
#Titania_MND,now,5,8.676446436629181
#Titania_MND,eye,2,8.094602059719557
#Titania_MND,mistress,1,8.069023177945233
#Titania_MND,theseus,1,8.069023177945233
#Titania_MND,old,1,8.069023177945233
#Titania_MND,world,1,8.069023177945233
#Titania_MND,moonlight,1,8.069023177945233
#Titania_MND,asleep,1,8.069023177945233
#Titania_MND,swear,1,8.069023177945233
#Titania_MND,cobweb,1,8.069023177945233
#Titania_MND,mustardseed,1,8.069023177945233
#Titania_MND,seek,1,8.069023177945233
#Titania_MND,new,1,8.069023177945233
#Titania_MND,seen,1,8.069023177945233
#Titania_MND,methought,1,8.069023177945233
#Titania_MND,ass,1,8.069023177945233
#Titania_MND,see,3,7.614697519602104
#Titania_MND,since,1,7.5113370155765296
#Titania_MND,youth,1,7.5113370155765296
#Titania_MND,beard,1,7.5113370155765296
#Titania_MND,pale,1,7.5113370155765296
#Titania_MND,full,1,7.5113370155765296
#Titania_MND,young,1,7.5113370155765296
#Titania_MND,still,1,7.5113370155765296
#Titania_MND,lead,1,7.5113370155765296
#Titania_MND,flower,1,7.5113370155765296
#Titania_MND,ground,1,7.5113370155765296
#Titania_MND,each,1,7.5113370155765296
#Titania_MND,bless,1,7.5113370155765296
#Titania_MND,day,2,7.367169612398254
#Titania_MND,she,4,7.107894985906931
#Titania_MND,ear,1,7.023429603064565
#Titania_MND,bring,1,7.023429603064565
#Titania_MND,night,3,6.857181086656645
#Titania_MND,company,1,6.5966652132220505
#Titania_MND,same,1,6.5966652132220505
#Titania_MND,being,1,6.5966652132220505
#Titania_MND,kill,1,6.5966652132220505
#Titania_MND,keep,1,6.5966652132220505
#Titania_MND,desire,1,6.5966652132220505
#Titania_MND,light,1,6.5966652132220505
#Titania_MND,methinks,1,6.5966652132220505
#Titania_MND,word,1,6.5966652132220505
#Titania_MND,moon,2,6.274885063412238
#Titania_MND,child,1,6.221687498902342
#Titania_MND,back,1,6.221687498902342
#Titania_MND,lady,1,5.8901998642702456
#Titania_MND,sport,1,5.8901998642702456
#Titania_MND,much,1,5.8901998642702456
#Titania_MND,little,1,5.8901998642702456
#Titania_MND,head,1,5.8901998642702456
#Titania_MND,grace,1,5.8901998642702456
#Titania_MND,fair,2,5.604931313526055
#Titania_MND,die,1,5.595273722986964
#Titania_MND,tongue,1,5.595273722986964
#Titania_MND,down,1,5.595273722986964
#Titania_MND,place,1,5.595273722986964
#Titania_MND,ere,1,5.331236484256009
#Titania_MND,till,1,5.331236484256009
#Titania_MND,pray,1,5.331236484256009
#Titania_MND,made,1,5.093464622657705
#Titania_MND,stay,1,4.8781815226900305
#Titania_MND,things,1,4.682286402043044
#Titania_MND,tell,1,4.682286402043044
#Titania_MND,must,2,4.647749532878047
#Titania_MND,comes,1,4.5032168659865155
#Titania_MND,wood,1,4.338840695953923
#Titania_MND,hear,1,4.047301029859779
#Titania_MND,heart,1,3.9173501223111873
#Titania_MND,why,1,3.796424732506585
#Titania_MND,know,1,3.5780179285006564
#Titania_MND,such,1,3.5780179285006564
#Titania_MND,o,2,3.5539474929534656
#Titania_MND,like,1,3.3859699962884733
#Titania_MND,out,1,3.2983326066110252
#Titania_MND,i'll,1,3.2983326066110252
#Titania_MND,lord,1,3.137442531706119
#Titania_MND,never,1,2.6369894763201946
#Titania_MND,did,1,2.6369894763201946
#Titania_MND,would,1,2.491879155134194
#Theseus_MND,egeus,5,35.9606114756451
#Theseus_MND,joy,5,29.03886070602261
#Theseus_MND,mirth,4,28.768489180516085
#Theseus_MND,imagination,4,28.768489180516085
#Theseus_MND,hippolyta,4,26.6895523515497
#Theseus_MND,discretion,4,26.6895523515497
#Theseus_MND,father's,4,24.84491841036121
#Theseus_MND,single,3,23.23108856481809
#Theseus_MND,nuptial,3,21.57636688538706
#Theseus_MND,kind,3,21.57636688538706
#Theseus_MND,hounds,3,21.57636688538706
#Theseus_MND,duty,3,21.57636688538706
#Theseus_MND,time,4,20.579201540876202
#Theseus_MND,find,4,19.4827545009685
#Theseus_MND,hold,3,18.63368880777091
#Theseus_MND,go,8,17.79303490103313
#Theseus_MND,death,4,17.633895963262813
#Theseus_MND,three,3,17.423316423613567
#Theseus_MND,hear,5,16.73384905718397
#Theseus_MND,friends,3,16.36462410051944
#Theseus_MND,lovers,4,16.135346033713137
#Theseus_MND,moon,6,15.56637058538093
#Theseus_MND,thanks,2,15.487392376545392
#Theseus_MND,rose,2,15.487392376545392
#Theseus_MND,something,2,15.487392376545392
#Theseus_MND,gentle,4,15.487392376545392
#Theseus_MND,we'll,2,15.487392376545392
#Theseus_MND,sees,2,15.487392376545392
#Theseus_MND,revels,2,15.487392376545392
#Theseus_MND,played,2,15.487392376545392
#Theseus_MND,welcome,2,15.487392376545392
#Theseus_MND,passion,2,15.487392376545392
#Theseus_MND,else,3,15.434401155657152
#Theseus_MND,such,5,14.793565266753195
#Theseus_MND,much,3,14.612065875726373
#Theseus_MND,very,3,14.612065875726373
#Theseus_MND,hour,2,14.384244590258042
#Theseus_MND,up,5,14.384244590258042
#Theseus_MND,strange,2,14.384244590258042
#Theseus_MND,tedious,2,14.384244590258042
#Theseus_MND,fair,6,13.904388215918555
#Theseus_MND,play,6,13.904388215918555
#Theseus_MND,come,9,13.722349856927256
#Theseus_MND,old,2,13.34477617577485
#Theseus_MND,himself,2,13.34477617577485
#Theseus_MND,choice,2,13.34477617577485
#Theseus_MND,new,2,13.34477617577485
#Theseus_MND,heaven,2,13.34477617577485
#Theseus_MND,earth,2,13.34477617577485
#Theseus_MND,between,2,13.34477617577485
#Theseus_MND,told,2,13.34477617577485
#Theseus_MND,brief,2,13.34477617577485
#Theseus_MND,noble,2,13.34477617577485
#Theseus_MND,silence,2,13.34477617577485
#Theseus_MND,nothing,3,13.225421972447108
#Theseus_MND,life,3,12.63557134171661
#Theseus_MND,happy,2,12.422459205180605
#Theseus_MND,another,2,12.422459205180605
#Theseus_MND,young,2,12.422459205180605
#Theseus_MND,youth,2,12.422459205180605
#Theseus_MND,pale,2,12.422459205180605
#Theseus_MND,either,2,12.422459205180605
#Theseus_MND,each,2,12.422459205180605
#Theseus_MND,might,2,12.422459205180605
#Theseus_MND,these,5,12.375416478934678
#Theseus_MND,day,4,12.184031122272721
#Theseus_MND,lion,4,11.834852213402556
#Theseus_MND,or,8,11.755235494563864
#Theseus_MND,bring,2,11.615544282409045
#Theseus_MND,within,2,11.615544282409045
#Theseus_MND,blood,2,11.615544282409045
#Theseus_MND,next,2,11.615544282409045
#Theseus_MND,great,2,11.615544282409045
#Theseus_MND,reason,2,11.615544282409045
#Theseus_MND,lover,2,11.615544282409045
#Theseus_MND,none,2,11.615544282409045
#Theseus_MND,like,4,11.19962373186916
#Theseus_MND,fear,3,11.171318972998778
#Theseus_MND,methinks,2,10.909749400346291
#Theseus_MND,out,4,10.909749400346291
#Theseus_MND,forth,2,10.909749400346291
#Theseus_MND,look,4,10.909749400346291
#Theseus_MND,being,2,10.909749400346291
#Theseus_MND,music,2,10.909749400346291
#Theseus_MND,speak,4,10.909749400346291
#Theseus_MND,demetrius,5,10.902817343352776
#Theseus_MND,two,3,10.38778739807741
#Theseus_MND,would,5,10.30284857566016
#Theseus_MND,came,2,10.289600770438101
#Theseus_MND,stand,2,10.289600770438101
#Theseus_MND,may,4,9.900333183147742
#Theseus_MND,long,2,9.74137725048425
#Theseus_MND,near,2,9.74137725048425
#Theseus_MND,must,5,9.60822268531297
#Theseus_MND,die,2,9.253620150644991
#Theseus_MND,men,2,9.253620150644991
#Theseus_MND,tongue,2,9.253620150644991
#Theseus_MND,bed,2,9.253620150644991
#Theseus_MND,away,3,9.13802334170454
#Theseus_MND,should,4,9.078767850717396
#Theseus_MND,hermia,4,8.896517450516566
#Theseus_MND,take,3,8.876139160051917
#Theseus_MND,pray,2,8.816947981631406
#Theseus_MND,cannot,2,8.816947981631406
#Theseus_MND,more,5,8.74086153278356
#Theseus_MND,never,4,8.72225387468222
#Theseus_MND,now,6,8.60960984826916
#Theseus_MND,athenian,2,8.423714227811073
#Theseus_MND,dead,2,8.423714227811073
#Theseus_MND,one,4,8.242278860528128
#Theseus_MND,love,8,8.104977990142558
#Theseus_MND,leave,2,8.067673016856569
#Theseus_MND,wall,3,7.977149139773882
#Theseus_MND,four,1,7.743696188272696
#Theseus_MND,man's,1,7.743696188272696
#Theseus_MND,stir,1,7.743696188272696
#Theseus_MND,yea,1,7.743696188272696
#Theseus_MND,yield,1,7.743696188272696
#Theseus_MND,maiden,1,7.743696188272696
#Theseus_MND,thought,1,7.743696188272696
#Theseus_MND,mind,1,7.743696188272696
#Theseus_MND,lose,1,7.743696188272696
#Theseus_MND,yourself,1,7.743696188272696
#Theseus_MND,dew,1,7.743696188272696
#Theseus_MND,cry,1,7.743696188272696
#Theseus_MND,doubt,1,7.743696188272696
#Theseus_MND,bid,1,7.743696188272696
#Theseus_MND,past,1,7.743696188272696
#Theseus_MND,begin,1,7.743696188272696
#Theseus_MND,discourse,1,7.743696188272696
#Theseus_MND,temple,1,7.743696188272696
#Theseus_MND,fresh,1,7.743696188272696
#Theseus_MND,delight,1,7.743696188272696
#Theseus_MND,merry,1,7.743696188272696
#Theseus_MND,tender,1,7.743696188272696
#Theseus_MND,respect,1,7.743696188272696
#Theseus_MND,better,1,7.743696188272696
#Theseus_MND,valor,1,7.743696188272696
#Theseus_MND,put,1,7.743696188272696
#Theseus_MND,i',1,7.743696188272696
#Theseus_MND,small,1,7.743696188272696
#Theseus_MND,courtesy,1,7.743696188272696
#Theseus_MND,friend,1,7.743696188272696
#Theseus_MND,sad,1,7.743696188272696
#Theseus_MND,been,1,7.743696188272696
#Theseus_MND,coming,1,7.743696188272696
#Theseus_MND,man,4,7.560398557973638
#Theseus_MND,comes,2,7.447545981999186
#Theseus_MND,can,3,7.259715176505654
#Theseus_MND,god,1,7.192122295129021
#Theseus_MND,whom,1,7.192122295129021
#Theseus_MND,gentleman,1,7.192122295129021
#Theseus_MND,live,1,7.192122295129021
#Theseus_MND,mark,1,7.192122295129021
#Theseus_MND,wake,1,7.192122295129021
#Theseus_MND,far,1,7.192122295129021
#Theseus_MND,met,1,7.192122295129021
#Theseus_MND,anon,1,7.192122295129021
#Theseus_MND,believe,1,7.192122295129021
#Theseus_MND,hell,1,7.192122295129021
#Theseus_MND,hearts,1,7.192122295129021
#Theseus_MND,trust,1,7.192122295129021
#Theseus_MND,modesty,1,7.192122295129021
#Theseus_MND,approach,1,7.192122295129021
#Theseus_MND,themselves,1,7.192122295129021
#Theseus_MND,lanthorn,1,7.192122295129021
#Theseus_MND,th',1,7.192122295129021
#Theseus_MND,prove,1,7.192122295129021
#Theseus_MND,'tis,1,7.192122295129021
#Theseus_MND,therefore,2,7.175696075344855
#Theseus_MND,athens,2,6.925191598718275
#Theseus_MND,fairy,2,6.693539622873589
#Theseus_MND,spirit,1,6.672388087887425
#Theseus_MND,turn,1,6.672388087887425
#Theseus_MND,sword,1,6.672388087887425
#Theseus_MND,maid,1,6.672388087887425
#Theseus_MND,father,1,6.672388087887425
#Theseus_MND,rather,1,6.672388087887425
#Theseus_MND,law,1,6.672388087887425
#Theseus_MND,against,1,6.672388087887425
#Theseus_MND,answer,1,6.672388087887425
#Theseus_MND,world,1,6.672388087887425
#Theseus_MND,bush,1,6.672388087887425
#Theseus_MND,seen,1,6.672388087887425
#Theseus_MND,hair,1,6.672388087887425
#Theseus_MND,help,1,6.672388087887425
#Theseus_MND,ass,1,6.672388087887425
#Theseus_MND,left,1,6.672388087887425
#Theseus_MND,truly,1,6.672388087887425
#Theseus_MND,alone,1,6.672388087887425
#Theseus_MND,awake,1,6.211229602590302
#Theseus_MND,master,1,6.211229602590302
#Theseus_MND,since,1,6.211229602590302
#Theseus_MND,full,1,6.211229602590302
#Theseus_MND,off,1,6.211229602590302
#Theseus_MND,wonder,1,6.211229602590302
#Theseus_MND,marry,1,6.211229602590302
#Theseus_MND,thisbe's,1,6.211229602590302
#Theseus_MND,good,3,6.181709145396096
#Theseus_MND,know,2,5.917426106701278
#Theseus_MND,pyramus,3,5.8631645159365275
#Theseus_MND,set,1,5.807772141204523
#Theseus_MND,moonshine,1,5.807772141204523
#Theseus_MND,true,2,5.753697836103217
#Theseus_MND,night,3,5.670298918480228
#Theseus_MND,power,1,5.4548747001731455
#Theseus_MND,voice,1,5.4548747001731455
#Theseus_MND,other,1,5.4548747001731455
#Theseus_MND,hate,1,5.4548747001731455
#Theseus_MND,thing,1,5.4548747001731455
#Theseus_MND,poor,1,5.4548747001731455
#Theseus_MND,desire,1,5.4548747001731455
#Theseus_MND,light,1,5.4548747001731455
#Theseus_MND,run,1,5.4548747001731455
#Theseus_MND,sweet,3,5.406031603560047
#Theseus_MND,thisbe,2,5.188790195126977
#Theseus_MND,heard,1,5.1448003852190505
#Theseus_MND,hand,1,5.1448003852190505
#Theseus_MND,ladies,1,5.1448003852190505
#Theseus_MND,best,1,5.1448003852190505
#Theseus_MND,into,1,5.1448003852190505
#Theseus_MND,doth,2,4.950166591573871
#Theseus_MND,grace,1,4.870688625242125
#Theseus_MND,bear,1,4.870688625242125
#Theseus_MND,call,1,4.870688625242125
#Theseus_MND,sport,1,4.870688625242125
#Theseus_MND,who,1,4.870688625242125
#Theseus_MND,both,1,4.626810075322496
#Theseus_MND,queen,1,4.626810075322496
#Theseus_MND,down,1,4.626810075322496
#Theseus_MND,rest,1,4.408473990815703
#Theseus_MND,she,3,4.408213310461449
#Theseus_MND,there,2,4.36112693734111
#Theseus_MND,ever,1,4.211857113905537
#Theseus_MND,name,1,4.211857113905537
#Theseus_MND,again,1,4.211857113905537
#Theseus_MND,stay,1,4.033836508428284
#Theseus_MND,dear,1,4.033836508428284
#Theseus_MND,sleep,1,3.871848094136348
#Theseus_MND,things,1,3.871848094136348
#Theseus_MND,had,1,3.4625957993591374
#Theseus_MND,eye,1,3.3467698114367943
#Theseus_MND,most,1,3.239311588995775
#Theseus_MND,why,1,3.139316693373126
#Theseus_MND,did,1,2.180563468670555
#Theseus_MND,see,1,2.0988999495226484
#Theseus_MND,eyes,1,2.060569715132032
#Theseus_MND,o,1,1.469404436820483
#RobinGoodfellow_MND,king,4,34.16099425527146
#RobinGoodfellow_MND,oberon,5,32.025932114316994
#RobinGoodfellow_MND,sometime,5,28.370091641468015
#RobinGoodfellow_MND,ho,3,25.620745691453592
#RobinGoodfellow_MND,down,5,25.513725706770636
#RobinGoodfellow_MND,horse,3,23.795811693180177
#RobinGoodfellow_MND,wak'st,3,23.795811693180177
#RobinGoodfellow_MND,sort,3,23.795811693180177
#RobinGoodfellow_MND,athenian,5,23.225541003605237
#RobinGoodfellow_MND,i'll,7,21.055959120760708
#RobinGoodfellow_MND,ground,3,20.550436149625256
#RobinGoodfellow_MND,lead,3,20.550436149625256
#RobinGoodfellow_MND,sleeping,3,19.215559268590194
#RobinGoodfellow_MND,fairy,5,18.45517010264294
#RobinGoodfellow_MND,wild,2,17.08049712763573
#RobinGoodfellow_MND,round,2,17.08049712763573
#RobinGoodfellow_MND,force,2,17.08049712763573
#RobinGoodfellow_MND,brake,2,17.08049712763573
#RobinGoodfellow_MND,weak,2,17.08049712763573
#RobinGoodfellow_MND,sight,3,17.02205498488081
#RobinGoodfellow_MND,fear,4,16.42726995748099
#RobinGoodfellow_MND,comes,4,16.42726995748099
#RobinGoodfellow_MND,near,3,16.115130497832705
#RobinGoodfellow_MND,sport,3,16.115130497832705
#RobinGoodfellow_MND,hour,2,15.863874462120119
#RobinGoodfellow_MND,themselves,2,15.863874462120119
#RobinGoodfellow_MND,woman,2,15.863874462120119
#RobinGoodfellow_MND,oath,2,15.863874462120119
#RobinGoodfellow_MND,far,2,15.863874462120119
#RobinGoodfellow_MND,up,5,15.863874462120119
#RobinGoodfellow_MND,puck,2,15.863874462120119
#RobinGoodfellow_MND,makes,2,14.71748152287126
#RobinGoodfellow_MND,fire,2,14.71748152287126
#RobinGoodfellow_MND,while,2,14.71748152287126
#RobinGoodfellow_MND,through,5,14.662859274594716
#RobinGoodfellow_MND,she,9,14.58498750920215
#RobinGoodfellow_MND,now,9,14.24285115673824
#RobinGoodfellow_MND,about,2,13.700290766416838
#RobinGoodfellow_MND,sound,2,13.700290766416838
#RobinGoodfellow_MND,one,6,13.635176630731124
#RobinGoodfellow_MND,every,3,13.346326719255671
#RobinGoodfellow_MND,gone,3,12.810372845726796
#RobinGoodfellow_MND,whose,2,12.810372845726796
#RobinGoodfellow_MND,things,3,12.810372845726796
#RobinGoodfellow_MND,must,6,12.71588264736246
#RobinGoodfellow_MND,follow,3,12.320452468110743
#RobinGoodfellow_MND,boy,2,12.031976640434692
#RobinGoodfellow_MND,forth,2,12.031976640434692
#RobinGoodfellow_MND,o'er,2,12.031976640434692
#RobinGoodfellow_MND,own,2,12.031976640434692
#RobinGoodfellow_MND,there,5,12.024331520023994
#RobinGoodfellow_MND,child,2,11.348036656587208
#RobinGoodfellow_MND,into,2,11.348036656587208
#RobinGoodfellow_MND,eye,3,11.073102061585763
#RobinGoodfellow_MND,who,2,10.743420331888471
#RobinGoodfellow_MND,bear,2,10.743420331888471
#RobinGoodfellow_MND,night,5,10.422620115250712
#RobinGoodfellow_MND,man,5,10.422620115250712
#RobinGoodfellow_MND,queen,2,10.20549028270825
#RobinGoodfellow_MND,come,6,10.089262785154983
#RobinGoodfellow_MND,go,4,9.811654348580841
#RobinGoodfellow_MND,take,3,9.789179852985656
#RobinGoodfellow_MND,did,4,9.619465216019197
#RobinGoodfellow_MND,dream,2,9.290216401442095
#RobinGoodfellow_MND,eyes,4,9.09011775382075
#RobinGoodfellow_MND,lord,3,8.583799700005393
#RobinGoodfellow_MND,revels,1,8.540248563817865
#RobinGoodfellow_MND,stolen,1,8.540248563817865
#RobinGoodfellow_MND,knight,1,8.540248563817865
#RobinGoodfellow_MND,perforce,1,8.540248563817865
#RobinGoodfellow_MND,elves,1,8.540248563817865
#RobinGoodfellow_MND,hide,1,8.540248563817865
#RobinGoodfellow_MND,merry,1,8.540248563817865
#RobinGoodfellow_MND,jest,1,8.540248563817865
#RobinGoodfellow_MND,put,1,8.540248563817865
#RobinGoodfellow_MND,found,1,8.540248563817865
#RobinGoodfellow_MND,said,1,8.540248563817865
#RobinGoodfellow_MND,maiden,1,8.540248563817865
#RobinGoodfellow_MND,sleep,2,8.540248563817865
#RobinGoodfellow_MND,played,1,8.540248563817865
#RobinGoodfellow_MND,brier,1,8.540248563817865
#RobinGoodfellow_MND,work,1,8.540248563817865
#RobinGoodfellow_MND,sense,1,8.540248563817865
#RobinGoodfellow_MND,begin,1,8.540248563817865
#RobinGoodfellow_MND,wrong,1,8.540248563817865
#RobinGoodfellow_MND,loved,1,8.540248563817865
#RobinGoodfellow_MND,side,1,8.540248563817865
#RobinGoodfellow_MND,swifter,1,8.540248563817865
#RobinGoodfellow_MND,bow,1,8.540248563817865
#RobinGoodfellow_MND,fond,1,8.540248563817865
#RobinGoodfellow_MND,please,1,8.540248563817865
#RobinGoodfellow_MND,done,1,8.540248563817865
#RobinGoodfellow_MND,cut,1,8.540248563817865
#RobinGoodfellow_MND,yonder,1,8.540248563817865
#RobinGoodfellow_MND,wand'ring,1,8.540248563817865
#RobinGoodfellow_MND,spirits,1,8.540248563817865
#RobinGoodfellow_MND,town,1,8.540248563817865
#RobinGoodfellow_MND,art,2,8.540248563817865
#RobinGoodfellow_MND,we'll,1,8.540248563817865
#RobinGoodfellow_MND,four,1,8.540248563817865
#RobinGoodfellow_MND,sad,1,8.540248563817865
#RobinGoodfellow_MND,cupid,1,8.540248563817865
#RobinGoodfellow_MND,remedy,1,8.540248563817865
#RobinGoodfellow_MND,delight,1,8.540248563817865
#RobinGoodfellow_MND,lies,1,8.540248563817865
#RobinGoodfellow_MND,presence,1,8.540248563817865
#RobinGoodfellow_MND,following,1,8.540248563817865
#RobinGoodfellow_MND,doth,3,8.189045404771601
#RobinGoodfellow_MND,flowers,1,7.9319372310600595
#RobinGoodfellow_MND,grove,1,7.9319372310600595
#RobinGoodfellow_MND,lips,1,7.9319372310600595
#RobinGoodfellow_MND,mirth,1,7.9319372310600595
#RobinGoodfellow_MND,charm,1,7.9319372310600595
#RobinGoodfellow_MND,met,1,7.9319372310600595
#RobinGoodfellow_MND,rehearse,1,7.9319372310600595
#RobinGoodfellow_MND,nuptial,1,7.9319372310600595
#RobinGoodfellow_MND,anon,1,7.9319372310600595
#RobinGoodfellow_MND,many,1,7.9319372310600595
#RobinGoodfellow_MND,catch,1,7.9319372310600595
#RobinGoodfellow_MND,troth,1,7.9319372310600595
#RobinGoodfellow_MND,woo,1,7.9319372310600595
#RobinGoodfellow_MND,believe,1,7.9319372310600595
#RobinGoodfellow_MND,approach,1,7.9319372310600595
#RobinGoodfellow_MND,mark,1,7.9319372310600595
#RobinGoodfellow_MND,fairies,1,7.9319372310600595
#RobinGoodfellow_MND,appear,1,7.9319372310600595
#RobinGoodfellow_MND,had,2,7.637548809660837
#RobinGoodfellow_MND,athens,2,7.637548809660837
#RobinGoodfellow_MND,two,2,7.637548809660837
#RobinGoodfellow_MND,should,3,7.509488900379363
#RobinGoodfellow_MND,spirit,1,7.35874076143563
#RobinGoodfellow_MND,fell,1,7.35874076143563
#RobinGoodfellow_MND,against,1,7.35874076143563
#RobinGoodfellow_MND,swear,1,7.35874076143563
#RobinGoodfellow_MND,earth,1,7.35874076143563
#RobinGoodfellow_MND,silence,1,7.35874076143563
#RobinGoodfellow_MND,maid,1,7.35874076143563
#RobinGoodfellow_MND,bush,1,7.35874076143563
#RobinGoodfellow_MND,turn,1,7.35874076143563
#RobinGoodfellow_MND,mistress,1,7.35874076143563
#RobinGoodfellow_MND,together,1,7.35874076143563
#RobinGoodfellow_MND,fly,1,7.35874076143563
#RobinGoodfellow_MND,help,1,7.35874076143563
#RobinGoodfellow_MND,left,1,7.35874076143563
#RobinGoodfellow_MND,ass,1,7.35874076143563
#RobinGoodfellow_MND,alone,1,7.35874076143563
#RobinGoodfellow_MND,ready,1,7.35874076143563
#RobinGoodfellow_MND,sword,1,7.35874076143563
#RobinGoodfellow_MND,hither,1,7.35874076143563
#RobinGoodfellow_MND,thine,1,7.35874076143563
#RobinGoodfellow_MND,never,3,7.214598912014397
#RobinGoodfellow_MND,because,1,6.850145383208419
#RobinGoodfellow_MND,hold,1,6.850145383208419
#RobinGoodfellow_MND,might,1,6.850145383208419
#RobinGoodfellow_MND,master,1,6.850145383208419
#RobinGoodfellow_MND,soul,1,6.850145383208419
#RobinGoodfellow_MND,lie,1,6.850145383208419
#RobinGoodfellow_MND,awake,1,6.850145383208419
#RobinGoodfellow_MND,youth,1,6.850145383208419
#RobinGoodfellow_MND,those,1,6.850145383208419
#RobinGoodfellow_MND,full,1,6.850145383208419
#RobinGoodfellow_MND,wilt,1,6.850145383208419
#RobinGoodfellow_MND,hands,1,6.850145383208419
#RobinGoodfellow_MND,robin,1,6.850145383208419
#RobinGoodfellow_MND,day,2,6.718668434531658
#RobinGoodfellow_MND,pyramus,3,6.466276713242803
#RobinGoodfellow_MND,within,1,6.405186422863398
#RobinGoodfellow_MND,lovely,1,6.405186422863398
#RobinGoodfellow_MND,joy,1,6.405186422863398
#RobinGoodfellow_MND,green,1,6.405186422863398
#RobinGoodfellow_MND,none,1,6.405186422863398
#RobinGoodfellow_MND,roar,1,6.405186422863398
#RobinGoodfellow_MND,great,1,6.405186422863398
#RobinGoodfellow_MND,three,1,6.405186422863398
#RobinGoodfellow_MND,lover,1,6.405186422863398
#RobinGoodfellow_MND,house,1,6.405186422863398
#RobinGoodfellow_MND,like,2,6.175834392641065
#RobinGoodfellow_MND,keep,1,6.015988320217346
#RobinGoodfellow_MND,power,1,6.015988320217346
#RobinGoodfellow_MND,titania,1,6.015988320217346
#RobinGoodfellow_MND,once,1,6.015988320217346
#RobinGoodfellow_MND,light,1,6.015988320217346
#RobinGoodfellow_MND,voice,1,6.015988320217346
#RobinGoodfellow_MND,poor,1,6.015988320217346
#RobinGoodfellow_MND,run,1,6.015988320217346
#RobinGoodfellow_MND,friends,1,6.015988320217346
#RobinGoodfellow_MND,look,2,6.015988320217344
#RobinGoodfellow_MND,came,1,5.674018328293604
#RobinGoodfellow_MND,hand,1,5.674018328293604
#RobinGoodfellow_MND,best,1,5.674018328293604
#RobinGoodfellow_MND,time,1,5.674018328293604
#RobinGoodfellow_MND,before,1,5.674018328293604
#RobinGoodfellow_MND,else,1,5.674018328293604
#RobinGoodfellow_MND,these,2,5.4593636031810675
#RobinGoodfellow_MND,very,1,5.3717101659442354
#RobinGoodfellow_MND,ay,1,5.3717101659442354
#RobinGoodfellow_MND,head,1,5.3717101659442354
#RobinGoodfellow_MND,long,1,5.3717101659442354
#RobinGoodfellow_MND,call,1,5.3717101659442354
#RobinGoodfellow_MND,play,2,5.111552614525291
#RobinGoodfellow_MND,both,1,5.102745141354125
#RobinGoodfellow_MND,tongue,1,5.102745141354125
#RobinGoodfellow_MND,ere,1,4.861949998207546
#RobinGoodfellow_MND,or,3,4.861662503067382
#RobinGoodfellow_MND,made,1,4.645108200721047
#RobinGoodfellow_MND,again,1,4.645108200721047
#RobinGoodfellow_MND,see,2,4.629604995778264
#RobinGoodfellow_MND,think,1,4.448775573085223
#RobinGoodfellow_MND,tell,1,4.270124281908933
#RobinGoodfellow_MND,gentle,1,4.270124281908933
#RobinGoodfellow_MND,meet,1,4.106817489370248
#RobinGoodfellow_MND,sweet,2,3.974747331313374
#RobinGoodfellow_MND,more,2,3.8559947775294527
#RobinGoodfellow_MND,hear,1,3.691034020528588
#RobinGoodfellow_MND,why,1,3.4622413160464696
#RobinGoodfellow_MND,away,1,3.359334217265829
#RobinGoodfellow_MND,helena,1,3.359334217265829
#RobinGoodfellow_MND,love,3,3.352010055526706
#RobinGoodfellow_MND,know,1,3.2630599509952187
#RobinGoodfellow_MND,lion,1,3.2630599509952187
#RobinGoodfellow_MND,true,1,3.1727748924240236
#RobinGoodfellow_MND,thisbe,1,2.8612665666684647
#RobinGoodfellow_MND,moon,1,2.8612665666684647
#RobinGoodfellow_MND,would,1,2.2725294384551873
#RobinGoodfellow_MND,good,1,2.2725294384551873
#Quince_MND,pyramus,16,39.537029259811746
#Quince_MND,bottom,6,36.95003405400423
#Quince_MND,thisbe,9,29.522412921565213
#Quince_MND,flute,3,29.37262673471713
#Quince_MND,moonshine,4,29.372626734717127
#Quince_MND,play,10,29.300420992703863
#Quince_MND,moonlight,3,25.30904621897449
#Quince_MND,most,6,24.57407622089052
#Quince_MND,must,10,24.29664350271907
#Quince_MND,thisbe's,3,23.5598252107054
#Quince_MND,masters,3,23.5598252107054
#Quince_MND,wonder,3,23.5598252107054
#Quince_MND,meet,5,23.54108241726913
#Quince_MND,man,9,21.508020144052274
#Quince_MND,show,3,20.690894187647267
#Quince_MND,brake,2,19.581751156478084
#Quince_MND,chamber,2,19.581751156478084
#Quince_MND,cue,2,19.581751156478084
#Quince_MND,content,2,19.581751156478084
#Quince_MND,trusty,2,19.581751156478084
#Quince_MND,did,7,19.29923070997739
#Quince_MND,know,5,18.704498906438577
#Quince_MND,rehearse,2,18.186967262927826
#Quince_MND,chink,2,18.186967262927826
#Quince_MND,answer,2,16.87269747931633
#Quince_MND,father,2,16.87269747931633
#Quince_MND,bush,2,16.87269747931633
#Quince_MND,present,2,16.87269747931633
#Quince_MND,tomb,2,16.87269747931633
#Quince_MND,wall,5,16.810076393678944
#Quince_MND,part,3,15.976002138883718
#Quince_MND,marry,2,15.706550140470267
#Quince_MND,robin,2,15.706550140470267
#Quince_MND,bless,2,15.706550140470267
#Quince_MND,lovers,3,15.300751887758095
#Quince_MND,vile,2,14.686313367358563
#Quince_MND,company,2,13.793929458431514
#Quince_MND,speak,4,13.79392945843151
#Quince_MND,there,5,13.785164792840991
#Quince_MND,come,7,13.494513871037107
#Quince_MND,before,2,13.009833862759532
#Quince_MND,into,2,13.009833862759532
#Quince_MND,lady,2,12.316678018001411
#Quince_MND,ay,2,12.316678018001411
#Quince_MND,duke,2,11.699973932404513
#Quince_MND,down,2,11.699973932404513
#Quince_MND,day,3,11.55381711709822
#Quince_MND,lion,3,11.222699343863145
#Quince_MND,pray,2,11.147859958490274
#Quince_MND,name,2,10.650668092589143
#Quince_MND,every,2,10.200501258505398
#Quince_MND,think,2,10.200501258505398
#Quince_MND,through,3,10.086045836207369
#Quince_MND,man's,1,9.790875578239042
#Quince_MND,thought,1,9.790875578239042
#Quince_MND,small,1,9.790875578239042
#Quince_MND,town,1,9.790875578239042
#Quince_MND,written,1,9.790875578239042
#Quince_MND,things,2,9.790875578239042
#Quince_MND,says,1,9.790875578239042
#Quince_MND,begin,1,9.790875578239042
#Quince_MND,goes,1,9.790875578239042
#Quince_MND,past,1,9.790875578239042
#Quince_MND,yea,1,9.790875578239042
#Quince_MND,delight,1,9.790875578239042
#Quince_MND,actors,1,9.790875578239042
#Quince_MND,whisper,1,9.790875578239042
#Quince_MND,coming,1,9.790875578239042
#Quince_MND,fall,1,9.790875578239042
#Quince_MND,discourse,1,9.790875578239042
#Quince_MND,remain,1,9.790875578239042
#Quince_MND,night,4,9.559120064023233
#Quince_MND,comes,2,9.416432966907651
#Quince_MND,may,3,9.38824251583913
#Quince_MND,myself,1,9.093483631463913
#Quince_MND,lion's,1,9.093483631463913
#Quince_MND,entreat,1,9.093483631463913
#Quince_MND,without,1,9.093483631463913
#Quince_MND,draw,1,9.093483631463913
#Quince_MND,strange,1,9.093483631463913
#Quince_MND,hour,1,9.093483631463913
#Quince_MND,certain,1,9.093483631463913
#Quince_MND,dog,1,9.093483631463913
#Quince_MND,woo,1,9.093483631463913
#Quince_MND,anon,1,9.093483631463913
#Quince_MND,athens,2,8.755985210422
#Quince_MND,should,3,8.609172312768472
#Quince_MND,himself,1,8.436348739658165
#Quince_MND,hang,1,8.436348739658165
#Quince_MND,hair,1,8.436348739658165
#Quince_MND,tomorrow,1,8.436348739658165
#Quince_MND,shine,1,8.436348739658165
#Quince_MND,fly,1,8.436348739658165
#Quince_MND,help,1,8.436348739658165
#Quince_MND,end,1,8.436348739658165
#Quince_MND,rather,1,8.436348739658165
#Quince_MND,while,1,8.436348739658165
#Quince_MND,why,2,7.938498205044169
#Quince_MND,prologue,1,7.853275070235133
#Quince_MND,another,1,7.853275070235133
#Quince_MND,happy,1,7.853275070235133
#Quince_MND,youth,1,7.853275070235133
#Quince_MND,one,3,7.815950372006536
#Quince_MND,would,3,7.815950372006536
#Quince_MND,such,2,7.481799562575429
#Quince_MND,o,4,7.431467178069062
#Quince_MND,set,1,7.343156683679282
#Quince_MND,lover,1,7.343156683679282
#Quince_MND,lovely,1,7.343156683679282
#Quince_MND,green,1,7.343156683679282
#Quince_MND,bring,1,7.343156683679282
#Quince_MND,great,1,7.343156683679282
#Quince_MND,house,1,7.343156683679282
#Quince_MND,truth,1,7.343156683679282
#Quince_MND,true,2,7.27478690517113
#Quince_MND,desire,1,6.896964729215757
#Quince_MND,thing,1,6.896964729215757
#Quince_MND,forth,1,6.896964729215757
#Quince_MND,once,1,6.896964729215757
#Quince_MND,voice,1,6.896964729215757
#Quince_MND,poor,1,6.896964729215757
#Quince_MND,scorn,1,6.896964729215757
#Quince_MND,first,1,6.896964729215757
#Quince_MND,sweet,3,6.835209119211453
#Quince_MND,ladies,1,6.504916931379766
#Quince_MND,else,1,6.504916931379766
#Quince_MND,stand,1,6.504916931379766
#Quince_MND,heard,1,6.504916931379766
#Quince_MND,best,1,6.504916931379766
#Quince_MND,hand,1,6.504916931379766
#Quince_MND,doth,2,6.258828343892752
#Quince_MND,these,2,6.258828343892752
#Quince_MND,call,1,6.158339009000706
#Quince_MND,enough,1,6.158339009000706
#Quince_MND,very,1,6.158339009000706
#Quince_MND,place,1,5.849986966202256
#Quince_MND,death,1,5.573929979245137
#Quince_MND,nothing,1,5.573929979245137
#Quince_MND,till,1,5.573929979245137
#Quince_MND,rest,1,5.573929979245137
#Quince_MND,or,3,5.573600383551796
#Quince_MND,again,1,5.3253340462945715
#Quince_MND,see,2,5.307560564700394
#Quince_MND,art,1,4.895437789119521
#Quince_MND,therefore,1,4.53635742885666
#Quince_MND,wood,1,4.53635742885666
#Quince_MND,two,1,4.377992605211
#Quince_MND,hear,1,4.231546023513787
#Quince_MND,away,1,3.851272372366073
#Quince_MND,take,1,3.7408997812877147
#Quince_MND,she,2,3.715733589034531
#Quince_MND,like,1,3.5401092648717256
#Quince_MND,can,1,3.0596486181997005
#Quince_MND,never,1,2.7570329585681987
#Quince_MND,love,2,2.56191711091498
#Philostrate_MND,words,2,31.034103461101225
#Philostrate_MND,brief,2,26.740664563482433
#Philostrate_MND,noble,2,26.740664563482433
#Philostrate_MND,lord,4,20.794908250324493
#Philostrate_MND,long,2,19.520065230799048
#Philostrate_MND,play,4,18.574688019984826
#Philostrate_MND,nothing,2,17.667666009901374
#Philostrate_MND,ripe,1,15.517051730550612
#Philostrate_MND,saw,1,15.517051730550612
#Philostrate_MND,merry,1,15.517051730550612
#Philostrate_MND,passion,1,15.517051730550612
#Philostrate_MND,work,1,15.517051730550612
#Philostrate_MND,minds,1,15.517051730550612
#Philostrate_MND,please,1,15.517051730550612
#Philostrate_MND,many,1,14.411791345194413
#Philostrate_MND,tedious,1,14.411791345194413
#Philostrate_MND,nuptial,1,14.411791345194413
#Philostrate_MND,theseus,1,13.370332281741216
#Philostrate_MND,choice,1,13.370332281741216
#Philostrate_MND,makes,1,13.370332281741216
#Philostrate_MND,himself,1,13.370332281741216
#Philostrate_MND,against,1,13.370332281741216
#Philostrate_MND,over,1,13.370332281741216
#Philostrate_MND,world,1,13.370332281741216
#Philostrate_MND,there,3,13.108436329030608
#Philostrate_MND,prologue,1,12.446249014738207
#Philostrate_MND,tears,1,11.637788797912958
#Philostrate_MND,first,1,10.93064227318802
#Philostrate_MND,word,1,10.93064227318802
#Philostrate_MND,kill,1,10.93064227318802
#Philostrate_MND,same,1,10.93064227318802
#Philostrate_MND,heard,1,10.309306018707332
#Philostrate_MND,find,1,9.760032615399524
#Philostrate_MND,sport,1,9.760032615399524
#Philostrate_MND,grace,1,9.760032615399524
#Philostrate_MND,men,1,9.271341429295711
#Philostrate_MND,till,1,8.833833004950687
#Philostrate_MND,never,2,8.73895755268707
#Philostrate_MND,made,1,8.439846183162047
#Philostrate_MND,one,2,8.258063355463788
#Philostrate_MND,athens,1,6.938453786708773
#Philostrate_MND,mine,1,6.10368216334673
#Philostrate_MND,now,2,5.750731870471722
#Philostrate_MND,doth,1,4.959646479456524
#Philostrate_MND,can,1,4.849078665797066
#Philostrate_MND,see,1,4.205838956248846
#Philostrate_MND,eyes,1,4.129031677731894
#Philostrate_MND,pyramus,1,3.9162619024360925
#Philostrate_MND,must,1,3.850649220263573
#Philostrate_MND,more,1,3.503040338260907
#Oberon_MND,titania,8,45.011590816302956
#Oberon_MND,juice,5,37.09169362759165
#Oberon_MND,flower,5,32.03296829726315
#Oberon_MND,herb,4,31.949045889287962
#Oberon_MND,next,5,29.952230521207465
#Oberon_MND,grove,4,29.673354902073328
#Oberon_MND,wake,4,29.673354902073328
#Oberon_MND,take,9,27.465970750538386
#Oberon_MND,cupid's,3,23.961784416965976
#Oberon_MND,blessèd,3,23.961784416965976
#Oberon_MND,wont,3,23.961784416965976
#Oberon_MND,queen,5,23.861694051440992
#Oberon_MND,ere,5,22.73567660873723
#Oberon_MND,boy,4,22.505795408151478
#Oberon_MND,sight,4,21.226486628894257
#Oberon_MND,sometime,4,21.226486628894257
#Oberon_MND,fairy,6,20.712221855063888
#Oberon_MND,beg,3,20.6467713894072
#Oberon_MND,seek,3,20.6467713894072
#Oberon_MND,lead,3,19.219780978357893
#Oberon_MND,break,3,19.219780978357893
#Oberon_MND,shalt,3,19.219780978357893
#Oberon_MND,off,3,19.219780978357893
#Oberon_MND,robin,3,19.219780978357893
#Oberon_MND,each,3,19.219780978357893
#Oberon_MND,till,4,18.188541286989782
#Oberon_MND,within,3,17.971338312724477
#Oberon_MND,house,3,17.971338312724477
#Oberon_MND,athenian,4,17.377336731660684
#Oberon_MND,eye,5,17.260184879219903
#Oberon_MND,once,3,16.87934655611361
#Oberon_MND,music,3,16.87934655611361
#Oberon_MND,thing,3,16.87934655611361
#Oberon_MND,she,11,16.671843621104788
#Oberon_MND,lies,2,15.974522944643981
#Oberon_MND,cupid,2,15.974522944643981
#Oberon_MND,fiery,2,15.974522944643981
#Oberon_MND,hast,4,15.974522944643981
#Oberon_MND,welcome,2,15.974522944643981
#Oberon_MND,quite,2,15.974522944643981
#Oberon_MND,turned,2,15.974522944643981
#Oberon_MND,swifter,2,15.974522944643981
#Oberon_MND,fresh,2,15.974522944643981
#Oberon_MND,back,3,15.919864971670695
#Oberon_MND,stand,3,15.919864971670695
#Oberon_MND,bear,3,15.071664482004103
#Oberon_MND,eyes,7,14.877670930766628
#Oberon_MND,puck,2,14.836677451036664
#Oberon_MND,certain,2,14.836677451036664
#Oberon_MND,fetch,2,14.836677451036664
#Oberon_MND,dote,2,14.836677451036664
#Oberon_MND,charm,2,14.836677451036664
#Oberon_MND,flowers,2,14.836677451036664
#Oberon_MND,appear,2,14.836677451036664
#Oberon_MND,wak'st,2,14.836677451036664
#Oberon_MND,dance,2,14.836677451036664
#Oberon_MND,like,5,14.439861947569382
#Oberon_MND,i'll,5,14.066122130094673
#Oberon_MND,theseus,2,13.764514259604798
#Oberon_MND,fell,2,13.764514259604798
#Oberon_MND,silence,2,13.764514259604798
#Oberon_MND,through,5,13.713428840260066
#Oberon_MND,or,9,13.640599326358462
#Oberon_MND,love,13,13.584848552771753
#Oberon_MND,there,6,13.494897132696078
#Oberon_MND,now,9,13.320616542965784
#Oberon_MND,ever,3,13.033002548745515
#Oberon_MND,might,2,12.81318731890526
#Oberon_MND,another,2,12.81318731890526
#Oberon_MND,about,2,12.81318731890526
#Oberon_MND,bless,2,12.81318731890526
#Oberon_MND,these,5,12.764664940733176
#Oberon_MND,may,5,12.764664940733176
#Oberon_MND,lovers,3,12.482142692352415
#Oberon_MND,way,2,11.980892208482985
#Oberon_MND,whose,2,11.980892208482985
#Oberon_MND,first,2,11.252897704075739
#Oberon_MND,same,2,11.252897704075739
#Oberon_MND,other,2,11.252897704075739
#Oberon_MND,o'er,2,11.252897704075739
#Oberon_MND,light,2,11.252897704075739
#Oberon_MND,sweet,6,11.152138951593294
#Oberon_MND,wood,3,11.102093768830802
#Oberon_MND,athens,3,10.714518241687738
#Oberon_MND,into,2,10.613243314447129
#Oberon_MND,little,2,10.04777632133607
#Oberon_MND,call,2,10.04777632133607
#Oberon_MND,lady,2,10.04777632133607
#Oberon_MND,head,2,10.04777632133607
#Oberon_MND,fair,4,9.561151986773789
#Oberon_MND,day,3,9.425444903289309
#Oberon_MND,know,3,9.155323583512796
#Oberon_MND,such,3,9.155323583512796
#Oberon_MND,did,4,8.99659808846405
#Oberon_MND,true,3,8.902006470621997
#Oberon_MND,again,2,8.688668365830342
#Oberon_MND,dream,2,8.688668365830342
#Oberon_MND,dead,2,8.688668365830342
#Oberon_MND,see,4,8.659669642757661
#Oberon_MND,look,3,8.439673278056803
#Oberon_MND,stay,2,8.321428461568276
#Oberon_MND,dear,2,8.321428461568276
#Oberon_MND,every,2,8.321428461568276
#Oberon_MND,moon,3,8.027992641859635
#Oberon_MND,gentle,2,7.987261472321991
#Oberon_MND,sat,1,7.987261472321991
#Oberon_MND,song,1,7.987261472321991
#Oberon_MND,saw,1,7.987261472321991
#Oberon_MND,bow,1,7.987261472321991
#Oberon_MND,maiden,1,7.987261472321991
#Oberon_MND,sees,1,7.987261472321991
#Oberon_MND,looks,1,7.987261472321991
#Oberon_MND,pursue,1,7.987261472321991
#Oberon_MND,wild,1,7.987261472321991
#Oberon_MND,delight,1,7.987261472321991
#Oberon_MND,fond,1,7.987261472321991
#Oberon_MND,better,1,7.987261472321991
#Oberon_MND,bid,1,7.987261472321991
#Oberon_MND,done,1,7.987261472321991
#Oberon_MND,perforce,1,7.987261472321991
#Oberon_MND,false,1,7.987261472321991
#Oberon_MND,remedy,1,7.987261472321991
#Oberon_MND,black,1,7.987261472321991
#Oberon_MND,stir,1,7.987261472321991
#Oberon_MND,bitter,1,7.987261472321991
#Oberon_MND,wrong,1,7.987261472321991
#Oberon_MND,sleep,2,7.987261472321991
#Oberon_MND,wings,1,7.987261472321991
#Oberon_MND,derision,1,7.987261472321991
#Oberon_MND,spirits,1,7.987261472321991
#Oberon_MND,yellow,1,7.987261472321991
#Oberon_MND,begin,1,7.987261472321991
#Oberon_MND,fall,1,7.987261472321991
#Oberon_MND,dew,1,7.987261472321991
#Oberon_MND,buds,1,7.987261472321991
#Oberon_MND,round,1,7.987261472321991
#Oberon_MND,force,1,7.987261472321991
#Oberon_MND,sense,1,7.987261472321991
#Oberon_MND,sad,1,7.987261472321991
#Oberon_MND,wand'ring,1,7.987261472321991
#Oberon_MND,brier,1,7.987261472321991
#Oberon_MND,chamber,1,7.987261472321991
#Oberon_MND,comes,2,7.681796346227438
#Oberon_MND,meet,2,7.681796346227438
#Oberon_MND,can,3,7.488057630301866
#Oberon_MND,met,1,7.418338725518332
#Oberon_MND,whom,1,7.418338725518332
#Oberon_MND,hearts,1,7.418338725518332
#Oberon_MND,woman,1,7.418338725518332
#Oberon_MND,live,1,7.418338725518332
#Oberon_MND,prove,1,7.418338725518332
#Oberon_MND,dost,1,7.418338725518332
#Oberon_MND,wind,1,7.418338725518332
#Oberon_MND,anon,1,7.418338725518332
#Oberon_MND,sort,1,7.418338725518332
#Oberon_MND,even,1,7.418338725518332
#Oberon_MND,patience,1,7.418338725518332
#Oberon_MND,strike,1,7.418338725518332
#Oberon_MND,mark,1,7.418338725518332
#Oberon_MND,had,2,7.143012161125158
#Oberon_MND,moonlight,1,6.882257129802399
#Oberon_MND,hippolyta,1,6.882257129802399
#Oberon_MND,faith,1,6.882257129802399
#Oberon_MND,go,3,6.882257129802399
#Oberon_MND,hither,1,6.882257129802399
#Oberon_MND,breath,1,6.882257129802399
#Oberon_MND,between,1,6.882257129802399
#Oberon_MND,earth,1,6.882257129802399
#Oberon_MND,love's,1,6.882257129802399
#Oberon_MND,asleep,1,6.882257129802399
#Oberon_MND,fly,1,6.882257129802399
#Oberon_MND,sake,1,6.882257129802399
#Oberon_MND,hair,1,6.882257129802399
#Oberon_MND,spirit,1,6.882257129802399
#Oberon_MND,against,1,6.882257129802399
#Oberon_MND,shine,1,6.882257129802399
#Oberon_MND,seem,1,6.882257129802399
#Oberon_MND,end,1,6.882257129802399
#Oberon_MND,new,1,6.882257129802399
#Oberon_MND,tomorrow,1,6.882257129802399
#Oberon_MND,fire,1,6.882257129802399
#Oberon_MND,demetrius,3,6.747448566348039
#Oberon_MND,since,1,6.40659365945263
#Oberon_MND,young,1,6.40659365945263
#Oberon_MND,soul,1,6.40659365945263
#Oberon_MND,full,1,6.40659365945263
#Oberon_MND,youth,1,6.40659365945263
#Oberon_MND,wonder,1,6.40659365945263
#Oberon_MND,pale,1,6.40659365945263
#Oberon_MND,awake,1,6.40659365945263
#Oberon_MND,still,1,6.40659365945263
#Oberon_MND,sound,1,6.40659365945263
#Oberon_MND,hands,1,6.40659365945263
#Oberon_MND,ground,1,6.40659365945263
#Oberon_MND,oberon,1,5.990446104241492
#Oberon_MND,sleeping,1,5.990446104241492
#Oberon_MND,vile,1,5.990446104241492
#Oberon_MND,blood,1,5.990446104241492
#Oberon_MND,bring,1,5.990446104241492
#Oberon_MND,pity,1,5.990446104241492
#Oberon_MND,tears,1,5.990446104241492
#Oberon_MND,three,1,5.990446104241492
#Oberon_MND,up,2,5.934670980414666
#Oberon_MND,night,3,5.848648886395499
#Oberon_MND,out,2,5.6264488520378695
#Oberon_MND,own,1,5.6264488520378695
#Oberon_MND,power,1,5.6264488520378695
#Oberon_MND,more,3,5.409474611989637
#Oberon_MND,heard,1,5.306621657223564
#Oberon_MND,time,1,5.306621657223564
#Oberon_MND,before,1,5.306621657223564
#Oberon_MND,came,1,5.306621657223564
#Oberon_MND,else,1,5.306621657223564
#Oberon_MND,child,1,5.306621657223564
#Oberon_MND,sing,1,5.306621657223564
#Oberon_MND,best,1,5.306621657223564
#Oberon_MND,hand,1,5.306621657223564
#Oberon_MND,doth,2,5.10586597629327
#Oberon_MND,long,1,5.023888160668035
#Oberon_MND,very,1,5.023888160668035
#Oberon_MND,who,1,5.023888160668035
#Oberon_MND,enough,1,5.023888160668035
#Oberon_MND,near,1,5.023888160668035
#Oberon_MND,find,1,5.023888160668035
#Oberon_MND,sport,1,5.023888160668035
#Oberon_MND,place,1,4.772338810288198
#Oberon_MND,tongue,1,4.772338810288198
#Oberon_MND,duke,1,4.772338810288198
#Oberon_MND,come,3,4.717987967552502
#Oberon_MND,should,2,4.682162813929147
#Oberon_MND,pray,1,4.5471353217474455
#Oberon_MND,could,1,4.5471353217474455
#Oberon_MND,death,1,4.5471353217474455
#Oberon_MND,rest,1,4.5471353217474455
#Oberon_MND,never,2,4.498299044232025
#Oberon_MND,made,1,4.344334182915171
#Oberon_MND,leave,1,4.160714230784138
#Oberon_MND,think,1,4.160714230784138
#Oberon_MND,things,1,3.9936307361609953
#Oberon_MND,must,2,3.9641734389380154
#Oberon_MND,man,2,3.8990992575969994
#Oberon_MND,therefore,1,3.7006979229435997
#Oberon_MND,hear,1,3.4520369758439813
#Oberon_MND,why,1,3.238058759636017
#Oberon_MND,helena,1,3.1418149677631027
#Oberon_MND,away,1,3.1418149677631027
#Oberon_MND,lion,1,3.0517745278375985
#Oberon_MND,lord,1,2.6759975472865456
#Oberon_MND,lysander,1,2.2491495221160127
#Oberon_MND,one,1,2.12538156153809
#Oberon_MND,good,1,2.12538156153809
#Lysander_MND,helena,13,43.350859443408005
#Lysander_MND,hermia,12,29.218952401102165
#Lysander_MND,helen,4,25.432725961842348
#Lysander_MND,bosoms,3,25.432725961842348
#Lysander_MND,reason,4,25.432725961842348
#Lysander_MND,hated,3,25.432725961842348
#Lysander_MND,troth,3,23.62118437614918
#Lysander_MND,prove,3,23.62118437614918
#Lysander_MND,love,20,22.18274055205402
#Lysander_MND,love's,3,21.914214300826625
#Lysander_MND,demetrius,9,21.484962139303523
#Lysander_MND,way,3,19.07454447138176
#Lysander_MND,life,4,18.444078928030983
#Lysander_MND,scorn,3,17.915518640283345
#Lysander_MND,hate,3,17.915518640283345
#Lysander_MND,heart,5,17.731524658882197
#Lysander_MND,why,5,17.184167015511736
#Lysander_MND,things,4,16.955150641228233
#Lysander_MND,steal,2,16.955150641228233
#Lysander_MND,yours,2,16.955150641228233
#Lysander_MND,says,2,16.955150641228233
#Lysander_MND,ripe,2,16.955150641228233
#Lysander_MND,half,2,16.955150641228233
#Lysander_MND,did,7,16.710526108347185
#Lysander_MND,without,2,15.747456250766124
#Lysander_MND,whom,2,15.747456250766124
#Lysander_MND,bed,3,15.19589481072037
#Lysander_MND,speak,5,14.929598866902785
#Lysander_MND,choice,2,14.609476200551082
#Lysander_MND,law,2,14.609476200551082
#Lysander_MND,tomorrow,2,14.609476200551082
#Lysander_MND,end,2,14.609476200551082
#Lysander_MND,swear,2,14.609476200551082
#Lysander_MND,truly,2,14.609476200551082
#Lysander_MND,could,3,14.478810659969161
#Lysander_MND,rest,3,14.478810659969161
#Lysander_MND,made,3,13.833059196023235
#Lysander_MND,father's,2,13.599750173394348
#Lysander_MND,hermia's,2,13.599750173394348
#Lysander_MND,marry,2,13.599750173394348
#Lysander_MND,right,2,13.599750173394348
#Lysander_MND,soul,2,13.599750173394348
#Lysander_MND,still,2,13.599750173394348
#Lysander_MND,those,2,13.599750173394348
#Lysander_MND,might,2,13.599750173394348
#Lysander_MND,harm,2,13.599750173394348
#Lysander_MND,more,7,13.39694046530824
#Lysander_MND,stay,3,13.248383717468066
#Lysander_MND,think,3,13.248383717468066
#Lysander_MND,she,8,12.86929289241019
#Lysander_MND,or,8,12.86929289241019
#Lysander_MND,house,2,12.716362980921174
#Lysander_MND,gentle,3,12.716362980921174
#Lysander_MND,sleep,3,12.716362980921174
#Lysander_MND,vile,2,12.716362980921174
#Lysander_MND,gone,3,12.716362980921174
#Lysander_MND,should,5,12.423966604827932
#Lysander_MND,run,2,11.943679093522231
#Lysander_MND,once,2,11.943679093522231
#Lysander_MND,keep,2,11.943679093522231
#Lysander_MND,word,2,11.943679093522231
#Lysander_MND,loves,2,11.943679093522231
#Lysander_MND,light,2,11.943679093522231
#Lysander_MND,out,4,11.943679093522228
#Lysander_MND,there,5,11.936090077390846
#Lysander_MND,two,3,11.372250142650639
#Lysander_MND,lord,4,11.361075804774046
#Lysander_MND,one,5,11.279261568825001
#Lysander_MND,else,2,11.26475825362871
#Lysander_MND,came,2,11.26475825362871
#Lysander_MND,now,7,10.996478067807256
#Lysander_MND,hear,3,10.991841286405766
#Lysander_MND,ay,2,10.664578950367892
#Lysander_MND,who,2,10.664578950367892
#Lysander_MND,most,3,10.63891479532932
#Lysander_MND,fair,4,10.148082218241235
#Lysander_MND,both,2,10.130596540480246
#Lysander_MND,know,3,9.717341235513715
#Lysander_MND,death,2,9.652540439979441
#Lysander_MND,cannot,2,9.652540439979441
#Lysander_MND,till,2,9.652540439979441
#Lysander_MND,nothing,2,9.652540439979441
#Lysander_MND,never,4,9.548872061912679
#Lysander_MND,true,3,9.448473750459673
#Lysander_MND,ever,2,9.222039464015491
#Lysander_MND,athenian,2,9.222039464015491
#Lysander_MND,dead,2,9.222039464015491
#Lysander_MND,i'll,3,8.957759320141673
#Lysander_MND,leave,2,8.832255811645375
#Lysander_MND,through,3,8.733152881000358
#Lysander_MND,respect,1,8.477575320614116
#Lysander_MND,bright,1,8.477575320614116
#Lysander_MND,pursue,1,8.477575320614116
#Lysander_MND,town,1,8.477575320614116
#Lysander_MND,promise,1,8.477575320614116
#Lysander_MND,minds,1,8.477575320614116
#Lysander_MND,wand'ring,1,8.477575320614116
#Lysander_MND,we'll,1,8.477575320614116
#Lysander_MND,sense,1,8.477575320614116
#Lysander_MND,mean,1,8.477575320614116
#Lysander_MND,single,1,8.477575320614116
#Lysander_MND,side,1,8.477575320614116
#Lysander_MND,art,2,8.477575320614116
#Lysander_MND,content,1,8.477575320614116
#Lysander_MND,change,1,8.477575320614116
#Lysander_MND,dove,1,8.477575320614116
#Lysander_MND,written,1,8.477575320614116
#Lysander_MND,sees,1,8.477575320614116
#Lysander_MND,knight,1,8.477575320614116
#Lysander_MND,derision,1,8.477575320614116
#Lysander_MND,yield,1,8.477575320614116
#Lysander_MND,fiery,1,8.477575320614116
#Lysander_MND,weak,1,8.477575320614116
#Lysander_MND,lose,1,8.477575320614116
#Lysander_MND,false,1,8.477575320614116
#Lysander_MND,serpent,1,8.477575320614116
#Lysander_MND,doubt,1,8.477575320614116
#Lysander_MND,jest,1,8.477575320614116
#Lysander_MND,goes,1,8.477575320614116
#Lysander_MND,followed,1,8.477575320614116
#Lysander_MND,bid,1,8.477575320614116
#Lysander_MND,temple,1,8.477575320614116
#Lysander_MND,valor,1,8.477575320614116
#Lysander_MND,come,5,8.346018322483065
#Lysander_MND,man,4,8.276906359801364
#Lysander_MND,night,4,8.276906359801364
#Lysander_MND,follow,2,8.153358613390854
#Lysander_MND,doth,3,8.128949491821926
#Lysander_MND,can,3,7.947726863075734
#Lysander_MND,sweet,4,7.891156710444829
#Lysander_MND,only,1,7.873728125383062
#Lysander_MND,adieu,1,7.873728125383062
#Lysander_MND,dote,1,7.873728125383062
#Lysander_MND,oath,1,7.873728125383062
#Lysander_MND,tedious,1,7.873728125383062
#Lysander_MND,woo,1,7.873728125383062
#Lysander_MND,vows,1,7.873728125383062
#Lysander_MND,entreat,1,7.873728125383062
#Lysander_MND,strike,1,7.873728125383062
#Lysander_MND,certain,1,7.873728125383062
#Lysander_MND,'tis,1,7.873728125383062
#Lysander_MND,spite,1,7.873728125383062
#Lysander_MND,therefore,2,7.855745173564252
#Lysander_MND,wood,2,7.855745173564252
#Lysander_MND,athens,2,7.581500095100427
#Lysander_MND,brief,1,7.304738100275541
#Lysander_MND,heaven,1,7.304738100275541
#Lysander_MND,earth,1,7.304738100275541
#Lysander_MND,fire,1,7.304738100275541
#Lysander_MND,sake,1,7.304738100275541
#Lysander_MND,makes,1,7.304738100275541
#Lysander_MND,sword,1,7.304738100275541
#Lysander_MND,maid,1,7.304738100275541
#Lysander_MND,seem,1,7.304738100275541
#Lysander_MND,faith,1,7.304738100275541
#Lysander_MND,hang,1,7.304738100275541
#Lysander_MND,thine,1,7.304738100275541
#Lysander_MND,fly,1,7.304738100275541
#Lysander_MND,hither,1,7.304738100275541
#Lysander_MND,pale,1,6.799875086697174
#Lysander_MND,either,1,6.799875086697174
#Lysander_MND,sound,1,6.799875086697174
#Lysander_MND,lie,1,6.799875086697174
#Lysander_MND,young,1,6.799875086697174
#Lysander_MND,off,1,6.799875086697174
#Lysander_MND,prologue,1,6.799875086697174
#Lysander_MND,good,3,6.767556941295
#Lysander_MND,eyes,3,6.767556941295
#Lysander_MND,day,2,6.669362991293539
#Lysander_MND,lion,2,6.4782274903424755
#Lysander_MND,blood,1,6.358181490460587
#Lysander_MND,any,1,6.358181490460587
#Lysander_MND,great,1,6.358181490460587
#Lysander_MND,tears,1,6.358181490460587
#Lysander_MND,truth,1,6.358181490460587
#Lysander_MND,get,1,6.358181490460587
#Lysander_MND,whose,1,6.358181490460587
#Lysander_MND,up,2,6.298982500306449
#Lysander_MND,like,2,6.130512577007278
#Lysander_MND,friends,1,5.971839546761116
#Lysander_MND,power,1,5.971839546761116
#Lysander_MND,forth,1,5.971839546761116
#Lysander_MND,being,1,5.971839546761116
#Lysander_MND,thing,1,5.971839546761116
#Lysander_MND,kill,1,5.971839546761116
#Lysander_MND,desire,1,5.971839546761116
#Lysander_MND,show,1,5.971839546761116
#Lysander_MND,look,2,5.971839546761114
#Lysander_MND,child,1,5.632379126814355
#Lysander_MND,time,1,5.632379126814355
#Lysander_MND,hence,1,5.632379126814355
#Lysander_MND,before,1,5.632379126814355
#Lysander_MND,these,2,5.419299661214617
#Lysander_MND,may,2,5.419299661214617
#Lysander_MND,head,1,5.332289475183946
#Lysander_MND,lady,1,5.332289475183946
#Lysander_MND,near,1,5.332289475183946
#Lysander_MND,bear,1,5.332289475183946
#Lysander_MND,much,1,5.332289475183946
#Lysander_MND,find,1,5.332289475183946
#Lysander_MND,enough,1,5.332289475183946
#Lysander_MND,very,1,5.332289475183946
#Lysander_MND,place,1,5.065298270240123
#Lysander_MND,men,1,5.065298270240123
#Lysander_MND,ere,1,4.826270219989721
#Lysander_MND,o,3,4.825984834653821
#Lysander_MND,dream,1,4.611019732007746
#Lysander_MND,name,1,4.611019732007746
#Lysander_MND,part,1,4.611019732007746
#Lysander_MND,see,2,4.59563029847648
#Lysander_MND,would,2,4.51170462753
#Lysander_MND,every,1,4.416127905822687
#Lysander_MND,meet,1,4.076679306695427
#Lysander_MND,comes,1,4.076679306695427
#Lysander_MND,had,1,3.7907500475502136
#Lysander_MND,away,1,3.3346814956467696
#Lysander_MND,mine,1,3.3346814956467696
#Lysander_MND,take,1,3.2391137451712377
#Lysander_MND,moon,1,2.8402689511935115
#Lysander_MND,go,1,2.4349127000918473
#Lysander_MND,lysander,1,2.3872180154781697
#Hippolyta_MND,four,2,28.871659173300856
#Hippolyta_MND,strange,2,26.81516663219988
#Hippolyta_MND,moon,4,19.345927111958098
#Hippolyta_MND,heard,2,19.181915150760112
#Hippolyta_MND,such,3,16.5469343303983
#Hippolyta_MND,bow,1,14.435829586650428
#Hippolyta_MND,cry,1,14.435829586650428
#Hippolyta_MND,minds,1,14.435829586650428
#Hippolyta_MND,something,1,14.435829586650428
#Hippolyta_MND,says,1,14.435829586650428
#Hippolyta_MND,indeed,1,14.435829586650428
#Hippolyta_MND,played,1,14.435829586650428
#Hippolyta_MND,change,1,14.435829586650428
#Hippolyta_MND,themselves,1,13.40758331609994
#Hippolyta_MND,hounds,1,13.40758331609994
#Hippolyta_MND,'tis,1,13.40758331609994
#Hippolyta_MND,duty,1,13.40758331609994
#Hippolyta_MND,kind,1,13.40758331609994
#Hippolyta_MND,imagination,1,13.40758331609994
#Hippolyta_MND,use,1,13.40758331609994
#Hippolyta_MND,heaven,1,12.438692716097448
#Hippolyta_MND,theseus,1,12.438692716097448
#Hippolyta_MND,told,1,12.438692716097448
#Hippolyta_MND,over,1,12.438692716097448
#Hippolyta_MND,together,1,12.438692716097448
#Hippolyta_MND,truly,1,12.438692716097448
#Hippolyta_MND,brief,1,12.438692716097448
#Hippolyta_MND,prologue,1,11.57899921259082
#Hippolyta_MND,sound,1,11.57899921259082
#Hippolyta_MND,great,1,10.82687218998782
#Hippolyta_MND,pity,1,10.82687218998782
#Hippolyta_MND,moonshine,1,10.82687218998782
#Hippolyta_MND,lover,1,10.82687218998782
#Hippolyta_MND,night,3,10.570594055137825
#Hippolyta_MND,like,2,10.439191808216615
#Hippolyta_MND,once,1,10.168999360729742
#Hippolyta_MND,methinks,1,10.168999360729742
#Hippolyta_MND,time,1,9.590957575380056
#Hippolyta_MND,child,1,9.590957575380056
#Hippolyta_MND,before,1,9.590957575380056
#Hippolyta_MND,back,1,9.590957575380056
#Hippolyta_MND,bear,1,9.079957329694233
#Hippolyta_MND,near,1,9.079957329694233
#Hippolyta_MND,grace,1,9.079957329694233
#Hippolyta_MND,long,1,9.079957329694233
#Hippolyta_MND,nothing,1,8.218294948731932
#Hippolyta_MND,never,2,8.130030381169952
#Hippolyta_MND,dream,1,7.851760975816898
#Hippolyta_MND,ever,1,7.851760975816898
#Hippolyta_MND,one,2,7.682644705020114
#Hippolyta_MND,would,2,7.682644705020114
#Hippolyta_MND,every,1,7.519894246918904
#Hippolyta_MND,lovers,1,7.519894246918904
#Hippolyta_MND,gone,1,7.217914793325214
#Hippolyta_MND,comes,1,6.941872590359516
#Hippolyta_MND,wood,1,6.688480745548251
#Hippolyta_MND,hear,1,6.23906174635507
#Hippolyta_MND,heart,1,6.038737695781885
#Hippolyta_MND,away,1,5.678379958460358
#Hippolyta_MND,she,2,5.478539324911219
#Hippolyta_MND,speak,1,5.084499680364871
#Hippolyta_MND,thisbe,1,4.836481777989524
#Hippolyta_MND,these,1,4.614060237132725
#Hippolyta_MND,can,1,4.51119674582826
#Hippolyta_MND,should,1,4.231168887675298
#Hippolyta_MND,did,1,4.065015190584976
#Hippolyta_MND,see,1,3.9127777296615114
#Hippolyta_MND,good,1,3.841322352510057
#Hippolyta_MND,pyramus,1,3.6433782926012546
#Hippolyta_MND,must,1,3.582337476664506
#Hippolyta_MND,man,1,3.523531351712608
#Hippolyta_MND,sweet,1,3.359315287843485
#Hippolyta_MND,more,1,3.2589498466860056
#Hippolyta_MND,love,1,1.8886665718891806
#Hermia_MND,lysander,22,54.29899118773055
#Hermia_MND,low,6,45.3140518107635
#Hermia_MND,further,4,32.56247468603202
#Hermia_MND,lie,4,28.12146379107854
#Hermia_MND,hast,6,26.29480222524798
#Hermia_MND,serpent,3,26.29480222524798
#Hermia_MND,why,6,21.319976808924586
#Hermia_MND,loves,3,18.522789107065453
#Hermia_MND,hate,3,18.522789107065453
#Hermia_MND,scorn,3,18.522789107065453
#Hermia_MND,looked,2,17.52986815016532
#Hermia_MND,presence,2,17.52986815016532
#Hermia_MND,high,2,17.52986815016532
#Hermia_MND,friend,2,17.52986815016532
#Hermia_MND,perceive,2,17.52986815016532
#Hermia_MND,double,2,17.52986815016532
#Hermia_MND,seems,2,17.52986815016532
#Hermia_MND,mean,2,17.52986815016532
#Hermia_MND,may,6,16.808982215054986
#Hermia_MND,modesty,2,16.28123734301601
#Hermia_MND,hell,2,16.28123734301601
#Hermia_MND,patience,2,16.28123734301601
#Hermia_MND,myself,2,16.28123734301601
#Hermia_MND,father,2,15.104683936921164
#Hermia_MND,sake,2,15.104683936921164
#Hermia_MND,help,2,15.104683936921164
#Hermia_MND,thine,2,15.104683936921164
#Hermia_MND,left,2,15.104683936921164
#Hermia_MND,could,3,14.96958931307268
#Hermia_MND,till,3,14.96958931307268
#Hermia_MND,o,9,14.96870413651197
#Hermia_MND,ever,3,14.301949239547017
#Hermia_MND,because,2,14.06073189553927
#Hermia_MND,off,2,14.06073189553927
#Hermia_MND,sound,2,14.06073189553927
#Hermia_MND,since,2,14.06073189553927
#Hermia_MND,eyes,6,13.993904671205398
#Hermia_MND,more,7,13.85104768113435
#Hermia_MND,away,4,13.790859940657977
#Hermia_MND,sleeping,2,13.14740111262399
#Hermia_MND,tell,3,13.14740111262399
#Hermia_MND,ear,2,13.14740111262399
#Hermia_MND,true,4,13.024989874412805
#Hermia_MND,fear,3,12.64459141337975
#Hermia_MND,keep,2,12.348526071376966
#Hermia_MND,word,2,12.348526071376966
#Hermia_MND,out,4,12.348526071376966
#Hermia_MND,nay,2,12.348526071376966
#Hermia_MND,speak,4,12.348526071376966
#Hermia_MND,being,2,12.348526071376966
#Hermia_MND,never,5,12.340679815393308
#Hermia_MND,sweet,6,12.237957032657434
#Hermia_MND,see,5,11.878513335544413
#Hermia_MND,good,5,11.661587226004498
#Hermia_MND,best,2,11.64659230154107
#Hermia_MND,love,10,11.467327106527653
#Hermia_MND,eye,3,11.364424448680598
#Hermia_MND,grace,2,11.026069118040878
#Hermia_MND,head,2,11.026069118040878
#Hermia_MND,find,2,11.026069118040878
#Hermia_MND,much,2,11.026069118040878
#Hermia_MND,ay,2,11.026069118040878
#Hermia_MND,little,2,11.026069118040878
#Hermia_MND,can,4,10.956167593853326
#Hermia_MND,night,5,10.69682896430404
#Hermia_MND,men,2,10.473986660154804
#Hermia_MND,place,2,10.473986660154804
#Hermia_MND,mine,3,10.343144955493484
#Hermia_MND,know,3,10.046723513886768
#Hermia_MND,pray,2,9.979726208715118
#Hermia_MND,rest,2,9.979726208715118
#Hermia_MND,cannot,2,9.979726208715118
#Hermia_MND,made,2,9.53463282636468
#Hermia_MND,dead,2,9.53463282636468
#Hermia_MND,again,2,9.53463282636468
#Hermia_MND,yield,1,8.76493407508266
#Hermia_MND,been,1,8.76493407508266
#Hermia_MND,cupid's,1,8.76493407508266
#Hermia_MND,bow,1,8.76493407508266
#Hermia_MND,false,1,8.76493407508266
#Hermia_MND,turned,1,8.76493407508266
#Hermia_MND,wont,1,8.76493407508266
#Hermia_MND,bosoms,1,8.76493407508266
#Hermia_MND,courtesy,1,8.76493407508266
#Hermia_MND,said,1,8.76493407508266
#Hermia_MND,half,1,8.76493407508266
#Hermia_MND,sat,1,8.76493407508266
#Hermia_MND,gone,2,8.76493407508266
#Hermia_MND,alack,1,8.76493407508266
#Hermia_MND,stolen,1,8.76493407508266
#Hermia_MND,past,1,8.76493407508266
#Hermia_MND,hated,1,8.76493407508266
#Hermia_MND,sense,1,8.76493407508266
#Hermia_MND,found,1,8.76493407508266
#Hermia_MND,side,1,8.76493407508266
#Hermia_MND,words,1,8.76493407508266
#Hermia_MND,change,1,8.76493407508266
#Hermia_MND,jest,1,8.76493407508266
#Hermia_MND,loved,1,8.76493407508266
#Hermia_MND,stol'n,1,8.76493407508266
#Hermia_MND,goes,1,8.76493407508266
#Hermia_MND,'t,1,8.76493407508266
#Hermia_MND,dew,1,8.76493407508266
#Hermia_MND,yea,1,8.76493407508266
#Hermia_MND,meet,2,8.429727608919833
#Hermia_MND,entreat,1,8.140618671508005
#Hermia_MND,grow,1,8.140618671508005
#Hermia_MND,live,1,8.140618671508005
#Hermia_MND,spite,1,8.140618671508005
#Hermia_MND,vows,1,8.140618671508005
#Hermia_MND,often,1,8.140618671508005
#Hermia_MND,far,1,8.140618671508005
#Hermia_MND,use,1,8.140618671508005
#Hermia_MND,believe,1,8.140618671508005
#Hermia_MND,th',1,8.140618671508005
#Hermia_MND,dog,1,8.140618671508005
#Hermia_MND,even,1,8.140618671508005
#Hermia_MND,wherefore,1,8.140618671508005
#Hermia_MND,athens,2,7.838485181276385
#Hermia_MND,old,1,7.552341968460582
#Hermia_MND,swear,1,7.552341968460582
#Hermia_MND,fire,1,7.552341968460582
#Hermia_MND,seen,1,7.552341968460582
#Hermia_MND,tomorrow,1,7.552341968460582
#Hermia_MND,truly,1,7.552341968460582
#Hermia_MND,fly,1,7.552341968460582
#Hermia_MND,heaven,1,7.552341968460582
#Hermia_MND,turn,1,7.552341968460582
#Hermia_MND,seek,1,7.552341968460582
#Hermia_MND,new,1,7.552341968460582
#Hermia_MND,hermia,3,7.552341968460582
#Hermia_MND,maid,1,7.552341968460582
#Hermia_MND,end,1,7.552341968460582
#Hermia_MND,methought,1,7.552341968460582
#Hermia_MND,earth,1,7.552341968460582
#Hermia_MND,makes,1,7.552341968460582
#Hermia_MND,love's,1,7.552341968460582
#Hermia_MND,between,1,7.552341968460582
#Hermia_MND,mistress,1,7.552341968460582
#Hermia_MND,demetrius,3,7.404407889235984
#Hermia_MND,heart,2,7.333023361427201
#Hermia_MND,soul,1,7.030365947769635
#Hermia_MND,young,1,7.030365947769635
#Hermia_MND,still,1,7.030365947769635
#Hermia_MND,either,1,7.030365947769635
#Hermia_MND,wilt,1,7.030365947769635
#Hermia_MND,awake,1,7.030365947769635
#Hermia_MND,harm,1,7.030365947769635
#Hermia_MND,break,1,7.030365947769635
#Hermia_MND,helena,2,6.895429970328989
#Hermia_MND,day,2,6.895429970328989
#Hermia_MND,such,2,6.697815675924512
#Hermia_MND,whose,1,6.573700556311995
#Hermia_MND,tears,1,6.573700556311995
#Hermia_MND,pity,1,6.573700556311995
#Hermia_MND,blood,1,6.573700556311995
#Hermia_MND,way,1,6.573700556311995
#Hermia_MND,get,1,6.573700556311995
#Hermia_MND,now,4,6.496696228565433
#Hermia_MND,power,1,6.174263035688483
#Hermia_MND,poor,1,6.174263035688483
#Hermia_MND,same,1,6.174263035688483
#Hermia_MND,face,1,6.174263035688483
#Hermia_MND,friends,1,6.174263035688483
#Hermia_MND,look,2,6.174263035688483
#Hermia_MND,i'll,2,6.174263035688483
#Hermia_MND,o'er,1,6.174263035688483
#Hermia_MND,kill,1,6.174263035688483
#Hermia_MND,once,1,6.174263035688483
#Hermia_MND,methinks,1,6.174263035688483
#Hermia_MND,lord,2,5.873087332454846
#Hermia_MND,before,1,5.823296150770535
#Hermia_MND,time,1,5.823296150770535
#Hermia_MND,sight,1,5.823296150770535
#Hermia_MND,back,1,5.823296150770535
#Hermia_MND,near,1,5.513034559020439
#Hermia_MND,very,1,5.513034559020439
#Hermia_MND,who,1,5.513034559020439
#Hermia_MND,long,1,5.513034559020439
#Hermia_MND,fair,2,5.2460325191755235
#Hermia_MND,die,1,5.236993330077402
#Hermia_MND,queen,1,5.236993330077402
#Hermia_MND,bed,1,5.236993330077402
#Hermia_MND,tongue,1,5.236993330077402
#Hermia_MND,should,2,5.13803742811014
#Hermia_MND,go,2,5.034894645640388
#Hermia_MND,ere,1,4.989863104357559
#Hermia_MND,death,1,4.989863104357559
#Hermia_MND,nothing,1,4.989863104357559
#Hermia_MND,she,3,4.98956804550399
#Hermia_MND,did,2,4.936271926157323
#Hermia_MND,life,1,4.76731641318234
#Hermia_MND,dream,1,4.76731641318234
#Hermia_MND,part,1,4.76731641318234
#Hermia_MND,would,2,4.6646348904018
#Hermia_MND,lovers,1,4.5658184678758795
#Hermia_MND,dear,1,4.5658184678758795
#Hermia_MND,leave,1,4.5658184678758795
#Hermia_MND,think,1,4.5658184678758795
#Hermia_MND,gentle,1,4.38246703754133
#Hermia_MND,sleep,1,4.38246703754133
#Hermia_MND,art,1,4.38246703754133
#Hermia_MND,things,1,4.38246703754133
#Hermia_MND,wood,1,4.061013081742314
#Hermia_MND,hear,1,3.7881414828935336
#Hermia_MND,come,2,3.4515671106156276
#Hermia_MND,take,1,3.348907837962256
#Hermia_MND,or,2,3.32637869700266
#Hermia_MND,up,1,3.2562474686032012
#Hermia_MND,through,1,3.0097249262399317
#Hermia_MND,moon,1,2.936543666227423
#Hermia_MND,doth,1,2.8014970358424978
#Hermia_MND,these,1,2.8014970358424978
#Hermia_MND,there,1,2.4681359630786615
#Hermia_MND,must,1,2.175070828398988
#Helena_MND,though,9,42.816215876774415
#Helena_MND,both,7,31.634073393745123
#Helena_MND,hermia's,5,30.333532778836464
#Helena_MND,catch,4,28.099103249728863
#Helena_MND,demetrius,12,25.557912755567934
#Helena_MND,mine,8,23.801065558529228
#Helena_MND,o,16,22.963428758041026
#Helena_MND,mind,3,22.690547011016477
#Helena_MND,one,11,22.13886759815336
#Helena_MND,hermia,10,21.72378264604745
#Helena_MND,company,4,21.31180215307356
#Helena_MND,poor,4,21.31180215307356
#Helena_MND,own,4,21.31180215307356
#Helena_MND,draw,3,21.074327437296645
#Helena_MND,even,3,21.074327437296645
#Helena_MND,use,3,21.074327437296645
#Helena_MND,strike,3,21.074327437296645
#Helena_MND,wherefore,3,21.074327437296645
#Helena_MND,vows,3,21.074327437296645
#Helena_MND,two,6,20.29216819856463
#Helena_MND,back,4,20.1003641611355
#Helena_MND,world,3,19.5514043814427
#Helena_MND,love,19,18.80142900059174
#Helena_MND,happy,3,18.200119667301877
#Helena_MND,hands,3,18.200119667301877
#Helena_MND,follow,5,18.185640736308592
#Helena_MND,eyes,9,18.11361894394366
#Helena_MND,men,4,18.07661336785435
#Helena_MND,therefore,5,17.521829495859212
#Helena_MND,more,10,17.07495789299996
#Helena_MND,none,3,17.017910258262358
#Helena_MND,set,3,17.017910258262358
#Helena_MND,can,7,16.545190528866183
#Helena_MND,o'er,3,15.983851614805168
#Helena_MND,other,3,15.983851614805168
#Helena_MND,run,3,15.983851614805168
#Helena_MND,fair,7,15.844337320849649
#Helena_MND,heart,5,15.819696026804476
#Helena_MND,she,11,15.787357271153207
#Helena_MND,leave,4,15.75990839583169
#Helena_MND,thought,2,15.127031340677652
#Helena_MND,looks,2,15.127031340677652
#Helena_MND,said,2,15.127031340677652
#Helena_MND,eyne,2,15.127031340677652
#Helena_MND,respect,2,15.127031340677652
#Helena_MND,fond,2,15.127031340677652
#Helena_MND,'t,2,15.127031340677652
#Helena_MND,derision,2,15.127031340677652
#Helena_MND,followed,2,15.127031340677652
#Helena_MND,did,7,14.908782440747963
#Helena_MND,such,5,14.44934821755015
#Helena_MND,grace,3,14.272071958924803
#Helena_MND,sport,3,14.272071958924803
#Helena_MND,would,7,14.088370289733955
#Helena_MND,only,2,14.049551624864431
#Helena_MND,woo,2,14.049551624864431
#Helena_MND,hell,2,14.049551624864431
#Helena_MND,oath,2,14.049551624864431
#Helena_MND,spite,2,14.049551624864431
#Helena_MND,'tis,2,14.049551624864431
#Helena_MND,eye,4,13.075588348703278
#Helena_MND,alone,2,13.034269587628467
#Helena_MND,breath,2,13.034269587628467
#Helena_MND,maid,2,13.034269587628467
#Helena_MND,made,3,12.341566549510434
#Helena_MND,because,2,12.133413111534583
#Helena_MND,ear,2,11.345273505508239
#Helena_MND,any,2,11.345273505508239
#Helena_MND,tears,2,11.345273505508239
#Helena_MND,truth,2,11.345273505508239
#Helena_MND,pity,2,11.345273505508239
#Helena_MND,should,5,11.084403564647447
#Helena_MND,like,4,10.939030604813283
#Helena_MND,loves,2,10.65590107653678
#Helena_MND,power,2,10.65590107653678
#Helena_MND,face,2,10.65590107653678
#Helena_MND,kill,2,10.65590107653678
#Helena_MND,scorn,2,10.65590107653678
#Helena_MND,hate,2,10.65590107653678
#Helena_MND,look,4,10.655901076536779
#Helena_MND,lysander,5,10.649130314819972
#Helena_MND,never,5,10.649130314819972
#Helena_MND,wood,3,10.513097697515526
#Helena_MND,athens,3,10.146084099282316
#Helena_MND,may,4,9.669971981302174
#Helena_MND,call,2,9.514714639283202
#Helena_MND,ay,2,9.514714639283202
#Helena_MND,bear,2,9.514714639283202
#Helena_MND,who,2,9.514714639283202
#Helena_MND,enough,2,9.514714639283202
#Helena_MND,lady,2,9.514714639283202
#Helena_MND,night,5,9.230603767397398
#Helena_MND,tongue,2,9.038306683927175
#Helena_MND,place,2,9.038306683927175
#Helena_MND,sweet,5,8.800406540095665
#Helena_MND,go,4,8.689513058418978
#Helena_MND,know,3,8.669608930530089
#Helena_MND,ere,2,8.611795013939798
#Helena_MND,up,3,8.429730974918659
#Helena_MND,again,2,8.227711033006956
#Helena_MND,see,4,8.200250770545276
#Helena_MND,good,4,8.050497308419404
#Helena_MND,think,2,7.879954197915845
#Helena_MND,stay,2,7.879954197915845
#Helena_MND,buds,1,7.563515670338826
#Helena_MND,yours,1,7.563515670338826
#Helena_MND,cupid,1,7.563515670338826
#Helena_MND,wings,1,7.563515670338826
#Helena_MND,looked,1,7.563515670338826
#Helena_MND,pursue,1,7.563515670338826
#Helena_MND,thanks,1,7.563515670338826
#Helena_MND,mean,1,7.563515670338826
#Helena_MND,lose,1,7.563515670338826
#Helena_MND,high,1,7.563515670338826
#Helena_MND,dove,1,7.563515670338826
#Helena_MND,valor,1,7.563515670338826
#Helena_MND,temple,1,7.563515670338826
#Helena_MND,town,1,7.563515670338826
#Helena_MND,lies,1,7.563515670338826
#Helena_MND,blessèd,1,7.563515670338826
#Helena_MND,bright,1,7.563515670338826
#Helena_MND,presence,1,7.563515670338826
#Helena_MND,sir,1,7.563515670338826
#Helena_MND,content,1,7.563515670338826
#Helena_MND,wrong,1,7.563515670338826
#Helena_MND,perforce,1,7.563515670338826
#Helena_MND,put,1,7.563515670338826
#Helena_MND,courtesy,1,7.563515670338826
#Helena_MND,gentle,2,7.563515670338826
#Helena_MND,perceive,1,7.563515670338826
#Helena_MND,false,1,7.563515670338826
#Helena_MND,song,1,7.563515670338826
#Helena_MND,minds,1,7.563515670338826
#Helena_MND,been,1,7.563515670338826
#Helena_MND,double,1,7.563515670338826
#Helena_MND,friend,1,7.563515670338826
#Helena_MND,rich,1,7.563515670338826
#Helena_MND,tender,1,7.563515670338826
#Helena_MND,sad,1,7.563515670338826
#Helena_MND,jest,1,7.563515670338826
#Helena_MND,remedy,1,7.563515670338826
#Helena_MND,i',1,7.563515670338826
#Helena_MND,maiden,1,7.563515670338826
#Helena_MND,something,1,7.563515670338826
#Helena_MND,bitter,1,7.563515670338826
#Helena_MND,steal,1,7.563515670338826
#Helena_MND,found,1,7.563515670338826
#Helena_MND,these,3,7.25247898597663
#Helena_MND,appear,1,7.024775812432216
#Helena_MND,themselves,1,7.024775812432216
#Helena_MND,hail,1,7.024775812432216
#Helena_MND,dog,1,7.024775812432216
#Helena_MND,live,1,7.024775812432216
#Helena_MND,troth,1,7.024775812432216
#Helena_MND,hearts,1,7.024775812432216
#Helena_MND,sort,1,7.024775812432216
#Helena_MND,patience,1,7.024775812432216
#Helena_MND,consent,1,7.024775812432216
#Helena_MND,modesty,1,7.024775812432216
#Helena_MND,myself,1,7.024775812432216
#Helena_MND,further,1,7.024775812432216
#Helena_MND,trust,1,7.024775812432216
#Helena_MND,tedious,1,7.024775812432216
#Helena_MND,now,5,7.007734357905365
#Helena_MND,love's,1,6.517134793814233
#Helena_MND,choice,1,6.517134793814233
#Helena_MND,tomorrow,1,6.517134793814233
#Helena_MND,beg,1,6.517134793814233
#Helena_MND,makes,1,6.517134793814233
#Helena_MND,heaven,1,6.517134793814233
#Helena_MND,fly,1,6.517134793814233
#Helena_MND,asleep,1,6.517134793814233
#Helena_MND,against,1,6.517134793814233
#Helena_MND,swear,1,6.517134793814233
#Helena_MND,noble,1,6.517134793814233
#Helena_MND,together,1,6.517134793814233
#Helena_MND,rather,1,6.517134793814233
#Helena_MND,turn,1,6.517134793814233
#Helena_MND,faith,1,6.517134793814233
#Helena_MND,told,1,6.517134793814233
#Helena_MND,shine,1,6.517134793814233
#Helena_MND,hippolyta,1,6.517134793814233
#Helena_MND,most,2,6.32787841072179
#Helena_MND,wilt,1,6.066706555767292
#Helena_MND,ground,1,6.066706555767292
#Helena_MND,awake,1,6.066706555767292
#Helena_MND,still,1,6.066706555767292
#Helena_MND,young,1,6.066706555767292
#Helena_MND,another,1,6.066706555767292
#Helena_MND,flower,1,6.066706555767292
#Helena_MND,soul,1,6.066706555767292
#Helena_MND,each,1,6.066706555767292
#Helena_MND,hold,1,6.066706555767292
#Helena_MND,right,1,6.066706555767292
#Helena_MND,away,2,5.950266389632307
#Helena_MND,green,1,5.672636752754119
#Helena_MND,vile,1,5.672636752754119
#Helena_MND,blood,1,5.672636752754119
#Helena_MND,three,1,5.672636752754119
#Helena_MND,lovely,1,5.672636752754119
#Helena_MND,within,1,5.672636752754119
#Helena_MND,must,3,5.630794990732698
#Helena_MND,true,2,5.619820649945773
#Helena_MND,voice,1,5.32795053826839
#Helena_MND,being,1,5.32795053826839
#Helena_MND,boy,1,5.32795053826839
#Helena_MND,light,1,5.32795053826839
#Helena_MND,show,1,5.32795053826839
#Helena_MND,first,1,5.32795053826839
#Helena_MND,keep,1,5.32795053826839
#Helena_MND,nay,1,5.32795053826839
#Helena_MND,methinks,1,5.32795053826839
#Helena_MND,lord,2,5.068057294186979
#Helena_MND,child,1,5.025091040283875
#Helena_MND,sight,1,5.025091040283875
#Helena_MND,hand,1,5.025091040283875
#Helena_MND,came,1,5.025091040283875
#Helena_MND,time,1,5.025091040283875
#Helena_MND,hence,1,5.025091040283875
#Helena_MND,doth,2,4.834985990651087
#Helena_MND,much,1,4.757357319641601
#Helena_MND,little,1,4.757357319641601
#Helena_MND,long,1,4.757357319641601
#Helena_MND,down,1,4.519153341963587
#Helena_MND,die,1,4.519153341963587
#Helena_MND,rest,1,4.305897506969899
#Helena_MND,could,1,4.305897506969899
#Helena_MND,cannot,1,4.305897506969899
#Helena_MND,nothing,1,4.305897506969899
#Helena_MND,death,1,4.305897506969899
#Helena_MND,pray,1,4.305897506969899
#Helena_MND,or,3,4.305642892132693
#Helena_MND,dead,1,4.113855516503478
#Helena_MND,ever,1,4.113855516503478
#Helena_MND,dear,1,3.9399770989579226
#Helena_MND,art,1,3.781757835169413
#Helena_MND,things,1,3.781757835169413
#Helena_MND,tell,1,3.781757835169413
#Helena_MND,sleep,1,3.781757835169413
#Helena_MND,man,2,3.69224150695896
#Helena_MND,meet,1,3.637128147261718
#Helena_MND,fear,1,3.637128147261718
#Helena_MND,had,1,3.3820280330941053
#Helena_MND,helena,1,2.9751331948161535
#Helena_MND,i'll,1,2.6639752691341947
#Helena_MND,out,1,2.6639752691341947
#Helena_MND,through,1,2.597178877561655
#Flute_MND,sixpence,4,53.15826672393265
#Flute_MND,lips,3,37.02890189454456
#Flute_MND,adieu,3,37.02890189454456
#Flute_MND,tomb,3,34.353031521174785
#Flute_MND,horse,2,24.68593459636304
#Flute_MND,often,2,24.68593459636304
#Flute_MND,most,4,22.236950580595213
#Flute_MND,dead,3,21.684898763508844
#Flute_MND,day,4,20.909975043679406
#Flute_MND,pyramus,6,20.12447645198575
#Flute_MND,come,6,15.70000328952235
#Flute_MND,life,2,14.456599175672565
#Flute_MND,speak,3,14.042309893461084
#Flute_MND,wand'ring,1,13.289566680983162
#Flute_MND,knight,1,13.289566680983162
#Flute_MND,coming,1,13.289566680983162
#Flute_MND,rose,1,13.289566680983162
#Flute_MND,brier,1,13.289566680983162
#Flute_MND,goes,1,13.289566680983162
#Flute_MND,wit,1,13.289566680983162
#Flute_MND,kiss,1,13.289566680983162
#Flute_MND,dove,1,13.289566680983162
#Flute_MND,quite,1,13.289566680983162
#Flute_MND,yellow,1,13.289566680983162
#Flute_MND,gone,2,13.289566680983162
#Flute_MND,trusty,1,13.289566680983162
#Flute_MND,o,5,12.608803192738742
#Flute_MND,woman,1,12.34296729818152
#Flute_MND,god,1,12.34296729818152
#Flute_MND,without,1,12.34296729818152
#Flute_MND,faith,1,11.451010507058264
#Flute_MND,hair,1,11.451010507058264
#Flute_MND,old,1,11.451010507058264
#Flute_MND,asleep,1,11.451010507058264
#Flute_MND,sword,1,11.451010507058264
#Flute_MND,beard,1,10.65958012396309
#Flute_MND,bless,1,10.65958012396309
#Flute_MND,full,1,10.65958012396309
#Flute_MND,hands,1,10.65958012396309
#Flute_MND,pale,1,10.65958012396309
#Flute_MND,since,1,10.65958012396309
#Flute_MND,would,3,10.608917743260493
#Flute_MND,peter,1,9.967175010737371
#Flute_MND,quince,1,9.967175010737371
#Flute_MND,lovely,1,9.967175010737371
#Flute_MND,any,1,9.967175010737371
#Flute_MND,helen,1,9.967175010737371
#Flute_MND,green,1,9.967175010737371
#Flute_MND,three,1,9.967175010737371
#Flute_MND,must,3,9.89365643674748
#Flute_MND,true,2,9.874373838545216
#Flute_MND,like,2,9.6102780098735
#Flute_MND,i'll,2,9.361539928974057
#Flute_MND,nay,1,9.361539928974057
#Flute_MND,thing,1,9.361539928974057
#Flute_MND,kill,1,9.361539928974057
#Flute_MND,word,1,9.361539928974057
#Flute_MND,friends,1,9.361539928974057
#Flute_MND,thisbe,2,8.90489136133749
#Flute_MND,best,1,8.829396985287394
#Flute_MND,heard,1,8.829396985287394
#Flute_MND,these,2,8.49537060871834
#Flute_MND,bottom,1,8.358972213487615
#Flute_MND,play,2,7.954138431272994
#Flute_MND,duke,1,7.940433033692992
#Flute_MND,tongue,1,7.940433033692992
#Flute_MND,could,1,7.565729289722244
#Flute_MND,nothing,1,7.565729289722244
#Flute_MND,till,1,7.565729289722244
#Flute_MND,death,1,7.565729289722244
#Flute_MND,never,2,7.484473283675469
#Flute_MND,eyes,2,7.07261182884033
#Flute_MND,love,4,6.95479541223624
#Flute_MND,think,1,6.92278441141939
#Flute_MND,lovers,1,6.92278441141939
#Flute_MND,hast,1,6.644783340491581
#Flute_MND,art,1,6.644783340491581
#Flute_MND,meet,1,6.390659998216151
#Flute_MND,sweet,2,6.185144297010357
#Flute_MND,athens,1,5.942433257462265
#Flute_MND,had,1,5.942433257462265
#Flute_MND,up,1,4.937186919272608
#Flute_MND,wall,1,4.56340455684551
#Flute_MND,doth,1,4.24768530435917
#Flute_MND,fair,1,3.977069215636497
#Flute_MND,or,1,2.521760638547748
#Flute_MND,now,1,2.462604880881489
#FAIRIES.TITANIA.1_MND,thorough,4,57.36876527403341
#FAIRIES.TITANIA.1_MND,over,4,53.22304742934065
#FAIRIES.TITANIA.1_MND,those,3,37.158424020625475
#FAIRIES.TITANIA.1_MND,queen,2,18.45313318423956
#FAIRIES.TITANIA.1_MND,brier,1,15.44211398071319
#FAIRIES.TITANIA.1_MND,swifter,1,15.44211398071319
#FAIRIES.TITANIA.1_MND,dew,1,15.44211398071319
#FAIRIES.TITANIA.1_MND,spirits,1,15.44211398071319
#FAIRIES.TITANIA.1_MND,gone,2,15.44211398071319
#FAIRIES.TITANIA.1_MND,elves,1,15.44211398071319
#FAIRIES.TITANIA.1_MND,quite,1,15.44211398071319
#FAIRIES.TITANIA.1_MND,work,1,15.44211398071319
#FAIRIES.TITANIA.1_MND,live,1,14.342191318508352
#FAIRIES.TITANIA.1_MND,anon,1,14.342191318508352
#FAIRIES.TITANIA.1_MND,puck,1,14.342191318508352
#FAIRIES.TITANIA.1_MND,fairy,2,13.347941251539453
#FAIRIES.TITANIA.1_MND,bush,1,13.305761857335163
#FAIRIES.TITANIA.1_MND,fire,1,13.305761857335163
#FAIRIES.TITANIA.1_MND,seek,1,13.305761857335163
#FAIRIES.TITANIA.1_MND,hang,1,13.305761857335163
#FAIRIES.TITANIA.1_MND,mistress,1,13.305761857335163
#FAIRIES.TITANIA.1_MND,pale,1,12.38614134020849
#FAIRIES.TITANIA.1_MND,either,1,12.38614134020849
#FAIRIES.TITANIA.1_MND,robin,1,12.38614134020849
#FAIRIES.TITANIA.1_MND,harm,1,12.38614134020849
#FAIRIES.TITANIA.1_MND,green,1,11.581585485534891
#FAIRIES.TITANIA.1_MND,ear,1,11.581585485534891
#FAIRIES.TITANIA.1_MND,else,1,10.259518455396817
#FAIRIES.TITANIA.1_MND,sometime,1,10.259518455396817
#FAIRIES.TITANIA.1_MND,bear,1,9.712897702450958
#FAIRIES.TITANIA.1_MND,call,1,9.712897702450958
#FAIRIES.TITANIA.1_MND,every,1,8.044086651675093
#FAIRIES.TITANIA.1_MND,i'll,1,5.438927020287179
#FAIRIES.TITANIA.1_MND,go,1,4.435253952445055
#FAIRIES.TITANIA.1_MND,see,1,4.185527358850525
#FAIRIES.TITANIA.1_MND,good,1,4.109091011920523
#FAIRIES.TITANIA.1_MND,would,1,4.109091011920523
#FAIRIES.TITANIA.1_MND,must,1,3.8320529693139385
#FAIRIES.TITANIA.1_MND,night,1,3.7691476212824666
#FAIRIES.TITANIA.1_MND,sweet,1,3.5934844797560443
#FAIRIES.TITANIA.1_MND,come,1,3.0404959282996518
#FAIRIES.TITANIA.1_MND,or,1,2.9302170753433114
#Egeus_MND,consent,4,51.45567960090955
#Egeus_MND,law,3,35.802950388071274
#Egeus_MND,gracious,2,27.700943729808785
#Egeus_MND,stol'n,2,27.700943729808785
#Egeus_MND,child,3,27.606162969283716
#Egeus_MND,enough,3,26.13532380136175
#Egeus_MND,duke,3,24.82671112648783
#Egeus_MND,beg,2,23.868633592047512
#Egeus_MND,marry,2,22.218965921576974
#Egeus_MND,hast,3,20.77570779735659
#Egeus_MND,forth,2,19.513314242815007
#Egeus_MND,demetrius,5,19.500915478966284
#Egeus_MND,lord,4,18.561470094690947
#Egeus_MND,stand,2,18.404108646189144
#Egeus_MND,mine,3,16.344382852570313
#Egeus_MND,lysander,4,15.60073238317303
#Egeus_MND,turned,1,13.850471864904392
#Egeus_MND,gentleman,1,12.863919900227387
#Egeus_MND,duty,1,12.863919900227387
#Egeus_MND,theseus,1,11.934316796023756
#Egeus_MND,against,1,11.934316796023756
#Egeus_MND,noble,1,11.934316796023756
#Egeus_MND,moonlight,1,11.934316796023756
#Egeus_MND,hair,1,11.934316796023756
#Egeus_MND,asleep,1,11.934316796023756
#Egeus_MND,old,1,11.934316796023756
#Egeus_MND,together,1,11.934316796023756
#Egeus_MND,happy,1,11.109482960788487
#Egeus_MND,full,1,11.109482960788487
#Egeus_MND,youth,1,11.109482960788487
#Egeus_MND,either,1,11.109482960788487
#Egeus_MND,right,1,11.109482960788487
#Egeus_MND,wonder,1,11.109482960788487
#Egeus_MND,helena,2,10.896255235046874
#Egeus_MND,she,4,10.512780623376948
#Egeus_MND,voice,1,9.756657121407503
#Egeus_MND,desire,1,9.756657121407503
#Egeus_MND,being,1,9.756657121407503
#Egeus_MND,before,1,9.202054323094572
#Egeus_MND,grace,1,8.711774600453918
#Egeus_MND,head,1,8.711774600453918
#Egeus_MND,death,1,7.885051723675067
#Egeus_MND,would,2,7.371121534528164
#Egeus_MND,love,4,7.248332507423627
#Egeus_MND,man,2,6.761311715280199
#Egeus_MND,follow,1,6.660386950774116
#Egeus_MND,athens,1,6.193242158853015
#Egeus_MND,heart,1,5.793873227231103
#Egeus_MND,away,1,5.448127617523437
#Egeus_MND,true,1,5.145567960090954
#Egeus_MND,may,1,4.426964942595262
#Egeus_MND,should,1,4.059599435047324
#Egeus_MND,hermia,1,3.9781055986745857
#Egeus_MND,come,1,2.727107400118138
#Egeus_MND,or,1,2.628195155844237
#Demetrius_MND,follow,6,27.14977282424642
#Demetrius_MND,dost,3,26.218634555450535
#Demetrius_MND,lord,8,25.220741681599115
#Demetrius_MND,wood,5,21.798961113312618
#Demetrius_MND,cannot,4,21.427920488446407
#Demetrius_MND,helen,3,21.17203366448543
#Demetrius_MND,look,6,19.885558176127603
#Demetrius_MND,stay,4,19.60694973954017
#Demetrius_MND,hide,2,18.819585479542603
#Demetrius_MND,bitter,2,18.819585479542603
#Demetrius_MND,yonder,2,18.819585479542603
#Demetrius_MND,following,2,18.819585479542603
#Demetrius_MND,remain,2,18.819585479542603
#Demetrius_MND,seems,2,18.819585479542603
#Demetrius_MND,saw,2,18.819585479542603
#Demetrius_MND,trust,2,17.479089703633694
#Demetrius_MND,grow,2,17.479089703633694
#Demetrius_MND,god,2,17.479089703633694
#Demetrius_MND,hermia,6,16.215974247911337
#Demetrius_MND,rather,2,16.215974247911337
#Demetrius_MND,alone,2,16.215974247911337
#Demetrius_MND,faith,2,16.215974247911337
#Demetrius_MND,seem,2,16.215974247911337
#Demetrius_MND,hither,2,16.215974247911337
#Demetrius_MND,shalt,2,15.095215979165069
#Demetrius_MND,awake,2,15.095215979165069
#Demetrius_MND,dear,3,14.705212304655129
#Demetrius_MND,art,3,14.114689109656954
#Demetrius_MND,get,2,14.114689109656952
#Demetrius_MND,way,2,14.114689109656952
#Demetrius_MND,should,5,13.790140026594566
#Demetrius_MND,go,5,13.513311873259449
#Demetrius_MND,loves,2,13.257038784085072
#Demetrius_MND,show,2,13.257038784085072
#Demetrius_MND,nay,2,13.257038784085072
#Demetrius_MND,face,2,13.257038784085072
#Demetrius_MND,power,2,13.257038784085072
#Demetrius_MND,i'll,4,13.257038784085069
#Demetrius_MND,speak,4,13.257038784085069
#Demetrius_MND,hence,2,12.50346194772537
#Demetrius_MND,into,2,12.50346194772537
#Demetrius_MND,much,2,11.837285283195829
#Demetrius_MND,head,2,11.837285283195829
#Demetrius_MND,heart,3,11.808799027324163
#Demetrius_MND,why,3,11.444271073243591
#Demetrius_MND,fair,4,11.263993154694996
#Demetrius_MND,place,2,11.244584703879436
#Demetrius_MND,helena,3,11.10411663965503
#Demetrius_MND,love,9,11.079906977567546
#Demetrius_MND,take,3,10.785886712852404
#Demetrius_MND,lysander,4,10.598892207150804
#Demetrius_MND,there,4,10.598892207150804
#Demetrius_MND,now,6,10.462012231987853
#Demetrius_MND,part,2,10.236120200945765
#Demetrius_MND,ever,2,10.236120200945765
#Demetrius_MND,one,4,10.015648069771206
#Demetrius_MND,leave,2,9.803474869770085
#Demetrius_MND,yield,1,9.409792739771301
#Demetrius_MND,pursue,1,9.409792739771301
#Demetrius_MND,stol'n,1,9.409792739771301
#Demetrius_MND,gone,2,9.409792739771301
#Demetrius_MND,tell,2,9.409792739771301
#Demetrius_MND,yourself,1,9.409792739771301
#Demetrius_MND,rich,1,9.409792739771301
#Demetrius_MND,wild,1,9.409792739771301
#Demetrius_MND,bright,1,9.409792739771301
#Demetrius_MND,passion,1,9.409792739771301
#Demetrius_MND,sleep,2,9.409792739771301
#Demetrius_MND,tender,1,9.409792739771301
#Demetrius_MND,eyne,1,9.409792739771301
#Demetrius_MND,ripe,1,9.409792739771301
#Demetrius_MND,high,1,9.409792739771301
#Demetrius_MND,kiss,1,9.409792739771301
#Demetrius_MND,loved,1,9.409792739771301
#Demetrius_MND,perceive,1,9.409792739771301
#Demetrius_MND,weak,1,9.409792739771301
#Demetrius_MND,sir,1,9.409792739771301
#Demetrius_MND,yea,1,9.409792739771301
#Demetrius_MND,followed,1,9.409792739771301
#Demetrius_MND,small,1,9.409792739771301
#Demetrius_MND,bid,1,9.409792739771301
#Demetrius_MND,discourse,1,9.409792739771301
#Demetrius_MND,remedy,1,9.409792739771301
#Demetrius_MND,valor,1,9.409792739771301
#Demetrius_MND,better,1,9.409792739771301
#Demetrius_MND,comes,2,9.049924274748806
#Demetrius_MND,these,3,9.022831059267135
#Demetrius_MND,can,3,8.821680693535596
#Demetrius_MND,certain,1,8.739544851816847
#Demetrius_MND,modesty,1,8.739544851816847
#Demetrius_MND,believe,1,8.739544851816847
#Demetrius_MND,hounds,1,8.739544851816847
#Demetrius_MND,lips,1,8.739544851816847
#Demetrius_MND,wind,1,8.739544851816847
#Demetrius_MND,entreat,1,8.739544851816847
#Demetrius_MND,approach,1,8.739544851816847
#Demetrius_MND,dote,1,8.739544851816847
#Demetrius_MND,only,1,8.739544851816847
#Demetrius_MND,many,1,8.739544851816847
#Demetrius_MND,without,1,8.739544851816847
#Demetrius_MND,lanthorn,1,8.739544851816847
#Demetrius_MND,woman,1,8.739544851816847
#Demetrius_MND,therefore,2,8.719584445325046
#Demetrius_MND,had,2,8.415182626331832
#Demetrius_MND,spirit,1,8.107987123955668
#Demetrius_MND,breath,1,8.107987123955668
#Demetrius_MND,while,1,8.107987123955668
#Demetrius_MND,thine,1,8.107987123955668
#Demetrius_MND,bush,1,8.107987123955668
#Demetrius_MND,told,1,8.107987123955668
#Demetrius_MND,discretion,1,8.107987123955668
#Demetrius_MND,silence,1,8.107987123955668
#Demetrius_MND,turn,1,8.107987123955668
#Demetrius_MND,right,1,7.547607989582534
#Demetrius_MND,because,1,7.547607989582534
#Demetrius_MND,hands,1,7.547607989582534
#Demetrius_MND,those,1,7.547607989582534
#Demetrius_MND,break,1,7.547607989582534
#Demetrius_MND,wonder,1,7.547607989582534
#Demetrius_MND,bless,1,7.547607989582534
#Demetrius_MND,come,4,7.411015498824057
#Demetrius_MND,lion,2,7.190591141901602
#Demetrius_MND,o,4,7.142217806695909
#Demetrius_MND,she,4,7.142217806695909
#Demetrius_MND,within,1,7.057344554828476
#Demetrius_MND,truth,1,7.057344554828476
#Demetrius_MND,blood,1,7.057344554828476
#Demetrius_MND,none,1,7.057344554828476
#Demetrius_MND,like,2,6.80464054361488
#Demetrius_MND,other,1,6.628519392042536
#Demetrius_MND,run,1,6.628519392042536
#Demetrius_MND,keep,1,6.628519392042536
#Demetrius_MND,word,1,6.628519392042536
#Demetrius_MND,thisbe,2,6.305185420399779
#Demetrius_MND,hand,1,6.251730973862685
#Demetrius_MND,before,1,6.251730973862685
#Demetrius_MND,stand,1,6.251730973862685
#Demetrius_MND,heard,1,6.251730973862685
#Demetrius_MND,best,1,6.251730973862685
#Demetrius_MND,came,1,6.251730973862685
#Demetrius_MND,doth,2,6.01522070617809
#Demetrius_MND,though,1,5.9186426415979145
#Demetrius_MND,little,1,5.9186426415979145
#Demetrius_MND,long,1,5.9186426415979145
#Demetrius_MND,very,1,5.9186426415979145
#Demetrius_MND,ay,1,5.9186426415979145
#Demetrius_MND,bed,1,5.622292351939718
#Demetrius_MND,duke,1,5.622292351939718
#Demetrius_MND,die,1,5.622292351939718
#Demetrius_MND,could,1,5.356980122111602
#Demetrius_MND,ere,1,5.356980122111602
#Demetrius_MND,did,2,5.299446103575402
#Demetrius_MND,dead,1,5.118060100472882
#Demetrius_MND,again,1,5.118060100472882
#Demetrius_MND,dream,1,5.118060100472882
#Demetrius_MND,see,2,5.10097840264832
#Demetrius_MND,would,2,5.007824034885603
#Demetrius_MND,every,1,4.901737434885042
#Demetrius_MND,think,1,4.901737434885042
#Demetrius_MND,pyramus,2,4.749769924918391
#Demetrius_MND,things,1,4.704896369885651
#Demetrius_MND,man,2,4.593528834998535
#Demetrius_MND,meet,1,4.524962137374403
#Demetrius_MND,more,2,4.2486013599084425
#Demetrius_MND,eye,1,4.066844760908472
#Demetrius_MND,hear,1,4.066844760908472
#Demetrius_MND,mine,1,3.7013722132183435
#Demetrius_MND,know,1,3.595295570950801
#Demetrius_MND,or,2,3.5711089033479544
#Demetrius_MND,up,1,3.495817940726739
#Demetrius_MND,true,1,3.495817940726739
#Demetrius_MND,out,1,3.314259696021267
#Demetrius_MND,through,1,3.2311581030772487
#Demetrius_MND,wall,1,3.2311581030772487
#Demetrius_MND,moon,1,3.1525927101998894
#Demetrius_MND,may,1,3.007610353089045
#Demetrius_MND,never,1,2.649723051787701
#Demetrius_MND,good,1,2.5039120174428016
#Demetrius_MND,night,1,2.2967644174992676
#Demetrius_MND,sweet,1,2.1897224829658715
#Bottom_MND,monsieur,11,49.62427614607897
#Bottom_MND,name,9,35.10971239123241
#Bottom_MND,good,18,34.353496856062584
#Bottom_MND,roar,6,32.27542372196374
#Bottom_MND,wall,12,29.554174684052796
#Bottom_MND,beard,5,28.764625284872917
#Bottom_MND,master,5,28.764625284872917
#Bottom_MND,peter,5,26.896186434969792
#Bottom_MND,quince,5,26.896186434969792
#Bottom_MND,thisbe,11,26.43260299710168
#Bottom_MND,dear,7,26.15335839586198
#Bottom_MND,die,6,25.71248527513913
#Bottom_MND,cobweb,4,24.720225189974023
#Bottom_MND,mustardseed,4,24.720225189974023
#Bottom_MND,methought,4,24.720225189974023
#Bottom_MND,ladies,5,23.82591929697454
#Bottom_MND,dream,6,23.406474927488272
#Bottom_MND,o,17,23.136699245204213
#Bottom_MND,actors,3,21.51694914797583
#Bottom_MND,any,4,21.51694914797583
#Bottom_MND,cut,3,21.51694914797583
#Bottom_MND,indeed,3,21.51694914797583
#Bottom_MND,tell,6,21.51694914797583
#Bottom_MND,wit,3,21.51694914797583
#Bottom_MND,get,4,21.51694914797583
#Bottom_MND,alack,3,21.51694914797583
#Bottom_MND,man,12,21.007630898111863
#Bottom_MND,face,4,20.20951557301673
#Bottom_MND,voice,4,20.20951557301673
#Bottom_MND,out,8,20.20951557301673
#Bottom_MND,desire,4,20.20951557301673
#Bottom_MND,peaseblossom,3,19.98432349717911
#Bottom_MND,see,10,19.44029585809532
#Bottom_MND,had,6,19.242619008642748
#Bottom_MND,or,14,19.05375231957994
#Bottom_MND,answer,3,18.54016889248052
#Bottom_MND,ass,3,18.54016889248052
#Bottom_MND,pyramus,10,18.101808184554823
#Bottom_MND,little,4,18.0451913258469
#Bottom_MND,more,11,17.810989772967805
#Bottom_MND,masters,3,17.258775170923748
#Bottom_MND,about,3,17.258775170923748
#Bottom_MND,thisbe's,3,17.258775170923748
#Bottom_MND,through,7,17.239935232364132
#Bottom_MND,play,8,17.171243803513757
#Bottom_MND,lion,6,16.442400828898872
#Bottom_MND,lover,3,16.13771186098187
#Bottom_MND,hear,5,15.499117839816574
#Bottom_MND,nay,3,15.157136679762544
#Bottom_MND,methinks,3,15.157136679762544
#Bottom_MND,most,5,15.001471528206167
#Bottom_MND,man's,2,14.344632765317222
#Bottom_MND,please,2,14.344632765317222
#Bottom_MND,yourself,2,14.344632765317222
#Bottom_MND,stir,2,14.344632765317222
#Bottom_MND,black,2,14.344632765317222
#Bottom_MND,note,2,14.344632765317222
#Bottom_MND,cry,2,14.344632765317222
#Bottom_MND,sir,2,14.344632765317222
#Bottom_MND,promise,2,14.344632765317222
#Bottom_MND,cue,2,14.344632765317222
#Bottom_MND,gracious,2,14.344632765317222
#Bottom_MND,sing,3,14.295551578184721
#Bottom_MND,call,3,13.533893494385172
#Bottom_MND,enough,3,13.533893494385172
#Bottom_MND,would,7,13.359693221802114
#Bottom_MND,sweet,8,13.352372680152115
#Bottom_MND,lion's,2,13.32288233145274
#Bottom_MND,many,2,13.32288233145274
#Bottom_MND,mark,2,13.32288233145274
#Bottom_MND,gentleman,2,13.32288233145274
#Bottom_MND,chink,2,13.32288233145274
#Bottom_MND,duke,3,12.856242637569565
#Bottom_MND,must,7,12.458972539477134
#Bottom_MND,shine,2,12.360112594987012
#Bottom_MND,hang,2,12.360112594987012
#Bottom_MND,sword,2,12.360112594987012
#Bottom_MND,himself,2,12.360112594987012
#Bottom_MND,seen,2,12.360112594987012
#Bottom_MND,breath,2,12.360112594987012
#Bottom_MND,mistress,2,12.360112594987012
#Bottom_MND,together,2,12.360112594987012
#Bottom_MND,left,2,12.360112594987012
#Bottom_MND,fell,2,12.360112594987012
#Bottom_MND,between,2,12.360112594987012
#Bottom_MND,could,3,12.249565113906446
#Bottom_MND,pray,3,12.249565113906446
#Bottom_MND,now,9,11.961506029231355
#Bottom_MND,part,3,11.703237463744136
#Bottom_MND,life,3,11.703237463744136
#Bottom_MND,break,2,11.505850113949165
#Bottom_MND,hold,2,11.505850113949165
#Bottom_MND,prologue,2,11.505850113949165
#Bottom_MND,wilt,2,11.505850113949165
#Bottom_MND,can,5,11.206744347904081
#Bottom_MND,tears,2,10.758474573987915
#Bottom_MND,bring,2,10.758474573987915
#Bottom_MND,pity,2,10.758474573987915
#Bottom_MND,moonshine,2,10.758474573987915
#Bottom_MND,great,2,10.758474573987915
#Bottom_MND,reason,2,10.758474573987915
#Bottom_MND,truth,2,10.758474573987915
#Bottom_MND,ear,2,10.758474573987915
#Bottom_MND,lovely,2,10.758474573987915
#Bottom_MND,vile,2,10.758474573987915
#Bottom_MND,true,4,10.658305865162191
#Bottom_MND,meet,3,10.347027070520515
#Bottom_MND,fear,3,10.347027070520515
#Bottom_MND,first,2,10.104757786508365
#Bottom_MND,look,4,10.104757786508365
#Bottom_MND,friends,2,10.104757786508365
#Bottom_MND,kill,2,10.104757786508365
#Bottom_MND,thing,2,10.104757786508365
#Bottom_MND,same,2,10.104757786508365
#Bottom_MND,other,2,10.104757786508365
#Bottom_MND,own,2,10.104757786508365
#Bottom_MND,company,2,10.104757786508365
#Bottom_MND,there,5,10.09833722135042
#Bottom_MND,two,3,9.621309504321374
#Bottom_MND,moon,4,9.611855635309702
#Bottom_MND,best,2,9.530367718789817
#Bottom_MND,hand,2,9.530367718789817
#Bottom_MND,may,4,9.169822802553453
#Bottom_MND,bottom,2,9.02259566292345
#Bottom_MND,find,2,9.02259566292345
#Bottom_MND,who,2,9.02259566292345
#Bottom_MND,heart,3,9.0008829169237
#Bottom_MND,night,5,8.753179540879943
#Bottom_MND,fair,4,8.585621901756879
#Bottom_MND,down,2,8.570828425046376
#Bottom_MND,tongue,2,8.570828425046376
#Bottom_MND,away,3,8.463761093582333
#Bottom_MND,mine,3,8.463761093582333
#Bottom_MND,take,3,8.221200414449436
#Bottom_MND,rest,2,8.1663767426043
#Bottom_MND,again,2,7.802158309162758
#Bottom_MND,think,2,7.472388113103422
#Bottom_MND,leave,2,7.472388113103422
#Bottom_MND,stay,2,7.472388113103422
#Bottom_MND,work,1,7.172316382658611
#Bottom_MND,merry,1,7.172316382658611
#Bottom_MND,hide,1,7.172316382658611
#Bottom_MND,dove,1,7.172316382658611
#Bottom_MND,yellow,1,7.172316382658611
#Bottom_MND,better,1,7.172316382658611
#Bottom_MND,put,1,7.172316382658611
#Bottom_MND,written,1,7.172316382658611
#Bottom_MND,'t,1,7.172316382658611
#Bottom_MND,half,1,7.172316382658611
#Bottom_MND,yours,1,7.172316382658611
#Bottom_MND,chamber,1,7.172316382658611
#Bottom_MND,whisper,1,7.172316382658611
#Bottom_MND,courtesy,1,7.172316382658611
#Bottom_MND,tender,1,7.172316382658611
#Bottom_MND,flute,1,7.172316382658611
#Bottom_MND,stolen,1,7.172316382658611
#Bottom_MND,past,1,7.172316382658611
#Bottom_MND,discourse,1,7.172316382658611
#Bottom_MND,doubt,1,7.172316382658611
#Bottom_MND,words,1,7.172316382658611
#Bottom_MND,eyne,1,7.172316382658611
#Bottom_MND,thanks,1,7.172316382658611
#Bottom_MND,fall,1,7.172316382658611
#Bottom_MND,yonder,1,7.172316382658611
#Bottom_MND,trusty,1,7.172316382658611
#Bottom_MND,kiss,1,7.172316382658611
#Bottom_MND,bright,1,7.172316382658611
#Bottom_MND,knight,1,7.172316382658611
#Bottom_MND,loved,1,7.172316382658611
#Bottom_MND,looked,1,7.172316382658611
#Bottom_MND,lose,1,7.172316382658611
#Bottom_MND,come,5,7.061014698242508
#Bottom_MND,comes,2,6.898018047013675
#Bottom_MND,grow,1,6.66144116572637
#Bottom_MND,far,1,6.66144116572637
#Bottom_MND,rehearse,1,6.66144116572637
#Bottom_MND,adieu,1,6.66144116572637
#Bottom_MND,met,1,6.66144116572637
#Bottom_MND,draw,1,6.66144116572637
#Bottom_MND,god,1,6.66144116572637
#Bottom_MND,entreat,1,6.66144116572637
#Bottom_MND,flowers,1,6.66144116572637
#Bottom_MND,appear,1,6.66144116572637
#Bottom_MND,only,1,6.66144116572637
#Bottom_MND,patience,1,6.66144116572637
#Bottom_MND,hearts,1,6.66144116572637
#Bottom_MND,whom,1,6.66144116572637
#Bottom_MND,trust,1,6.66144116572637
#Bottom_MND,spite,1,6.66144116572637
#Bottom_MND,approach,1,6.66144116572637
#Bottom_MND,wherefore,1,6.66144116572637
#Bottom_MND,dance,1,6.66144116572637
#Bottom_MND,should,3,6.306658390924623
#Bottom_MND,ready,1,6.180056297493506
#Bottom_MND,discretion,1,6.180056297493506
#Bottom_MND,seem,1,6.180056297493506
#Bottom_MND,hither,1,6.180056297493506
#Bottom_MND,present,1,6.180056297493506
#Bottom_MND,thine,1,6.180056297493506
#Bottom_MND,turn,1,6.180056297493506
#Bottom_MND,father,1,6.180056297493506
#Bottom_MND,help,1,6.180056297493506
#Bottom_MND,hair,1,6.180056297493506
#Bottom_MND,truly,1,6.180056297493506
#Bottom_MND,rather,1,6.180056297493506
#Bottom_MND,asleep,1,6.180056297493506
#Bottom_MND,end,1,6.180056297493506
#Bottom_MND,new,1,6.180056297493506
#Bottom_MND,told,1,6.180056297493506
#Bottom_MND,tomb,1,6.180056297493506
#Bottom_MND,why,2,5.815355355581472
#Bottom_MND,either,1,5.752925056974583
#Bottom_MND,harm,1,5.752925056974583
#Bottom_MND,full,1,5.752925056974583
#Bottom_MND,lie,1,5.752925056974583
#Bottom_MND,because,1,5.752925056974583
#Bottom_MND,right,1,5.752925056974583
#Bottom_MND,father's,1,5.752925056974583
#Bottom_MND,ground,1,5.752925056974583
#Bottom_MND,still,1,5.752925056974583
#Bottom_MND,since,1,5.752925056974583
#Bottom_MND,soul,1,5.752925056974583
#Bottom_MND,eyes,3,5.725582809343763
#Bottom_MND,such,2,5.4808002762996235
#Bottom_MND,whose,1,5.379237286993957
#Bottom_MND,set,1,5.379237286993957
#Bottom_MND,house,1,5.379237286993957
#Bottom_MND,none,1,5.379237286993957
#Bottom_MND,next,1,5.379237286993957
#Bottom_MND,blood,1,5.379237286993957
#Bottom_MND,forth,1,5.052378893254183
#Bottom_MND,speak,2,5.052378893254183
#Bottom_MND,run,1,5.052378893254183
#Bottom_MND,keep,1,5.052378893254183
#Bottom_MND,music,1,5.052378893254183
#Bottom_MND,word,1,5.052378893254183
#Bottom_MND,o'er,1,5.052378893254183
#Bottom_MND,show,1,5.052378893254183
#Bottom_MND,poor,1,5.052378893254183
#Bottom_MND,light,1,5.052378893254183
#Bottom_MND,hence,1,4.7651838593949085
#Bottom_MND,heard,1,4.7651838593949085
#Bottom_MND,before,1,4.7651838593949085
#Bottom_MND,sight,1,4.7651838593949085
#Bottom_MND,doth,2,4.5849114012767265
#Bottom_MND,these,2,4.5849114012767265
#Bottom_MND,very,1,4.511297831461725
#Bottom_MND,lady,1,4.511297831461725
#Bottom_MND,though,1,4.511297831461725
#Bottom_MND,head,1,4.511297831461725
#Bottom_MND,much,1,4.511297831461725
#Bottom_MND,long,1,4.511297831461725
#Bottom_MND,grace,1,4.511297831461725
#Bottom_MND,ay,1,4.511297831461725
#Bottom_MND,men,1,4.285414212523188
#Bottom_MND,place,1,4.285414212523188
#Bottom_MND,go,2,4.120037531662337
#Bottom_MND,cannot,1,4.08318837130215
#Bottom_MND,ere,1,4.08318837130215
#Bottom_MND,nothing,1,4.08318837130215
#Bottom_MND,death,1,4.08318837130215
#Bottom_MND,never,2,4.039334888540168
#Bottom_MND,made,1,3.901079154581379
#Bottom_MND,athenian,1,3.901079154581379
#Bottom_MND,ever,1,3.901079154581379
#Bottom_MND,dead,1,3.901079154581379
#Bottom_MND,every,1,3.736194056551711
#Bottom_MND,things,1,3.5861581913293055
#Bottom_MND,sleep,1,3.5861581913293055
#Bottom_MND,art,1,3.5861581913293055
#Bottom_MND,wood,1,3.323113489144714
#Bottom_MND,eye,1,3.0998235679633153
#Bottom_MND,day,1,2.8212536978607776
#Bottom_MND,know,1,2.7404001381498118
#Bottom_MND,she,2,2.721964617082848
#Bottom_MND,up,1,2.664576466290548
#Bottom_MND,like,1,2.5933108304709678
#Bottom_MND,i'll,1,2.5261894466270913
#Bottom_MND,love,1,0.9383675606331104
