Character,Number of words spoken,Number of speeches
#Philo_Ant,125,2
#Cleopatra_Ant,4695,204
#Antony_JC,5976,203
#MESSENGERS.X.1_Ant,6,1
#Demetrius_Ant,35,2
#Charmian_Ant,626,63
#Alexas_Ant,204,15
#Soothsayer_Ant,209,14
#Enobarbus_Ant,2422,113
#Iras_Ant,154,18
#MESSENGERS.ANTONY.1_Ant,83,6
#MESSENGERS.ANTONY.2_Ant,9,2
#MESSENGERS.ANTONY.3_Ant,22,2
#Octavius_JC,2867,96
#Lepidus_JC,389,30
#MESSENGERS.CAESAR.1_Ant,49,1
#MESSENGERS.CAESAR.2_Ant,67,1
#Mardian_Ant,118,7
#Pompey_Ant,917,41
#Menas_Ant,445,37
#Varrius_Ant,27,1
#Maecenas_Ant,221,15
#Agrippa_Ant,353,28
#Octavia_Ant,234,13
#Maecenas_Ant #Agrippa_Ant,3,1
#Charmian_Ant #Iras_Ant #Alexas_Ant,3,1
#MESSENGERS.X.2_Ant,224,31
#Octavius_JC #Lepidus_JC #Antony_JC,3,1
#Octavius_JC #Lepidus_JC #Antony_JC #Maecenas_Ant #Agrippa_Ant,5,1
#SERVANTS.0.1_Ant,66,4
#SERVANTS.0.2_Ant,58,3
#Boy_Ant,25,1
#Octavius_JC #Antony_JC #Pompey_Ant #Lepidus_JC #Agrippa_Ant #Maecenas_Ant #Enobarbus_Ant #Menas_Ant #CAPTAINS_Ant #Boy_Ant,14,1
#Ventidius_Ant,220,4
#Silius_Ant,67,3
#Eros_Ant,284,27
#Canidius_Ant,165,10
#MESSENGERS.X.3_Ant,13,1
#SOLDIERS.ANTONY.X.1_Ant,87,5
#MESSENGERS.X.4_Ant,4,1
#Taurus_Ant,2,1
#Scarus_Ant,267,12
#ATTENDANTS.ANTONY_Ant,3,1
#Dolabella_Ant,286,23
#Ambassador_Ant,107,5
#Thidias_Ant,182,12
#SERVANTS.X.1_Ant,4,1
#SERVANTS.X.2_Ant,7,2
#SERVANTS_Ant,3,1
#SOLDIERS.ANTONY.0.1_Ant,65,10
#SOLDIERS.ANTONY.0.2_Ant,63,8
#SOLDIERS.ANTONY.0.3_Ant,15,4
#SOLDIERS.ANTONY.0.4_Ant,6,1
#SOLDIERS.ANTONY_Ant,11,2
#SOLDIERS.ANTONY.X.2_Ant,18,1
#CAPTAINS.0.1_Ant,7,1
#CAPTAINS_Ant #SOLDIERS.ANTONY_Ant,3,1
#SOLDIERS.ANTONY.X.3_Ant,63,5
#MESSENGERS.X.5_Ant,6,1
#SOLDIERS.CAESAR.X.1_Ant,62,2
#WATCHMEN.Sentry_Ant,91,5
#WATCHMEN.1_Ant,25,5
#WATCHMEN.2_Ant,26,5
#GUARDS.0.1_Ant,27,4
#GUARDS.0.2_Ant,6,2
#GUARDS_Ant #GUARDS.Dercetus_Ant,3,1
#GUARDS.0.3_Ant,2,1
#GUARDS.Dercetus_Ant,155,5
#Diomedes_Ant,125,7
#GUARDS_Ant,3,1
#Charmian_Ant #Iras_Ant #LADIES_Ant #GUARDS_Ant #Diomedes_Ant,3,1
#Egyptian_Ant,37,2
#Proculeius_Ant,200,10
#Agrippa_Ant #Maecenas_Ant #GUARDS.Dercetus_Ant,1,1
#Gallus_Ant,13,1
#Proculeius_Ant #Gallus_Ant #Maecenas_Ant #ATTENDANTS.CAESAR_Ant,11,2
#Seleucus_Ant,26,3
#GUARDS.CAESAR.1_Ant,21,2
#Countryman_Ant,252,8
#GUARDS.CAESAR.0.1_Ant,86,7
#GUARDS.CAESAR.0.2_Ant,9,2
