Character,Number of words spoken,Number of speeches
#Suffolk_1H6,2300,67
#HenryVI_1H6,2480,82
#QueenMargaret_1H6,2503,61
#Gloucester_2H4 #CardinalBeaufort_1H6 #Somerset_1H6 #Suffolk_1H6 #Buckingham_2H6 #York_1H6 #Salisbury_2H6 #Warwick_2H6,6,1
#Gloucester_2H4,2340,68
#CardinalBeaufort_1H6,810,31
#Salisbury_2H6,710,17
#Warwick_2H6,1052,32
#York_1H6,2984,58
#Buckingham_2H6,556,24
#Somerset_1H6,176,11
#DuchessOfGloucester_2H6,963,21
#MESSENGERS.X.1_2H6,24,1
#Hume_2H6,244,6
#PETITIONERS.0.1_2H6,78,4
#PETITIONERS.0.2_2H6,39,3
#Thump_2H6,197,8
#PETITIONERS_2H6,4,1
#Horner_2H6,171,6
#Bolingbroke_2H6,181,7
#Spirit_2H6,61,5
#Jourdain_2H6,27,1
#CITIZENS.STALBANS.0.1_2H6,29,2
#Simpcox_2H6,167,18
#SimpcoxWife_2H6,56,7
#MayorOfStAlbans_2H6,15,2
#Beadle_2H6,12,1
#Salisbury_2H6 #Warwick_2H6,7,1
#NEIGHBORS.1_2H6,21,1
#NEIGHBORS.2_2H6,8,1
#NEIGHBORS.3_2H6,15,1
#PRENTICES.1_2H6,10,1
#PRENTICES.2_2H6,14,1
#SERVANTS.GLOUCESTER.0.1_2H6,13,2
#HERALDS.X.1_2H6,17,1
#Sheriff_2H6,34,2
#Stanley_2H6,61,4
#MESSENGERS.Post_2H6,45,1
#MURDERERS.0.1_2H6,31,4
#MURDERERS.0.2_2H6,17,1
#CITIZENS_2H6,20,2
#Vaux_2H6,84,1
#Lieutenant_2H6,480,11
#GENTLEMEN.1_2H6,56,4
#Master_2H6,9,1
#Mate_2H6,10,1
#GENTLEMEN.2_2H6,10,1
#Whitmore_2H6,153,8
#Bevis_2H6,110,8
#Holland_2H6,131,10
#Cade_2H6,2142,61
#Dick_2H6,269,24
#Smith_2H6,106,8
#Bevis_2H6 #Holland_2H6 #Dick_2H6 #Smith_2H6 #Sawyer_2H6 #FOLLOWERS.CADE_2H6,16,2
#Clerk_2H6,18,2
#Michael_2H6,20,3
#Stafford_2H6,112,6
#WilliamStafford_2H6,46,5
#Bevis_2H6 #Holland_2H6 #Dick_2H6 #Smith_2H6 #Sawyer_2H6 #Michael_2H6 #FOLLOWERS.CADE_2H6,16,2
#Saye_2H6,361,13
#MESSENGERS.1_2H6,75,1
#MESSENGERS.2_2H6,35,1
#Scales_2H6,64,2
#CITIZENS.LONDON.0.1_2H6,38,1
#SOLDIERS.1_2H6,4,1
#MESSENGERS.X.2_2H6,32,1
#George_2H6,8,1
#FOLLOWERS.CADE.0_2H6,4,1
#Bevis_2H6 #Holland_2H6 #Dick_2H6 #Smith_2H6 #Michael_2H6 #George_2H6 #FOLLOWERS.CADE_2H6,26,4
#Clifford_2H6,468,17
#FOLLOWERS.CADE_2H6,8,1
#MESSENGERS.X.3_2H6,59,1
#Iden_2H6,432,9
#EdwardIV_3H6,8,1
#RichardIII_R3,195,6
#Clifford_3H6,346,4
