Character,Number of words spoken,Number of speeches
#Prologue_TNK,270,1
#Boy_TNK,113,1
#QUEENS.1_TNK,452,11
#QUEENS.2_TNK,274,8
#QUEENS.3_TNK,255,9
#Theseus_TNK,2378,71
#Hippolyta_TNK,711,25
#Emilia_TNK,2713,63
#QUEENS.1_TNK #QUEENS.2_TNK #QUEENS.3_TNK,68,3
#Pirithous_TNK,881,36
#Arcite_TNK,3661,132
#Palamon_TNK,4242,139
#Valerius_TNK,79,3
#Herald_TNK,64,3
#Jailer_TNK,730,64
#Wooer_TNK,756,39
#Daughter_TNK,2675,64
#Woman_TNK,67,10
#COUNTRYMEN.0.1_TNK,105,9
#COUNTRYMEN.0.2_TNK,235,12
#COUNTRYMEN.0.3_TNK,162,12
#COUNTRYMEN.0.4_TNK,104,10
#Schoolmaster_TNK,750,20
#Taborer_TNK,7,1
#COUNTRYWOMEN.0.1_TNK,4,1
#COUNTRYMEN.0.5_TNK,2,1
#Palamon_TNK #Arcite_TNK,10,2
#FRIENDS.1_TNK,132,14
#FRIENDS.2_TNK,127,11
#Brother_TNK,45,9
#Jailer_TNK #Brother_TNK #FRIENDS.1_TNK #FRIENDS.2_TNK #Wooer_TNK #OTHERS_TNK,20,1
#ATTENDANTS.1_TNK,18,3
#MESSENGERS.X.1_TNK,329,5
#Doctor_TNK,661,30
#MESSENGERS.X.2_TNK,21,2
#Servant_TNK,72,5
#KNIGHTS.PALAMON.0.1_TNK,40,3
#KNIGHTS.PALAMON.0.2_TNK,20,2
#KNIGHTS.PALAMON.0.3_TNK,3,1
#KNIGHTS.PALAMON_TNK,4,1
#KNIGHTS.PALAMON.0.2_TNK #KNIGHTS.PALAMON.0.3_TNK,3,1
#MESSENGERS.X.3_TNK,6,1
#Epilogue_TNK,165,1
