Character,Number of words spoken,Number of speeches
#Countess_AWW,2175,87
#Bertram_AWW,2033,102
#Lafew_AWW,2219,98
#Helen_AWW,3586,109
#Parolles_AWW,2996,142
#Page_AWW,7,1
#King_AWW,2831,86
#ATTENDANTS.KING.0.1_AWW,32,4
#ATTENDANTS.KING.0.2_AWW,29,2
#Steward_AWW,345,6
#Fool_AWW,1671,59
#LORDS.DUMAINE.1_AWW,1095,59
#LORDS.DUMAINE.1_AWW #LORDS.DUMAINE.2_AWW,5,1
#LORDS.DUMAINE.2_AWW,832,37
#LORDS.COURT.1_AWW #LORDS.COURT.2_AWW #LORDS.COURT.3_AWW #LORDS.COURT.4_AWW,8,1
#LORDS.COURT.1_AWW,3,1
#LORDS.COURT.2_AWW,5,1
#LORDS.COURT.4_AWW,6,1
#Duke_AWW,124,6
#GENTLEMEN.1_AWW,61,6
#GENTLEMEN.2_AWW,79,6
#Widow_AWW,430,21
#Diana_AWW,1019,44
#Mariana_AWW,172,5
#Widow_AWW #Diana_AWW,5,1
#SOLDIERS.Interpreter_AWW,607,38
#SOLDIERS_AWW,7,1
#SOLDIERS.0.1_AWW,7,2
#Servant_AWW,34,1
#GENTLEMEN.3_AWW,125,8
#Epilogue_AWW,52,1
