Character,Number of words spoken,Number of speeches
#Kent_Lr,2586,125
#Gloucester_Lr,2531,118
#Edmund_Lr,2369,78
#Lear_Lr,5601,187
#Goneril_Lr,1473,53
#Cordelia_Lr,825,31
#Regan_Lr,1363,72
#Albany_Lr #Cornwall_Lr,3,1
#Burgundy_Lr,68,5
#France_Lr,240,5
#Edgar_Lr,2903,100
#Oswald_Lr,499,38
#ATTENDANTS.LEAR.0.3_Lr,105,5
#Fool_Lr,1739,58
#Albany_Lr,1003,55
#ATTENDANTS.X.1_Lr,3,1
#Curan_Lr,77,4
#Cornwall_Lr,742,54
#ATTENDANTS.X.2_Lr,25,2
#ATTENDANTS.X.3_Lr,123,5
#SERVANTS.0.1_Lr,76,4
#SERVANTS.0.2_Lr,35,2
#SERVANTS.0.3_Lr,39,2
#OldMan_Lr,58,9
#MESSENGERS.X.1_Lr,117,6
#ATTENDANTS.X.4_Lr,229,10
#Doctor_Lr,124,8
#MESSENGERS.X.2_Lr,8,1
#ATTENDANTS.CORDELIA.1_Lr,163,14
#SOLDIERS.CAPTAINS.1_Lr,22,2
#SOLDIERS.CAPTAINS.2_Lr,2,1
#Herald_Lr,59,4
#ATTENDANTS.ALBANY_Lr,33,3
#MESSENGERS.X.3_Lr,5,1
