Character,Number of words spoken,Number of speeches
#Chorus_Rom,219,2
#SERVANTS.CAPULET.Sampson_Rom,258,20
#SERVANTS.CAPULET.Gregory_Rom,145,15
#SERVANTS.MONTAGUE.Abram_Rom,24,5
#Benvolio_Rom,1160,63
#Tybalt_Rom,263,17
#CITIZENS_Rom,16,1
#Capulet_Rom,2136,50
#LadyCapulet_Rom,874,45
#Montague_Rom,317,10
#LadyMontague_Rom,28,2
#PrinceEscalus_Rom,584,16
#Romeo_Rom,4673,163
#Paris_Rom,540,23
#SERVANTS.CAPULET.X.1_Rom,142,8
#Nurse_Rom,2205,90
#Juliet_Rom,4265,118
#SERVANTS.CAPULET.X.2_Rom,35,1
#Mercutio_Rom,2100,62
#SERVANTS.CAPULET.0.1_Rom,119,6
#SERVANTS.CAPULET.0.2_Rom,37,2
#SERVANTS.CAPULET.0.3_Rom,21,2
#Cousin_Rom,18,2
#SERVANTS.CAPULET.0_Rom,4,1
#FriarLawrence_Rom,2722,55
#SERVANTS.CAPULET.Peter_Rom,244,13
#Petruchio_Rom,2,1
#CITIZENS.0.1_Rom,27,2
#MUSICIANS.0.1_Rom,70,10
#MUSICIANS.0.2_Rom,34,3
#MUSICIANS.0.3_Rom,7,1
#SERVANTS.MONTAGUE.Balthasar_Rom,233,12
#Apothecary_Rom,53,4
#FriarJohn_Rom,97,4
#SERVANTS.PARIS.1_Rom,80,4
#WATCHMEN.0.1_Rom,133,6
#WATCHMEN.0.2_Rom,9,1
#WATCHMEN.0.3_Rom,26,1
