Character,Word,Count,Significance
#Merchant2_Err,officer,3,27.50125798037372
#Merchant2_Err,into,2,22.134532587752638
#Merchant2_Err,ears,2,19.439162539207466
#Merchant2_Err,abbey,2,19.439162539207466
#Merchant2_Err,think,3,16.282273268424287
#Merchant2_Err,since,2,13.797839284309884
#Merchant2_Err,business,1,13.797839284309884
#Merchant2_Err,you'll,1,13.797839284309884
#Merchant2_Err,city,1,13.797839284309884
#Merchant2_Err,pity,1,13.797839284309884
#Merchant2_Err,reverend,1,13.797839284309884
#Merchant2_Err,heard,1,13.797839284309884
#Merchant2_Err,after,1,13.797839284309884
#Merchant2_Err,due,1,12.81503627319186
#Merchant2_Err,fie,1,12.81503627319186
#Merchant2_Err,draw,1,12.81503627319186
#Merchant2_Err,merchant,1,12.81503627319186
#Merchant2_Err,present,1,11.888965713639426
#Merchant2_Err,arrest,1,11.888965713639426
#Merchant2_Err,walk,1,11.888965713639426
#Merchant2_Err,way,1,11.888965713639426
#Merchant2_Err,suit,1,11.067266293876319
#Merchant2_Err,five,1,11.067266293876319
#Merchant2_Err,place,1,11.067266293876319
#Merchant2_Err,syracusian,1,11.067266293876319
#Merchant2_Err,mine,2,10.543762618256341
#Merchant2_Err,sum,1,10.348379463232412
#Merchant2_Err,leave,1,10.348379463232412
#Merchant2_Err,himself,1,10.348379463232412
#Merchant2_Err,put,1,10.348379463232412
#Merchant2_Err,besides,1,10.348379463232412
#Merchant2_Err,first,1,10.348379463232412
#Merchant2_Err,death,1,9.719581269603733
#Merchant2_Err,these,2,9.245467726483037
#Merchant2_Err,cannot,1,9.167085993457908
#Merchant2_Err,answer,1,9.167085993457908
#Merchant2_Err,mart,1,9.167085993457908
#Merchant2_Err,did,3,8.70221150967241
#Merchant2_Err,men,1,8.678669361639532
#Merchant2_Err,i'll,2,8.436574466136463
#Merchant2_Err,town,1,8.244122737538026
#Merchant2_Err,therefore,1,7.855088078798116
#Merchant2_Err,hour,1,7.855088078798116
#Merchant2_Err,sure,1,7.855088078798116
#Merchant2_Err,hear,1,7.504753044696713
#Merchant2_Err,duke,1,7.504753044696713
#Merchant2_Err,comes,1,7.504753044696713
#Merchant2_Err,had,2,7.479705678850887
#Merchant2_Err,bound,1,7.187553138611741
#Merchant2_Err,speak,1,7.187553138611741
#Merchant2_Err,against,1,7.187553138611741
#Merchant2_Err,any,1,6.898919642154942
#Merchant2_Err,much,1,6.6350771016659795
#Merchant2_Err,pray,1,6.6350771016659795
#Merchant2_Err,'tis,1,6.6350771016659795
#Merchant2_Err,villain,1,6.6350771016659795
#Merchant2_Err,now,2,6.627236534487216
#Merchant2_Err,or,2,6.229841652021535
#Merchant2_Err,who,1,5.963326925159942
#Merchant2_Err,sir,3,4.996658400724041
#Merchant2_Err,good,1,4.9889162920382795
#Merchant2_Err,see,1,4.129176155792394
#Merchant2_Err,know,1,3.542968055689781
#Merchant2_Err,chain,1,3.3678091731642867
#Merchant2_Err,come,1,3.1620760839646627
#Merchant2_Err,man,1,2.823904525561442
#Luciana_Err,sister,10,38.916373649755414
#Luciana_Err,love,7,31.880810557594454
#Luciana_Err,fie,3,28.3797022751169
#Luciana_Err,looks,3,26.32886088804817
#Luciana_Err,changed,2,20.37078749165832
#Luciana_Err,show,2,20.37078749165832
#Luciana_Err,alas,2,20.37078749165832
#Luciana_Err,eye,3,19.219458094141075
#Luciana_Err,poor,3,19.219458094141075
#Luciana_Err,holy,2,18.919801516744606
#Luciana_Err,liberty,2,17.552573925365444
#Luciana_Err,world,2,17.552573925365444
#Luciana_Err,breath,2,17.552573925365444
#Luciana_Err,call,3,17.395585643987125
#Luciana_Err,lost,2,16.339437294541842
#Luciana_Err,still,2,15.278090618743738
#Luciana_Err,use,2,15.278090618743738
#Luciana_Err,first,2,15.278090618743738
#Luciana_Err,again,3,14.693794750440105
#Luciana_Err,'tis,3,14.693794750440105
#Luciana_Err,dine,2,14.34974857086134
#Luciana_Err,bed,2,14.34974857086134
#Luciana_Err,look,2,13.534058256703968
#Luciana_Err,god,2,13.534058256703968
#Luciana_Err,gone,2,12.81297206276072
#Luciana_Err,brother,2,12.81297206276072
#Luciana_Err,sweet,2,12.81297206276072
#Luciana_Err,dinner,3,12.782137830762068
#Luciana_Err,why,4,12.192426401272812
#Luciana_Err,though,2,12.171418211292442
#Luciana_Err,may,3,11.674912094926622
#Luciana_Err,own,2,11.597057095991417
#Luciana_Err,dromio,4,11.472504590154761
#Luciana_Err,she,5,11.165619818005851
#Luciana_Err,day,2,11.079831146079254
#Luciana_Err,antipholus,2,11.079831146079254
#Luciana_Err,fair,2,11.079831146079254
#Luciana_Err,duke,2,11.079831146079254
#Luciana_Err,get,2,10.61152507683994
#Luciana_Err,they'll,1,10.18539374582916
#Luciana_Err,business,1,10.18539374582916
#Luciana_Err,earth,1,10.18539374582916
#Luciana_Err,fish,1,10.18539374582916
#Luciana_Err,marriage,1,10.18539374582916
#Luciana_Err,spake,1,10.18539374582916
#Luciana_Err,late,1,10.18539374582916
#Luciana_Err,wealth,1,10.18539374582916
#Luciana_Err,credit,1,10.18539374582916
#Luciana_Err,turn,1,10.18539374582916
#Luciana_Err,soft,1,10.18539374582916
#Luciana_Err,denied,1,10.18539374582916
#Luciana_Err,right,1,10.18539374582916
#Luciana_Err,beauty,1,10.18539374582916
#Luciana_Err,talk,1,10.18539374582916
#Luciana_Err,sleep,1,10.18539374582916
#Luciana_Err,truth,1,10.18539374582916
#Luciana_Err,more,3,9.548806636714836
#Luciana_Err,merchant,1,9.459900758372303
#Luciana_Err,patient,1,9.459900758372303
#Luciana_Err,sea,1,9.459900758372303
#Luciana_Err,obey,1,9.459900758372303
#Luciana_Err,feel,1,9.459900758372303
#Luciana_Err,many,1,9.459900758372303
#Luciana_Err,sport,1,9.459900758372303
#Luciana_Err,fault,1,9.459900758372303
#Luciana_Err,pale,1,9.459900758372303
#Luciana_Err,night,1,9.459900758372303
#Luciana_Err,should,2,9.438295117837148
#Luciana_Err,come,4,9.336821311166768
#Luciana_Err,never,2,9.108803016455559
#Luciana_Err,who,2,8.804107877517815
#Luciana_Err,bear,2,8.804107877517815
#Luciana_Err,because,1,8.776286962682722
#Luciana_Err,beat,1,8.776286962682722
#Luciana_Err,tongue,1,8.776286962682722
#Luciana_Err,ill,1,8.776286962682722
#Luciana_Err,cheer,1,8.776286962682722
#Luciana_Err,words,1,8.776286962682722
#Luciana_Err,man,4,8.338285118650234
#Luciana_Err,like,2,8.258375803349299
#Luciana_Err,he's,1,8.169718647270921
#Luciana_Err,ere,1,8.169718647270921
#Luciana_Err,shame,1,8.169718647270921
#Luciana_Err,gentle,1,8.169718647270921
#Luciana_Err,suit,1,8.169718647270921
#Luciana_Err,might,1,8.169718647270921
#Luciana_Err,patience,1,8.169718647270921
#Luciana_Err,ne'er,1,8.169718647270921
#Luciana_Err,bid,1,7.639045309371869
#Luciana_Err,ass,1,7.639045309371869
#Luciana_Err,sake,1,7.639045309371869
#Luciana_Err,help,1,7.639045309371869
#Luciana_Err,himself,1,7.639045309371869
#Luciana_Err,master,3,7.222426538365503
#Luciana_Err,lord,1,7.17487428543067
#Luciana_Err,mad,2,7.17487428543067
#Luciana_Err,false,1,7.17487428543067
#Luciana_Err,witness,1,7.17487428543067
#Luciana_Err,abbey,1,7.17487428543067
#Luciana_Err,o,2,6.994971822443792
#Luciana_Err,or,3,6.89818770452288
#Luciana_Err,time,2,6.8248895510523155
#Luciana_Err,these,2,6.8248895510523155
#Luciana_Err,mart,1,6.767029128351984
#Luciana_Err,marry,1,6.767029128351984
#Luciana_Err,thyself,1,6.767029128351984
#Luciana_Err,heart,1,6.767029128351984
#Luciana_Err,word,1,6.767029128351984
#Luciana_Err,reason,1,6.767029128351984
#Luciana_Err,that's,1,6.767029128351984
#Luciana_Err,else,1,6.767029128351984
#Luciana_Err,hold,1,6.767029128351984
#Luciana_Err,answer,1,6.767029128351984
#Luciana_Err,one,2,6.663815037863857
#Luciana_Err,did,3,6.423864552929752
#Luciana_Err,wrong,1,6.40648603138036
#Luciana_Err,before,1,6.40648603138036
#Luciana_Err,i'll,2,6.227774583613454
#Luciana_Err,door,1,6.085709105646221
#Luciana_Err,there's,1,6.085709105646221
#Luciana_Err,nothing,1,6.085709105646221
#Luciana_Err,quoth,1,6.085709105646221
#Luciana_Err,hence,1,6.085709105646221
#Luciana_Err,even,1,6.085709105646221
#Luciana_Err,face,1,5.7985285479957085
#Luciana_Err,hast,1,5.7985285479957085
#Luciana_Err,comes,1,5.539915573039627
#Luciana_Err,fetch,1,5.539915573039627
#Luciana_Err,home,2,5.323783090808928
#Luciana_Err,bound,1,5.30576253841997
#Luciana_Err,speak,1,5.30576253841997
#Luciana_Err,would,2,5.055132787659118
#Luciana_Err,being,1,4.897931583480034
#Luciana_Err,ay,1,4.897931583480034
#Luciana_Err,go,2,4.8921437740802585
#Luciana_Err,sent,1,4.719147558918574
#Luciana_Err,such,1,4.719147558918574
#Luciana_Err,art,1,4.1291879016746496
#Luciana_Err,till,1,3.7839603033489206
#Luciana_Err,good,1,3.682756100600097
#Luciana_Err,out,1,3.682756100600097
#Luciana_Err,husband,1,3.497485911221896
#Luciana_Err,see,1,3.048106600318203
#Luciana_Err,wife,1,2.9853581235073703
#Luciana_Err,had,1,2.760712959189287
#Luciana_Err,know,1,2.6153750549284
#Luciana_Err,now,1,2.4460718870401292
#Luciana_Err,sir,1,1.2294904097206951
#Egeon_Err,son,5,38.401397799026206
#Egeon_Err,death,5,31.394279011656778
#Egeon_Err,whom,5,31.394279011656778
#Egeon_Err,been,5,28.032130174300892
#Egeon_Err,before,5,28.032130174300892
#Egeon_Err,end,6,26.740239372510544
#Egeon_Err,had,11,26.57542095104485
#Egeon_Err,care,3,23.040838679415728
#Egeon_Err,corinth,3,23.040838679415728
#Egeon_Err,years,3,23.040838679415728
#Egeon_Err,left,4,22.425704139440718
#Egeon_Err,ship,3,21.448383605547434
#Egeon_Err,strange,3,20.055179529382908
#Egeon_Err,other,4,19.392301331795537
#Egeon_Err,could,4,18.57265595178348
#Egeon_Err,sons,2,17.826826248340364
#Egeon_Err,life,4,17.145056439415868
#Egeon_Err,poor,3,16.819278104580537
#Egeon_Err,sun,2,16.557043483478786
#Egeon_Err,syracusa,2,16.557043483478786
#Egeon_Err,warrant,2,16.557043483478786
#Egeon_Err,up,3,15.977125901792954
#Egeon_Err,done,2,15.360559119610484
#Egeon_Err,whilst,2,15.360559119610484
#Egeon_Err,thought,2,15.360559119610484
#Egeon_Err,save,2,15.360559119610484
#Egeon_Err,antipholus,3,14.544225998846652
#Egeon_Err,epidamium,2,14.298922403698288
#Egeon_Err,those,2,14.298922403698288
#Egeon_Err,fear,2,14.298922403698288
#Egeon_Err,ere,2,14.298922403698288
#Egeon_Err,five,2,14.298922403698288
#Egeon_Err,made,3,13.929491963837613
#Egeon_Err,both,3,13.929491963837613
#Egeon_Err,leave,2,13.370119686255272
#Egeon_Err,old,2,13.370119686255272
#Egeon_Err,came,3,13.370119686255272
#Egeon_Err,woman,2,12.557711604662707
#Egeon_Err,tell,4,12.557711604662707
#Egeon_Err,two,3,12.389421411553755
#Egeon_Err,such,3,12.389421411553755
#Egeon_Err,o,4,12.24284012994639
#Egeon_Err,soon,2,11.84388699140747
#Egeon_Err,very,2,11.84388699140747
#Egeon_Err,light,2,11.84388699140747
#Egeon_Err,men,2,11.212852069720359
#Egeon_Err,brother,2,11.212852069720359
#Egeon_Err,dost,2,11.212852069720359
#Egeon_Err,like,3,10.84056990433668
#Egeon_Err,art,3,10.84056990433668
#Egeon_Err,though,2,10.65141726786197
#Egeon_Err,wife,4,10.450152813901825
#Egeon_Err,saw,2,10.14878398427059
#Egeon_Err,sure,2,10.14878398427059
#Egeon_Err,face,2,10.14878398427059
#Egeon_Err,gave,2,9.696150665897768
#Egeon_Err,must,2,9.696150665897768
#Egeon_Err,speak,2,9.28632797589174
#Egeon_Err,wealth,1,8.913413124170182
#Egeon_Err,goods,1,8.913413124170182
#Egeon_Err,burden,1,8.913413124170182
#Egeon_Err,bought,1,8.913413124170182
#Egeon_Err,alas,1,8.913413124170182
#Egeon_Err,any,2,8.913413124170182
#Egeon_Err,longer,1,8.913413124170182
#Egeon_Err,means,1,8.913413124170182
#Egeon_Err,ourselves,1,8.913413124170182
#Egeon_Err,gazing,1,8.913413124170182
#Egeon_Err,earth,1,8.913413124170182
#Egeon_Err,making,1,8.913413124170182
#Egeon_Err,heard,1,8.913413124170182
#Egeon_Err,sad,1,8.913413124170182
#Egeon_Err,after,1,8.913413124170182
#Egeon_Err,name,2,8.913413124170182
#Egeon_Err,doth,2,8.913413124170182
#Egeon_Err,deliver,1,8.913413124170182
#Egeon_Err,changed,1,8.913413124170182
#Egeon_Err,since,2,8.913413124170182
#Egeon_Err,knows,1,8.913413124170182
#Egeon_Err,blood,1,8.913413124170182
#Egeon_Err,dull,1,8.913413124170182
#Egeon_Err,more,3,8.356324803909544
#Egeon_Err,aboard,1,8.278521741739393
#Egeon_Err,far,1,8.278521741739393
#Egeon_Err,went,1,8.278521741739393
#Egeon_Err,bark,1,8.278521741739393
#Egeon_Err,egeon,1,8.278521741739393
#Egeon_Err,unless,1,8.278521741739393
#Egeon_Err,called,1,8.278521741739393
#Egeon_Err,last,1,8.278521741739393
#Egeon_Err,hours,1,8.278521741739393
#Egeon_Err,night,1,8.278521741739393
#Egeon_Err,see,3,8.002351421987454
#Egeon_Err,she,4,7.8169806457261215
#Egeon_Err,bear,2,7.704626120537769
#Egeon_Err,words,1,7.680279559805242
#Egeon_Err,world,1,7.680279559805242
#Egeon_Err,safe,1,7.680279559805242
#Egeon_Err,either,1,7.680279559805242
#Egeon_Err,straight,1,7.680279559805242
#Egeon_Err,soul,1,7.680279559805242
#Egeon_Err,another,1,7.680279559805242
#Egeon_Err,company,1,7.680279559805242
#Egeon_Err,live,1,7.680279559805242
#Egeon_Err,friend,1,7.680279559805242
#Egeon_Err,tongue,1,7.680279559805242
#Egeon_Err,dromio,3,7.529839459289126
#Egeon_Err,did,4,7.495512370338831
#Egeon_Err,brought,1,7.149461201849144
#Egeon_Err,return,1,7.149461201849144
#Egeon_Err,seek,1,7.149461201849144
#Egeon_Err,eyes,1,7.149461201849144
#Egeon_Err,meet,1,7.149461201849144
#Egeon_Err,part,1,7.149461201849144
#Egeon_Err,wind,1,7.149461201849144
#Egeon_Err,case,1,7.149461201849144
#Egeon_Err,might,1,7.149461201849144
#Egeon_Err,find,1,7.149461201849144
#Egeon_Err,place,1,7.149461201849144
#Egeon_Err,know,3,6.8662789836982485
#Egeon_Err,may,2,6.811277487959348
#Egeon_Err,hope,1,6.685059843127636
#Egeon_Err,ephesus,1,6.685059843127636
#Egeon_Err,sum,1,6.685059843127636
#Egeon_Err,use,1,6.685059843127636
#Egeon_Err,witness,1,6.278855802331353
#Egeon_Err,great,1,6.278855802331353
#Egeon_Err,pay,1,6.278855802331353
#Egeon_Err,ears,1,6.278855802331353
#Egeon_Err,welcome,1,5.921943495703735
#Egeon_Err,word,1,5.921943495703735
#Egeon_Err,look,1,5.921943495703735
#Egeon_Err,cannot,1,5.921943495703735
#Egeon_Err,one,2,5.8316190711685625
#Egeon_Err,myself,1,5.6064260348601795
#Egeon_Err,mean,1,5.325708633930985
#Egeon_Err,hour,1,5.074391992135295
#Egeon_Err,none,1,5.074391992135295
#Egeon_Err,therefore,1,5.074391992135295
#Egeon_Err,own,1,5.074391992135295
#Egeon_Err,most,1,5.074391992135295
#Egeon_Err,hand,1,5.074391992135295
#Egeon_Err,hast,1,5.074391992135295
#Egeon_Err,duke,1,4.848075332948884
#Egeon_Err,hear,1,4.848075332948884
#Egeon_Err,bound,1,4.64316398794587
#Egeon_Err,would,2,4.423833585461032
#Egeon_Err,long,1,4.286264109853967
#Egeon_Err,much,1,4.286264109853967
#Egeon_Err,being,1,4.286264109853967
#Egeon_Err,now,2,4.281199098372669
#Egeon_Err,or,2,4.024481746629372
#Egeon_Err,love,1,3.985635036721227
#Egeon_Err,mine,1,3.405638743979674
#Egeon_Err,till,1,3.311408696695757
#Egeon_Err,these,1,2.9862890730303047
#Egeon_Err,i'll,1,2.725016287695547
#Egeon_Err,why,1,2.667450473995818
#Egeon_Err,there,1,2.6125382034754563
#Egeon_Err,home,1,2.3294670415310783
#Egeon_Err,come,1,2.0427032005283268
#Egeon_Err,sir,1,1.0759481888987772
#Duke_Err,syracusian,5,42.131343240190866
#Duke_Err,ephesus,4,31.51572325580904
#Duke_Err,die,3,29.270897303343204
#Duke_Err,these,7,24.637229709676845
#Duke_Err,pity,2,21.010482170539362
#Duke_Err,been,3,19.822998093703376
#Duke_Err,merchant,2,19.513931535562143
#Duke_Err,syracusa,2,19.513931535562143
#Duke_Err,plead,2,19.513931535562143
#Duke_Err,cause,2,19.513931535562143
#Duke_Err,abbess,2,19.513931535562143
#Duke_Err,stand,2,18.103769510971564
#Duke_Err,any,3,15.75786162790452
#Duke_Err,sum,2,15.75786162790452
#Duke_Err,abbey,2,14.800367272166815
#Duke_Err,two,3,14.602022482548335
#Duke_Err,cannot,2,13.959062201888946
#Duke_Err,marks,2,13.21533206246892
#Duke_Err,didst,2,13.21533206246892
#Duke_Err,art,3,12.776564797379784
#Duke_Err,why,4,12.575299684631974
#Duke_Err,though,2,12.553631783909008
#Duke_Err,may,3,12.041534109249177
#Duke_Err,therefore,2,11.961234264793712
#Duke_Err,antipholus,2,11.427766100972365
#Duke_Err,against,2,10.944754026837424
#Duke_Err,late,1,10.505241085269681
#Duke_Err,lives,1,10.505241085269681
#Duke_Err,since,2,10.505241085269681
#Duke_Err,ourselves,1,10.505241085269681
#Duke_Err,goods,1,10.505241085269681
#Duke_Err,hundred,1,10.505241085269681
#Duke_Err,full,1,10.505241085269681
#Duke_Err,trust,1,10.505241085269681
#Duke_Err,reverend,1,10.505241085269681
#Duke_Err,knock,1,10.505241085269681
#Duke_Err,sirrah,1,10.505241085269681
#Duke_Err,right,1,10.505241085269681
#Duke_Err,father,1,10.505241085269681
#Duke_Err,feast,1,10.505241085269681
#Duke_Err,nay,2,10.103478252803813
#Duke_Err,again,2,10.103478252803813
#Duke_Err,life,2,10.103478252803813
#Duke_Err,unless,1,9.756965767781072
#Duke_Err,egeon,1,9.756965767781072
#Duke_Err,gate,1,9.756965767781072
#Duke_Err,fault,1,9.756965767781072
#Duke_Err,wilt,1,9.756965767781072
#Duke_Err,urging,1,9.756965767781072
#Duke_Err,sea,1,9.756965767781072
#Duke_Err,who,2,9.080579317998408
#Duke_Err,looks,1,9.051884755485782
#Duke_Err,soul,1,9.051884755485782
#Duke_Err,live,1,9.051884755485782
#Duke_Err,once,1,9.051884755485782
#Duke_Err,friend,1,9.051884755485782
#Duke_Err,done,1,9.051884755485782
#Duke_Err,enter,1,9.051884755485782
#Duke_Err,hither,1,9.051884755485782
#Duke_Err,years,1,9.051884755485782
#Duke_Err,corinth,1,9.051884755485782
#Duke_Err,seek,1,8.426268648038173
#Duke_Err,fear,1,8.426268648038173
#Duke_Err,find,1,8.426268648038173
#Duke_Err,dined,1,8.426268648038173
#Duke_Err,ne'er,1,8.426268648038173
#Duke_Err,together,1,8.426268648038173
#Duke_Err,think,2,8.264540680440524
#Duke_Err,thousand,1,7.87893081395226
#Duke_Err,old,1,7.87893081395226
#Duke_Err,sake,1,7.87893081395226
#Duke_Err,help,1,7.87893081395226
#Duke_Err,grace,1,7.87893081395226
#Duke_Err,bid,1,7.87893081395226
#Duke_Err,strange,1,7.87893081395226
#Duke_Err,besides,1,7.87893081395226
#Duke_Err,met,1,7.87893081395226
#Duke_Err,first,1,7.87893081395226
#Duke_Err,would,3,7.820815273953938
#Duke_Err,whom,1,7.4001836360834075
#Duke_Err,death,1,7.4001836360834075
#Duke_Err,great,1,7.4001836360834075
#Duke_Err,pay,1,7.4001836360834075
#Duke_Err,bed,1,7.4001836360834075
#Duke_Err,woman,1,7.4001836360834075
#Duke_Err,goldsmith,1,7.4001836360834075
#Duke_Err,stay,1,7.4001836360834075
#Duke_Err,mad,2,7.400183636083407
#Duke_Err,come,3,7.222515984032719
#Duke_Err,or,3,7.114808390901003
#Duke_Err,word,1,6.979531100944473
#Duke_Err,heart,1,6.979531100944473
#Duke_Err,one,2,6.873075824788003
#Duke_Err,wrong,1,6.60766603123446
#Duke_Err,before,1,6.60766603123446
#Duke_Err,men,1,6.60766603123446
#Duke_Err,more,2,6.565775678293551
#Duke_Err,i'll,2,6.4233425882396595
#Duke_Err,can,1,6.276815891954504
#Duke_Err,up,1,6.276815891954504
#Duke_Err,nothing,1,6.276815891954504
#Duke_Err,hast,1,5.980617132396856
#Duke_Err,call,1,5.980617132396856
#Duke_Err,saw,1,5.980617132396856
#Duke_Err,duke,1,5.713883050486182
#Duke_Err,break,1,5.713883050486182
#Duke_Err,day,1,5.713883050486182
#Duke_Err,other,1,5.713883050486182
#Duke_Err,home,2,5.490963457110521
#Duke_Err,both,1,5.472377013418712
#Duke_Err,could,1,5.472377013418712
#Duke_Err,speak,1,5.472377013418712
#Duke_Err,much,1,5.051739126401906
#Duke_Err,long,1,5.051739126401906
#Duke_Err,now,2,5.045769565026321
#Duke_Err,go,2,5.045769565026321
#Duke_Err,should,1,4.867340827516112
#Duke_Err,take,1,4.867340827516112
#Duke_Err,such,1,4.867340827516112
#Duke_Err,she,2,4.606499502393763
#Duke_Err,bear,1,4.540289658999204
#Duke_Err,man,2,4.300064268257032
#Duke_Err,like,1,4.258854932459928
#Duke_Err,till,1,3.902786307112428
#Duke_Err,good,1,3.7984040342960954
#Duke_Err,tell,1,3.7000918180417033
#Duke_Err,husband,1,3.6073158884766396
#Duke_Err,time,1,3.519604244239549
#Duke_Err,see,1,3.1438249211579934
#Duke_Err,had,1,2.847406386757293
#Duke_Err,know,1,2.697504501647188
#Duke_Err,chain,1,2.564144034747911
#Duke_Err,master,1,2.483076383677653
#DromioOfSyracuse_Err,marry,8,35.63453814029097
#DromioOfSyracuse_Err,hair,6,28.33665924808549
#DromioOfSyracuse_Err,sir,34,27.516118046204102
#DromioOfSyracuse_Err,hip,4,26.8176621546494
#DromioOfSyracuse_Err,sergeant,4,26.8176621546494
#DromioOfSyracuse_Err,light,6,26.725903605218228
#DromioOfSyracuse_Err,she,18,26.458696123970658
#DromioOfSyracuse_Err,one,12,26.31826684457113
#DromioOfSyracuse_Err,bald,4,24.9074732784312
#DromioOfSyracuse_Err,run,4,24.9074732784312
#DromioOfSyracuse_Err,burn,4,24.9074732784312
#DromioOfSyracuse_Err,claim,4,23.10755034225921
#DromioOfSyracuse_Err,must,6,21.879505286267644
#DromioOfSyracuse_Err,sent,7,21.744263313676136
#DromioOfSyracuse_Err,master,13,20.601001425739867
#DromioOfSyracuse_Err,time,9,20.21581444360946
#DromioOfSyracuse_Err,plain,3,20.11324661598705
#DromioOfSyracuse_Err,recover,3,20.11324661598705
#DromioOfSyracuse_Err,wench,3,20.11324661598705
#DromioOfSyracuse_Err,faith,3,20.11324661598705
#DromioOfSyracuse_Err,turn,3,20.11324661598705
#DromioOfSyracuse_Err,band,3,20.11324661598705
#DromioOfSyracuse_Err,adam,3,20.11324661598705
#DromioOfSyracuse_Err,wherefore,4,18.891106165390326
#DromioOfSyracuse_Err,head,3,18.6806049588234
#DromioOfSyracuse_Err,beaten,3,18.6806049588234
#DromioOfSyracuse_Err,ran,3,18.6806049588234
#DromioOfSyracuse_Err,bark,3,18.6806049588234
#DromioOfSyracuse_Err,worse,3,18.6806049588234
#DromioOfSyracuse_Err,devil,3,18.6806049588234
#DromioOfSyracuse_Err,man,13,17.837878589528742
#DromioOfSyracuse_Err,very,4,17.817269070145485
#DromioOfSyracuse_Err,could,5,17.462278678034373
#DromioOfSyracuse_Err,breath,3,17.33066275669441
#DromioOfSyracuse_Err,men,4,16.867976071950363
#DromioOfSyracuse_Err,like,6,16.307935984142233
#DromioOfSyracuse_Err,lost,3,16.132863395985627
#DromioOfSyracuse_Err,find,3,16.132863395985627
#DromioOfSyracuse_Err,he's,3,16.132863395985627
#DromioOfSyracuse_Err,case,3,16.132863395985627
#DromioOfSyracuse_Err,'tis,5,16.120029050931613
#DromioOfSyracuse_Err,such,5,15.531616652625814
#DromioOfSyracuse_Err,wit,3,15.08493496199029
#DromioOfSyracuse_Err,would,9,14.973667435741273
#DromioOfSyracuse_Err,comes,4,14.58633685751176
#DromioOfSyracuse_Err,stay,3,14.168329624042745
#DromioOfSyracuse_Err,o,6,13.813073588274829
#DromioOfSyracuse_Err,spake,2,13.4088310773247
#DromioOfSyracuse_Err,sconce,2,13.4088310773247
#DromioOfSyracuse_Err,any,4,13.4088310773247
#DromioOfSyracuse_Err,porter,2,13.4088310773247
#DromioOfSyracuse_Err,lay,2,13.4088310773247
#DromioOfSyracuse_Err,marriage,2,13.4088310773247
#DromioOfSyracuse_Err,longer,2,13.4088310773247
#DromioOfSyracuse_Err,found,2,13.4088310773247
#DromioOfSyracuse_Err,hard,2,13.4088310773247
#DromioOfSyracuse_Err,rest,2,13.4088310773247
#DromioOfSyracuse_Err,fire,2,13.4088310773247
#DromioOfSyracuse_Err,word,3,13.362951802609114
#DromioOfSyracuse_Err,heart,3,13.362951802609114
#DromioOfSyracuse_Err,god,3,13.362951802609114
#DromioOfSyracuse_Err,long,4,12.89602324074529
#DromioOfSyracuse_Err,ay,4,12.89602324074529
#DromioOfSyracuse_Err,nay,4,12.89602324074529
#DromioOfSyracuse_Err,myself,3,12.650982053962771
#DromioOfSyracuse_Err,many,2,12.4537366392156
#DromioOfSyracuse_Err,god's,2,12.4537366392156
#DromioOfSyracuse_Err,called,2,12.4537366392156
#DromioOfSyracuse_Err,aboard,2,12.4537366392156
#DromioOfSyracuse_Err,night,2,12.4537366392156
#DromioOfSyracuse_Err,why,6,12.03828173832215
#DromioOfSyracuse_Err,nothing,3,12.01753914767838
#DromioOfSyracuse_Err,lest,2,11.553775171129605
#DromioOfSyracuse_Err,another,2,11.553775171129605
#DromioOfSyracuse_Err,pate,2,11.553775171129605
#DromioOfSyracuse_Err,drop,2,11.553775171129605
#DromioOfSyracuse_Err,back,2,11.553775171129605
#DromioOfSyracuse_Err,saw,3,11.450439482856218
#DromioOfSyracuse_Err,hour,3,11.450439482856218
#DromioOfSyracuse_Err,centaur,2,10.755242263990418
#DromioOfSyracuse_Err,ship,2,10.755242263990418
#DromioOfSyracuse_Err,whose,2,10.755242263990418
#DromioOfSyracuse_Err,suit,2,10.755242263990418
#DromioOfSyracuse_Err,get,3,10.477367206820624
#DromioOfSyracuse_Err,know,6,10.329239062479324
#DromioOfSyracuse_Err,sake,2,10.056623307993526
#DromioOfSyracuse_Err,use,2,10.056623307993526
#DromioOfSyracuse_Err,meat,2,10.056623307993526
#DromioOfSyracuse_Err,himself,2,10.056623307993526
#DromioOfSyracuse_Err,ass,2,10.056623307993526
#DromioOfSyracuse_Err,name,3,10.056623307993526
#DromioOfSyracuse_Err,besides,2,10.056623307993526
#DromioOfSyracuse_Err,put,2,10.056623307993526
#DromioOfSyracuse_Err,old,2,10.056623307993526
#DromioOfSyracuse_Err,till,4,9.962989311372482
#DromioOfSyracuse_Err,out,4,9.696523410723328
#DromioOfSyracuse_Err,pray,3,9.672017430558967
#DromioOfSyracuse_Err,jest,2,9.445553082695163
#DromioOfSyracuse_Err,blows,2,9.445553082695163
#DromioOfSyracuse_Err,tell,4,9.445553082695161
#DromioOfSyracuse_Err,or,6,9.081301712808324
#DromioOfSyracuse_Err,gold,3,8.993643545760788
#DromioOfSyracuse_Err,never,3,8.993643545760788
#DromioOfSyracuse_Err,answer,2,8.908634535072743
#DromioOfSyracuse_Err,else,2,8.908634535072743
#DromioOfSyracuse_Err,reason,2,8.908634535072743
#DromioOfSyracuse_Err,that's,2,8.908634535072743
#DromioOfSyracuse_Err,merry,2,8.433988035975181
#DromioOfSyracuse_Err,before,2,8.433988035975181
#DromioOfSyracuse_Err,left,2,8.433988035975181
#DromioOfSyracuse_Err,now,5,8.050490131946272
#DromioOfSyracuse_Err,there's,2,8.01169276511892
#DromioOfSyracuse_Err,door,2,8.01169276511892
#DromioOfSyracuse_Err,up,2,8.01169276511892
#DromioOfSyracuse_Err,may,3,7.684873458504779
#DromioOfSyracuse_Err,dromio,4,7.55164110107235
#DromioOfSyracuse_Err,mistress,3,7.47224198352936
#DromioOfSyracuse_Err,gave,2,7.29316842875588
#DromioOfSyracuse_Err,break,2,7.29316842875588
#DromioOfSyracuse_Err,away,2,7.29316842875588
#DromioOfSyracuse_Err,fair,2,7.29316842875588
#DromioOfSyracuse_Err,day,2,7.29316842875588
#DromioOfSyracuse_Err,had,4,7.268827233686261
#DromioOfSyracuse_Err,today,2,6.984911471213749
#DromioOfSyracuse_Err,speak,2,6.984911471213749
#DromioOfSyracuse_Err,against,2,6.984911471213749
#DromioOfSyracuse_Err,made,2,6.984911471213749
#DromioOfSyracuse_Err,since,2,6.70441553866235
#DromioOfSyracuse_Err,means,1,6.70441553866235
#DromioOfSyracuse_Err,rather,1,6.70441553866235
#DromioOfSyracuse_Err,shoulders,1,6.70441553866235
#DromioOfSyracuse_Err,something,1,6.70441553866235
#DromioOfSyracuse_Err,denied,1,6.70441553866235
#DromioOfSyracuse_Err,father,1,6.70441553866235
#DromioOfSyracuse_Err,sound,1,6.70441553866235
#DromioOfSyracuse_Err,end,2,6.70441553866235
#DromioOfSyracuse_Err,talk,1,6.70441553866235
#DromioOfSyracuse_Err,they'll,1,6.70441553866235
#DromioOfSyracuse_Err,knows,1,6.70441553866235
#DromioOfSyracuse_Err,came,2,6.70441553866235
#DromioOfSyracuse_Err,right,1,6.70441553866235
#DromioOfSyracuse_Err,you'll,1,6.70441553866235
#DromioOfSyracuse_Err,fish,1,6.70441553866235
#DromioOfSyracuse_Err,creature,1,6.70441553866235
#DromioOfSyracuse_Err,reverend,1,6.70441553866235
#DromioOfSyracuse_Err,lives,1,6.70441553866235
#DromioOfSyracuse_Err,making,1,6.70441553866235
#DromioOfSyracuse_Err,between,1,6.70441553866235
#DromioOfSyracuse_Err,th',1,6.70441553866235
#DromioOfSyracuse_Err,bought,1,6.70441553866235
#DromioOfSyracuse_Err,rope's,1,6.70441553866235
#DromioOfSyracuse_Err,purse,1,6.70441553866235
#DromioOfSyracuse_Err,haste,1,6.70441553866235
#DromioOfSyracuse_Err,heard,1,6.70441553866235
#DromioOfSyracuse_Err,pity,1,6.70441553866235
#DromioOfSyracuse_Err,tonight,1,6.70441553866235
#DromioOfSyracuse_Err,hindered,1,6.70441553866235
#DromioOfSyracuse_Err,deliver,1,6.70441553866235
#DromioOfSyracuse_Err,blood,1,6.70441553866235
#DromioOfSyracuse_Err,stuff,1,6.70441553866235
#DromioOfSyracuse_Err,goods,1,6.70441553866235
#DromioOfSyracuse_Err,chain,4,6.545718264014866
#DromioOfSyracuse_Err,life,2,6.448011620372645
#DromioOfSyracuse_Err,being,2,6.448011620372645
#DromioOfSyracuse_Err,go,4,6.440392105557017
#DromioOfSyracuse_Err,more,3,6.285389567495955
#DromioOfSyracuse_Err,thank,1,6.2268683196078
#DromioOfSyracuse_Err,obey,1,6.2268683196078
#DromioOfSyracuse_Err,gate,1,6.2268683196078
#DromioOfSyracuse_Err,cold,1,6.2268683196078
#DromioOfSyracuse_Err,due,1,6.2268683196078
#DromioOfSyracuse_Err,body,1,6.2268683196078
#DromioOfSyracuse_Err,warrant,1,6.2268683196078
#DromioOfSyracuse_Err,told,1,6.2268683196078
#DromioOfSyracuse_Err,fellow,1,6.2268683196078
#DromioOfSyracuse_Err,debt,1,6.2268683196078
#DromioOfSyracuse_Err,went,1,6.2268683196078
#DromioOfSyracuse_Err,thereof,1,6.2268683196078
#DromioOfSyracuse_Err,draw,1,6.2268683196078
#DromioOfSyracuse_Err,take,2,6.212646661050325
#DromioOfSyracuse_Err,two,2,6.212646661050325
#DromioOfSyracuse_Err,should,2,6.212646661050325
#DromioOfSyracuse_Err,wife,3,5.895230530457613
#DromioOfSyracuse_Err,who,2,5.795200375268841
#DromioOfSyracuse_Err,because,1,5.776887585564802
#DromioOfSyracuse_Err,lose,1,5.776887585564802
#DromioOfSyracuse_Err,save,1,5.776887585564802
#DromioOfSyracuse_Err,mind,1,5.776887585564802
#DromioOfSyracuse_Err,either,1,5.776887585564802
#DromioOfSyracuse_Err,walk,1,5.776887585564802
#DromioOfSyracuse_Err,world,1,5.776887585564802
#DromioOfSyracuse_Err,stays,1,5.776887585564802
#DromioOfSyracuse_Err,yourself,1,5.776887585564802
#DromioOfSyracuse_Err,fast,1,5.776887585564802
#DromioOfSyracuse_Err,arrested,1,5.776887585564802
#DromioOfSyracuse_Err,way,1,5.776887585564802
#DromioOfSyracuse_Err,here's,1,5.776887585564802
#DromioOfSyracuse_Err,liberty,1,5.776887585564802
#DromioOfSyracuse_Err,friend,1,5.776887585564802
#DromioOfSyracuse_Err,signior,1,5.776887585564802
#DromioOfSyracuse_Err,did,4,5.637910966974726
#DromioOfSyracuse_Err,dinner,2,5.609127843812436
#DromioOfSyracuse_Err,house,2,5.435978661380746
#DromioOfSyracuse_Err,seek,1,5.377621131995209
#DromioOfSyracuse_Err,those,1,5.377621131995209
#DromioOfSyracuse_Err,true,1,5.377621131995209
#DromioOfSyracuse_Err,down,1,5.377621131995209
#DromioOfSyracuse_Err,about,1,5.377621131995209
#DromioOfSyracuse_Err,epidamium,1,5.377621131995209
#DromioOfSyracuse_Err,wind,1,5.377621131995209
#DromioOfSyracuse_Err,dined,1,5.377621131995209
#DromioOfSyracuse_Err,send,1,5.377621131995209
#DromioOfSyracuse_Err,ere,1,5.377621131995209
#DromioOfSyracuse_Err,meet,1,5.377621131995209
#DromioOfSyracuse_Err,fear,1,5.377621131995209
#DromioOfSyracuse_Err,brought,1,5.377621131995209
#DromioOfSyracuse_Err,gentle,1,5.377621131995209
#DromioOfSyracuse_Err,think,2,5.274406794485303
#DromioOfSyracuse_Err,leave,1,5.028311653996763
#DromioOfSyracuse_Err,neither,1,5.028311653996763
#DromioOfSyracuse_Err,hope,1,5.028311653996763
#DromioOfSyracuse_Err,bid,1,5.028311653996763
#DromioOfSyracuse_Err,still,1,5.028311653996763
#DromioOfSyracuse_Err,first,1,5.028311653996763
#DromioOfSyracuse_Err,good,2,4.848261705361664
#DromioOfSyracuse_Err,money,2,4.848261705361664
#DromioOfSyracuse_Err,pay,1,4.7227765413475815
#DromioOfSyracuse_Err,woman,1,4.7227765413475815
#DromioOfSyracuse_Err,great,1,4.7227765413475815
#DromioOfSyracuse_Err,bed,1,4.7227765413475815
#DromioOfSyracuse_Err,hold,1,4.454317267536371
#DromioOfSyracuse_Err,without,1,4.454317267536371
#DromioOfSyracuse_Err,look,1,4.454317267536371
#DromioOfSyracuse_Err,soon,1,4.454317267536371
#DromioOfSyracuse_Err,ring,1,4.454317267536371
#DromioOfSyracuse_Err,dost,1,4.216994017987591
#DromioOfSyracuse_Err,marks,1,4.216994017987591
#DromioOfSyracuse_Err,been,1,4.216994017987591
#DromioOfSyracuse_Err,sweet,1,4.216994017987591
#DromioOfSyracuse_Err,poor,1,4.216994017987591
#DromioOfSyracuse_Err,gone,1,4.216994017987591
#DromioOfSyracuse_Err,forth,1,4.216994017987591
#DromioOfSyracuse_Err,i'll,2,4.099359311147127
#DromioOfSyracuse_Err,see,2,4.012760579440717
#DromioOfSyracuse_Err,mean,1,4.00584638255946
#DromioOfSyracuse_Err,hence,1,4.00584638255946
#DromioOfSyracuse_Err,town,1,4.00584638255946
#DromioOfSyracuse_Err,can,1,4.00584638255946
#DromioOfSyracuse_Err,there,2,3.9301536869717415
#DromioOfSyracuse_Err,call,1,3.8168131609520723
#DromioOfSyracuse_Err,none,1,3.8168131609520723
#DromioOfSyracuse_Err,sure,1,3.8168131609520723
#DromioOfSyracuse_Err,therefore,1,3.8168131609520723
#DromioOfSyracuse_Err,hast,1,3.8168131609520723
#DromioOfSyracuse_Err,own,1,3.8168131609520723
#DromioOfSyracuse_Err,face,1,3.8168131609520723
#DromioOfSyracuse_Err,hand,1,3.8168131609520723
#DromioOfSyracuse_Err,other,1,3.64658421437794
#DromioOfSyracuse_Err,hear,1,3.64658421437794
#DromioOfSyracuse_Err,fetch,1,3.64658421437794
#DromioOfSyracuse_Err,both,1,3.4924557356068746
#DromioOfSyracuse_Err,bound,1,3.4924557356068746
#DromioOfSyracuse_Err,again,1,3.2240058101863225
#DromioOfSyracuse_Err,much,1,3.2240058101863225
#DromioOfSyracuse_Err,come,2,3.07292636114012
#DromioOfSyracuse_Err,bear,1,2.8976001876344206
#DromioOfSyracuse_Err,sister,1,2.561624486168259
#DromioOfSyracuse_Err,mad,1,2.3613882706737903
#DromioOfSyracuse_Err,husband,1,2.302178931379138
#DromioOfSyracuse_Err,these,1,2.2462016048454956
#DromioOfSyracuse_Err,home,1,1.7521587760464932
#DromioOfEphesus_Err,quoth,11,53.754703995570274
#DromioOfEphesus_Err,mistress,11,33.42349469986877
#DromioOfEphesus_Err,cold,4,30.384995181698876
#DromioOfEphesus_Err,hands,4,30.384995181698876
#DromioOfEphesus_Err,blows,5,28.806924903408987
#DromioOfEphesus_Err,nay,7,27.531086730173328
#DromioOfEphesus_Err,marks,5,25.721866984549546
#DromioOfEphesus_Err,home,12,25.649812988705072
#DromioOfEphesus_Err,gold,7,25.60011727194481
#DromioOfEphesus_Err,master,13,25.131466450325696
#DromioOfEphesus_Err,rather,3,24.53644714112007
#DromioOfEphesus_Err,shoulders,3,24.53644714112007
#DromioOfEphesus_Err,thousand,4,24.53644714112007
#DromioOfEphesus_Err,spurn,3,24.53644714112007
#DromioOfEphesus_Err,crow,3,22.788746386274155
#DromioOfEphesus_Err,without,4,21.735550161814796
#DromioOfEphesus_Err,sir,22,21.720030284921222
#DromioOfEphesus_Err,because,3,21.141931920240733
#DromioOfEphesus_Err,fast,3,21.141931920240733
#DromioOfEphesus_Err,rope,3,21.141931920240733
#DromioOfEphesus_Err,door,4,19.547165089298282
#DromioOfEphesus_Err,hand,4,18.624747393450292
#DromioOfEphesus_Err,meat,3,18.40233535584005
#DromioOfEphesus_Err,ass,3,18.40233535584005
#DromioOfEphesus_Err,gave,4,17.794088150961855
#DromioOfEphesus_Err,pay,3,17.284154942045394
#DromioOfEphesus_Err,witness,3,17.284154942045394
#DromioOfEphesus_Err,dinner,5,17.106645122386
#DromioOfEphesus_Err,between,2,16.35763142741338
#DromioOfEphesus_Err,understand,2,16.35763142741338
#DromioOfEphesus_Err,rope's,2,16.35763142741338
#DromioOfEphesus_Err,end,4,16.35763142741338
#DromioOfEphesus_Err,pray,4,15.732049560099048
#DromioOfEphesus_Err,ay,4,15.732049560099048
#DromioOfEphesus_Err,brother,3,15.433120190729728
#DromioOfEphesus_Err,returned,2,15.192497590849438
#DromioOfEphesus_Err,last,2,15.192497590849438
#DromioOfEphesus_Err,god's,2,15.192497590849438
#DromioOfEphesus_Err,feel,2,15.192497590849438
#DromioOfEphesus_Err,thank,2,15.192497590849438
#DromioOfEphesus_Err,patient,2,15.192497590849438
#DromioOfEphesus_Err,out,5,14.786165472332083
#DromioOfEphesus_Err,mean,3,14.660373816973713
#DromioOfEphesus_Err,nothing,3,14.660373816973713
#DromioOfEphesus_Err,mad,5,14.403462451704494
#DromioOfEphesus_Err,bear,4,14.139301366390072
#DromioOfEphesus_Err,pate,2,14.094621280160489
#DromioOfEphesus_Err,stays,2,14.094621280160489
#DromioOfEphesus_Err,beat,2,14.094621280160489
#DromioOfEphesus_Err,hither,2,14.094621280160489
#DromioOfEphesus_Err,stand,2,14.094621280160489
#DromioOfEphesus_Err,here's,2,14.094621280160489
#DromioOfEphesus_Err,locked,2,14.094621280160489
#DromioOfEphesus_Err,sure,3,13.96856054508772
#DromioOfEphesus_Err,other,3,13.345566113221388
#DromioOfEphesus_Err,break,3,13.345566113221388
#DromioOfEphesus_Err,like,4,13.26286159880407
#DromioOfEphesus_Err,come,7,13.120479171700888
#DromioOfEphesus_Err,return,2,13.120479171700888
#DromioOfEphesus_Err,buy,2,13.120479171700888
#DromioOfEphesus_Err,might,2,13.120479171700888
#DromioOfEphesus_Err,could,3,12.781495278038337
#DromioOfEphesus_Err,bound,3,12.781495278038337
#DromioOfEphesus_Err,doth,3,12.268223570560036
#DromioOfEphesus_Err,sake,2,12.268223570560036
#DromioOfEphesus_Err,name,3,12.268223570560036
#DromioOfEphesus_Err,help,2,12.268223570560036
#DromioOfEphesus_Err,would,6,12.177732302841239
#DromioOfEphesus_Err,'tis,3,11.799037170074286
#DromioOfEphesus_Err,ears,2,11.522769961363597
#DromioOfEphesus_Err,should,3,11.368349375591592
#DromioOfEphesus_Err,two,3,11.368349375591592
#DromioOfEphesus_Err,mart,2,10.867775080907398
#DromioOfEphesus_Err,hold,2,10.867775080907398
#DromioOfEphesus_Err,within,2,10.867775080907398
#DromioOfEphesus_Err,doors,2,10.867775080907398
#DromioOfEphesus_Err,know,5,10.500659635885068
#DromioOfEphesus_Err,there,4,9.58890526606591
#DromioOfEphesus_Err,mine,3,9.37489083691353
#DromioOfEphesus_Err,face,2,9.312373696725146
#DromioOfEphesus_Err,hour,2,9.312373696725146
#DromioOfEphesus_Err,she,5,8.965931911878867
#DromioOfEphesus_Err,must,2,8.897044075480927
#DromioOfEphesus_Err,money,3,8.87169928339925
#DromioOfEphesus_Err,made,2,8.520996852025558
#DromioOfEphesus_Err,today,2,8.520996852025558
#DromioOfEphesus_Err,both,2,8.520996852025558
#DromioOfEphesus_Err,o,3,8.425386423833556
#DromioOfEphesus_Err,late,1,8.17881571370669
#DromioOfEphesus_Err,show,1,8.17881571370669
#DromioOfEphesus_Err,wrongs,1,8.17881571370669
#DromioOfEphesus_Err,porter,1,8.17881571370669
#DromioOfEphesus_Err,street,1,8.17881571370669
#DromioOfEphesus_Err,credit,1,8.17881571370669
#DromioOfEphesus_Err,changed,1,8.17881571370669
#DromioOfEphesus_Err,knock,1,8.17881571370669
#DromioOfEphesus_Err,hard,1,8.17881571370669
#DromioOfEphesus_Err,knave,1,8.17881571370669
#DromioOfEphesus_Err,bought,1,8.17881571370669
#DromioOfEphesus_Err,fish,1,8.17881571370669
#DromioOfEphesus_Err,sirrah,1,8.17881571370669
#DromioOfEphesus_Err,hundred,1,8.17881571370669
#DromioOfEphesus_Err,sleep,1,8.17881571370669
#DromioOfEphesus_Err,received,1,8.17881571370669
#DromioOfEphesus_Err,ourselves,1,8.17881571370669
#DromioOfEphesus_Err,trust,1,8.17881571370669
#DromioOfEphesus_Err,one,3,8.026510781760507
#DromioOfEphesus_Err,again,2,7.866024780049524
#DromioOfEphesus_Err,villain,2,7.866024780049524
#DromioOfEphesus_Err,being,2,7.866024780049524
#DromioOfEphesus_Err,go,4,7.856729621188098
#DromioOfEphesus_Err,now,4,7.856729621188098
#DromioOfEphesus_Err,fault,1,7.596248795424719
#DromioOfEphesus_Err,told,1,7.596248795424719
#DromioOfEphesus_Err,withal,1,7.596248795424719
#DromioOfEphesus_Err,burn,1,7.596248795424719
#DromioOfEphesus_Err,due,1,7.596248795424719
#DromioOfEphesus_Err,beaten,1,7.596248795424719
#DromioOfEphesus_Err,holy,1,7.596248795424719
#DromioOfEphesus_Err,head,1,7.596248795424719
#DromioOfEphesus_Err,went,1,7.596248795424719
#DromioOfEphesus_Err,warrant,1,7.596248795424719
#DromioOfEphesus_Err,devil,1,7.596248795424719
#DromioOfEphesus_Err,porpentine,1,7.596248795424719
#DromioOfEphesus_Err,why,3,7.342839005103031
#DromioOfEphesus_Err,mind,1,7.047310640080244
#DromioOfEphesus_Err,tongue,1,7.047310640080244
#DromioOfEphesus_Err,back,1,7.047310640080244
#DromioOfEphesus_Err,words,1,7.047310640080244
#DromioOfEphesus_Err,shut,1,7.047310640080244
#DromioOfEphesus_Err,rage,1,7.047310640080244
#DromioOfEphesus_Err,walk,1,7.047310640080244
#DromioOfEphesus_Err,world,1,7.047310640080244
#DromioOfEphesus_Err,another,1,7.047310640080244
#DromioOfEphesus_Err,dromio,3,6.909269034588367
#DromioOfEphesus_Err,did,4,6.87777100677328
#DromioOfEphesus_Err,man,4,6.695597544445394
#DromioOfEphesus_Err,house,2,6.631430799402035
#DromioOfEphesus_Err,those,1,6.560239585850444
#DromioOfEphesus_Err,hie,1,6.560239585850444
#DromioOfEphesus_Err,he's,1,6.560239585850444
#DromioOfEphesus_Err,send,1,6.560239585850444
#DromioOfEphesus_Err,case,1,6.560239585850444
#DromioOfEphesus_Err,ne'er,1,6.560239585850444
#DromioOfEphesus_Err,place,1,6.560239585850444
#DromioOfEphesus_Err,wind,1,6.560239585850444
#DromioOfEphesus_Err,together,1,6.560239585850444
#DromioOfEphesus_Err,five,1,6.560239585850444
#DromioOfEphesus_Err,gentle,1,6.560239585850444
#DromioOfEphesus_Err,dined,1,6.560239585850444
#DromioOfEphesus_Err,into,1,6.560239585850444
#DromioOfEphesus_Err,think,2,6.434326888369543
#DromioOfEphesus_Err,may,2,6.24992722460902
#DromioOfEphesus_Err,charge,1,6.134111785280018
#DromioOfEphesus_Err,keep,1,6.134111785280018
#DromioOfEphesus_Err,bid,1,6.134111785280018
#DromioOfEphesus_Err,jest,1,5.7613849806817985
#DromioOfEphesus_Err,lord,1,5.7613849806817985
#DromioOfEphesus_Err,dine,1,5.7613849806817985
#DromioOfEphesus_Err,stay,1,5.7613849806817985
#DromioOfEphesus_Err,soon,1,5.433887540453699
#DromioOfEphesus_Err,marry,1,5.433887540453699
#DromioOfEphesus_Err,welcome,1,5.433887540453699
#DromioOfEphesus_Err,word,1,5.433887540453699
#DromioOfEphesus_Err,heart,1,5.433887540453699
#DromioOfEphesus_Err,god,1,5.433887540453699
#DromioOfEphesus_Err,that's,1,5.433887540453699
#DromioOfEphesus_Err,been,1,5.144373396909909
#DromioOfEphesus_Err,before,1,5.144373396909909
#DromioOfEphesus_Err,i'll,2,5.000869077519823
#DromioOfEphesus_Err,see,2,4.89522600340202
#DromioOfEphesus_Err,can,1,4.886791272324571
#DromioOfEphesus_Err,up,1,4.886791272324571
#DromioOfEphesus_Err,hence,1,4.886791272324571
#DromioOfEphesus_Err,there's,1,4.886791272324571
#DromioOfEphesus_Err,wife,2,4.794452633032955
#DromioOfEphesus_Err,own,1,4.656186848362573
#DromioOfEphesus_Err,hast,1,4.656186848362573
#DromioOfEphesus_Err,none,1,4.656186848362573
#DromioOfEphesus_Err,fetch,1,4.448522037740464
#DromioOfEphesus_Err,had,2,4.433674945732386
#DromioOfEphesus_Err,since,1,4.089407856853345
#DromioOfEphesus_Err,came,1,4.089407856853345
#DromioOfEphesus_Err,much,1,3.933012390024762
#DromioOfEphesus_Err,long,1,3.933012390024762
#DromioOfEphesus_Err,take,1,3.789449791863864
#DromioOfEphesus_Err,sent,1,3.789449791863864
#DromioOfEphesus_Err,or,2,3.692804775266423
#DromioOfEphesus_Err,sister,1,3.12496361230451
#DromioOfEphesus_Err,till,1,3.0384995181698877
#DromioOfEphesus_Err,good,1,2.9572330944664165
#DromioOfEphesus_Err,tell,1,2.880692490340899
#Courtesan_Err,ring,7,62.73209946325142
#Courtesan_Err,promised,3,40.46623634874645
#Courtesan_Err,rage,2,23.24526744596199
#Courtesan_Err,shut,2,23.24526744596199
#Courtesan_Err,way,2,23.24526744596199
#Courtesan_Err,today,3,21.07962109741188
#Courtesan_Err,met,2,20.233118174373224
#Courtesan_Err,now,6,19.4363272696302
#Courtesan_Err,mad,4,19.00369397276519
#Courtesan_Err,took,2,19.00369397276519
#Courtesan_Err,else,2,17.923456989500405
#Courtesan_Err,ducats,2,17.923456989500405
#Courtesan_Err,doors,2,17.923456989500405
#Courtesan_Err,dinner,3,16.927671899893543
#Courtesan_Err,chain,5,16.461824102864565
#Courtesan_Err,house,3,16.40512853280453
#Courtesan_Err,antipholus,2,14.67326896567106
#Courtesan_Err,away,2,14.67326896567106
#Courtesan_Err,against,2,14.05308073160792
#Courtesan_Err,found,1,13.48874544958215
#Courtesan_Err,same,1,13.48874544958215
#Courtesan_Err,after,1,13.48874544958215
#Courtesan_Err,being,2,12.972881364765094
#Courtesan_Err,told,1,12.527958809667544
#Courtesan_Err,present,1,11.622633722980995
#Courtesan_Err,lose,1,11.622633722980995
#Courtesan_Err,straight,1,11.622633722980995
#Courtesan_Err,hie,1,10.819341694361874
#Courtesan_Err,into,1,10.819341694361874
#Courtesan_Err,meet,1,10.819341694361874
#Courtesan_Err,mine,2,10.307565344684548
#Courtesan_Err,hope,1,10.116559087186612
#Courtesan_Err,himself,1,10.116559087186612
#Courtesan_Err,besides,1,10.116559087186612
#Courtesan_Err,grace,1,10.116559087186612
#Courtesan_Err,goldsmith,1,9.501846986382596
#Courtesan_Err,husband,2,9.263598118490123
#Courtesan_Err,reason,1,8.961728494750203
#Courtesan_Err,merry,1,8.48425318255172
#Courtesan_Err,gone,1,8.48425318255172
#Courtesan_Err,sir,5,8.141208667664937
#Courtesan_Err,see,2,8.073351911745153
#Courtesan_Err,mean,1,8.059441103087524
#Courtesan_Err,wife,2,7.907153480506905
#Courtesan_Err,own,1,7.679121447619803
#Courtesan_Err,saw,1,7.679121447619803
#Courtesan_Err,sure,1,7.679121447619803
#Courtesan_Err,other,1,7.33663448283553
#Courtesan_Err,must,1,7.33663448283553
#Courtesan_Err,both,1,7.02654036580396
#Courtesan_Err,came,1,6.744372724791075
#Courtesan_Err,pray,1,6.486440682382547
#Courtesan_Err,much,1,6.486440682382547
#Courtesan_Err,or,2,6.090283159833589
#Courtesan_Err,never,1,6.031496096538628
#Courtesan_Err,did,2,5.671511965687515
#Courtesan_Err,out,1,4.877156527623913
#Courtesan_Err,tell,1,4.750923493191298
#Courtesan_Err,one,1,4.41251987954079
#Courtesan_Err,i'll,1,4.123790801417897
#Courtesan_Err,had,1,3.656074109173823
#Courtesan_Err,home,1,3.5252026938142396
#Courtesan_Err,would,1,3.34731288196358
#Courtesan_Err,go,1,3.2393878782717005
#Courtesan_Err,master,1,3.1882738339304884
#Courtesan_Err,man,1,2.7606445135606257
#Balthasar_Err,common,2,29.555339308393606
#Balthasar_Err,part,2,23.706379223000393
#Balthasar_Err,patience,2,23.706379223000393
#Balthasar_Err,against,3,23.093895438796356
#Balthasar_Err,welcome,2,19.63614240049631
#Balthasar_Err,made,2,15.395930292530903
#Balthasar_Err,makes,1,14.777669654196803
#Balthasar_Err,feast,1,14.777669654196803
#Balthasar_Err,th',1,14.777669654196803
#Balthasar_Err,lives,1,14.777669654196803
#Balthasar_Err,draw,1,13.725074538817587
#Balthasar_Err,plead,1,13.725074538817587
#Balthasar_Err,cause,1,13.725074538817587
#Balthasar_Err,depart,1,13.725074538817587
#Balthasar_Err,dear,1,12.73324063471457
#Balthasar_Err,cheer,1,12.73324063471457
#Balthasar_Err,once,1,12.73324063471457
#Balthasar_Err,years,1,12.73324063471457
#Balthasar_Err,yourself,1,12.73324063471457
#Balthasar_Err,enter,1,12.73324063471457
#Balthasar_Err,about,1,11.853189611500197
#Balthasar_Err,meat,1,11.083252240647601
#Balthasar_Err,neither,1,11.083252240647601
#Balthasar_Err,strange,1,11.083252240647601
#Balthasar_Err,great,1,10.409800999976405
#Balthasar_Err,hold,1,9.818071200248156
#Balthasar_Err,within,1,9.818071200248156
#Balthasar_Err,doors,1,9.818071200248156
#Balthasar_Err,reason,1,9.818071200248156
#Balthasar_Err,merry,1,9.294970482091875
#Balthasar_Err,hand,1,8.412903958455106
#Balthasar_Err,break,1,8.037690470635356
#Balthasar_Err,day,1,8.037690470635356
#Balthasar_Err,sir,4,7.135316933739778
#Balthasar_Err,long,1,7.106255951976728
#Balthasar_Err,dinner,1,6.181734846685485
#Balthasar_Err,may,1,5.646255101044777
#Balthasar_Err,good,1,5.343195798781153
#Balthasar_Err,o,1,5.074393067760306
#Balthasar_Err,time,1,4.951009540162864
#Balthasar_Err,why,1,4.422402661529353
#Balthasar_Err,wife,1,4.331362856416837
#Balthasar_Err,know,1,3.7945659783044947
#Balthasar_Err,now,1,3.5489293000478113
#Balthasar_Err,come,1,3.3866256032857702
#Balthasar_Err,she,1,3.239969809167377
#AntipholusOfSyracuse_Err,centaur,5,26.83462081011215
#AntipholusOfSyracuse_Err,mine,10,25.56528995143976
#AntipholusOfSyracuse_Err,town,6,23.9872685846114
#AntipholusOfSyracuse_Err,think,9,23.687618106372863
#AntipholusOfSyracuse_Err,jest,5,23.56691082306395
#AntipholusOfSyracuse_Err,safe,4,23.061585636660116
#AntipholusOfSyracuse_Err,call,6,22.85532536336046
#AntipholusOfSyracuse_Err,dromio,12,22.60985894699673
#AntipholusOfSyracuse_Err,time,10,22.417335416387214
#AntipholusOfSyracuse_Err,thyself,5,22.22728450152555
#AntipholusOfSyracuse_Err,art,8,21.7006624348624
#AntipholusOfSyracuse_Err,myself,5,21.04302862801772
#AntipholusOfSyracuse_Err,sweet,5,21.04302862801772
#AntipholusOfSyracuse_Err,i'll,10,20.45602506739289
#AntipholusOfSyracuse_Err,charge,4,20.073238071348936
#AntipholusOfSyracuse_Err,wit,4,20.073238071348936
#AntipholusOfSyracuse_Err,tonight,3,20.073238071348932
#AntipholusOfSyracuse_Err,even,5,19.989390487176166
#AntipholusOfSyracuse_Err,there's,5,19.989390487176166
#AntipholusOfSyracuse_Err,there,10,19.611679835135853
#AntipholusOfSyracuse_Err,money,8,19.354470872260602
#AntipholusOfSyracuse_Err,being,6,19.30555640475539
#AntipholusOfSyracuse_Err,humor,3,18.64344617329108
#AntipholusOfSyracuse_Err,body,3,18.64344617329108
#AntipholusOfSyracuse_Err,fair,5,18.196652802996297
#AntipholusOfSyracuse_Err,why,9,18.02150343380459
#AntipholusOfSyracuse_Err,mart,4,17.78182760122044
#AntipholusOfSyracuse_Err,deny,4,17.78182760122044
#AntipholusOfSyracuse_Err,forth,4,16.834422902414175
#AntipholusOfSyracuse_Err,gone,4,16.834422902414175
#AntipholusOfSyracuse_Err,didst,4,16.834422902414175
#AntipholusOfSyracuse_Err,dost,4,16.834422902414175
#AntipholusOfSyracuse_Err,name,5,16.727698392790778
#AntipholusOfSyracuse_Err,villain,5,16.08796367062949
#AntipholusOfSyracuse_Err,such,5,15.500721721041035
#AntipholusOfSyracuse_Err,know,9,15.46303876910297
#AntipholusOfSyracuse_Err,own,4,15.236883575573641
#AntipholusOfSyracuse_Err,hast,4,15.236883575573641
#AntipholusOfSyracuse_Err,love,5,14.95958952406779
#AntipholusOfSyracuse_Err,she,10,14.670036355592229
#AntipholusOfSyracuse_Err,now,9,14.462057497275422
#AntipholusOfSyracuse_Err,stay,3,14.140146493838369
#AntipholusOfSyracuse_Err,sir,17,13.730691988377675
#AntipholusOfSyracuse_Err,or,9,13.59485627253652
#AntipholusOfSyracuse_Err,sleep,2,13.382158714232624
#AntipholusOfSyracuse_Err,knave,2,13.382158714232624
#AntipholusOfSyracuse_Err,sconce,2,13.382158714232624
#AntipholusOfSyracuse_Err,received,2,13.382158714232624
#AntipholusOfSyracuse_Err,what's,2,13.382158714232624
#AntipholusOfSyracuse_Err,sound,2,13.382158714232624
#AntipholusOfSyracuse_Err,understand,2,13.382158714232624
#AntipholusOfSyracuse_Err,deliver,2,13.382158714232624
#AntipholusOfSyracuse_Err,earth,2,13.382158714232624
#AntipholusOfSyracuse_Err,heaven,2,13.382158714232624
#AntipholusOfSyracuse_Err,wonder,2,13.382158714232624
#AntipholusOfSyracuse_Err,any,4,13.382158714232624
#AntipholusOfSyracuse_Err,doth,4,13.382158714232624
#AntipholusOfSyracuse_Err,stuff,2,13.382158714232624
#AntipholusOfSyracuse_Err,slave,3,13.336370700915328
#AntipholusOfSyracuse_Err,reason,3,13.336370700915328
#AntipholusOfSyracuse_Err,go,8,12.855162219800373
#AntipholusOfSyracuse_Err,sister,5,12.78264497571988
#AntipholusOfSyracuse_Err,merry,3,12.62581717681063
#AntipholusOfSyracuse_Err,brother,3,12.62581717681063
#AntipholusOfSyracuse_Err,till,5,12.428964115527387
#AntipholusOfSyracuse_Err,fellow,2,12.428964115527387
#AntipholusOfSyracuse_Err,thine,2,12.428964115527387
#AntipholusOfSyracuse_Err,mistress,5,12.428964115527387
#AntipholusOfSyracuse_Err,many,2,12.428964115527387
#AntipholusOfSyracuse_Err,hours,2,12.428964115527387
#AntipholusOfSyracuse_Err,sun,2,12.428964115527387
#AntipholusOfSyracuse_Err,far,2,12.428964115527387
#AntipholusOfSyracuse_Err,aboard,2,12.428964115527387
#AntipholusOfSyracuse_Err,come,8,12.267255227479838
#AntipholusOfSyracuse_Err,see,6,12.014335622536393
#AntipholusOfSyracuse_Err,gold,4,11.96767161925423
#AntipholusOfSyracuse_Err,tell,5,11.783455411531973
#AntipholusOfSyracuse_Err,who,4,11.567345543456744
#AntipholusOfSyracuse_Err,care,2,11.530792818330058
#AntipholusOfSyracuse_Err,walk,2,11.530792818330058
#AntipholusOfSyracuse_Err,lose,2,11.530792818330058
#AntipholusOfSyracuse_Err,drop,2,11.530792818330058
#AntipholusOfSyracuse_Err,mind,2,11.530792818330058
#AntipholusOfSyracuse_Err,dear,2,11.530792818330058
#AntipholusOfSyracuse_Err,claim,2,11.530792818330058
#AntipholusOfSyracuse_Err,hour,3,11.42766268168023
#AntipholusOfSyracuse_Err,sure,3,11.42766268168023
#AntipholusOfSyracuse_Err,these,5,11.208667708193607
#AntipholusOfSyracuse_Err,man,8,10.955320692240724
#AntipholusOfSyracuse_Err,away,3,10.917991681797778
#AntipholusOfSyracuse_Err,gave,3,10.917991681797778
#AntipholusOfSyracuse_Err,hear,3,10.917991681797778
#AntipholusOfSyracuse_Err,return,2,10.73384832404486
#AntipholusOfSyracuse_Err,find,2,10.73384832404486
#AntipholusOfSyracuse_Err,wind,2,10.73384832404486
#AntipholusOfSyracuse_Err,seek,2,10.73384832404486
#AntipholusOfSyracuse_Err,fear,2,10.73384832404486
#AntipholusOfSyracuse_Err,part,2,10.73384832404486
#AntipholusOfSyracuse_Err,gentle,2,10.73384832404486
#AntipholusOfSyracuse_Err,meet,2,10.73384832404486
#AntipholusOfSyracuse_Err,get,3,10.456526005915205
#AntipholusOfSyracuse_Err,against,3,10.456526005915205
#AntipholusOfSyracuse_Err,more,5,10.454811495494239
#AntipholusOfSyracuse_Err,first,2,10.036619035674468
#AntipholusOfSyracuse_Err,hope,2,10.036619035674468
#AntipholusOfSyracuse_Err,grace,2,10.036619035674468
#AntipholusOfSyracuse_Err,put,2,10.036619035674468
#AntipholusOfSyracuse_Err,good,4,9.677235436130301
#AntipholusOfSyracuse_Err,pray,3,9.652778202377695
#AntipholusOfSyracuse_Err,hair,2,9.426764329225579
#AntipholusOfSyracuse_Err,ears,2,9.426764329225579
#AntipholusOfSyracuse_Err,bed,2,9.426764329225579
#AntipholusOfSyracuse_Err,take,3,9.300433032624621
#AntipholusOfSyracuse_Err,within,2,8.89091380061022
#AntipholusOfSyracuse_Err,very,2,8.89091380061022
#AntipholusOfSyracuse_Err,cannot,2,8.89091380061022
#AntipholusOfSyracuse_Err,answer,2,8.89091380061022
#AntipholusOfSyracuse_Err,word,2,8.89091380061022
#AntipholusOfSyracuse_Err,else,2,8.89091380061022
#AntipholusOfSyracuse_Err,look,2,8.89091380061022
#AntipholusOfSyracuse_Err,that's,2,8.89091380061022
#AntipholusOfSyracuse_Err,did,6,8.440044356777175
#AntipholusOfSyracuse_Err,marks,2,8.417211451207088
#AntipholusOfSyracuse_Err,eye,2,8.417211451207088
#AntipholusOfSyracuse_Err,up,2,7.9957561948704665
#AntipholusOfSyracuse_Err,mean,2,7.9957561948704665
#AntipholusOfSyracuse_Err,hence,2,7.9957561948704665
#AntipholusOfSyracuse_Err,none,2,7.6184417877868205
#AntipholusOfSyracuse_Err,therefore,2,7.6184417877868205
#AntipholusOfSyracuse_Err,comes,2,7.278661121198519
#AntipholusOfSyracuse_Err,other,2,7.278661121198519
#AntipholusOfSyracuse_Err,out,3,7.257926577097726
#AntipholusOfSyracuse_Err,mad,3,7.0700732469191845
#AntipholusOfSyracuse_Err,speak,2,6.971017337276803
#AntipholusOfSyracuse_Err,made,2,6.971017337276803
#AntipholusOfSyracuse_Err,dull,1,6.691079357116312
#AntipholusOfSyracuse_Err,city,1,6.691079357116312
#AntipholusOfSyracuse_Err,trust,1,6.691079357116312
#AntipholusOfSyracuse_Err,full,1,6.691079357116312
#AntipholusOfSyracuse_Err,since,2,6.691079357116312
#AntipholusOfSyracuse_Err,fool,1,6.691079357116312
#AntipholusOfSyracuse_Err,common,1,6.691079357116312
#AntipholusOfSyracuse_Err,something,1,6.691079357116312
#AntipholusOfSyracuse_Err,plain,1,6.691079357116312
#AntipholusOfSyracuse_Err,recover,1,6.691079357116312
#AntipholusOfSyracuse_Err,soft,1,6.691079357116312
#AntipholusOfSyracuse_Err,talk,1,6.691079357116312
#AntipholusOfSyracuse_Err,show,1,6.691079357116312
#AntipholusOfSyracuse_Err,creature,1,6.691079357116312
#AntipholusOfSyracuse_Err,lay,1,6.691079357116312
#AntipholusOfSyracuse_Err,truth,1,6.691079357116312
#AntipholusOfSyracuse_Err,means,1,6.691079357116312
#AntipholusOfSyracuse_Err,gazing,1,6.691079357116312
#AntipholusOfSyracuse_Err,marriage,1,6.691079357116312
#AntipholusOfSyracuse_Err,knows,1,6.691079357116312
#AntipholusOfSyracuse_Err,possessed,1,6.691079357116312
#AntipholusOfSyracuse_Err,receive,1,6.691079357116312
#AntipholusOfSyracuse_Err,bought,1,6.691079357116312
#AntipholusOfSyracuse_Err,adam,1,6.691079357116312
#AntipholusOfSyracuse_Err,rest,1,6.691079357116312
#AntipholusOfSyracuse_Err,heard,1,6.691079357116312
#AntipholusOfSyracuse_Err,purse,1,6.691079357116312
#AntipholusOfSyracuse_Err,long,2,6.435185468251796
#AntipholusOfSyracuse_Err,life,2,6.435185468251796
#AntipholusOfSyracuse_Err,nay,2,6.435185468251796
#AntipholusOfSyracuse_Err,'tis,2,6.435185468251796
#AntipholusOfSyracuse_Err,returned,1,6.214482057763694
#AntipholusOfSyracuse_Err,wilt,1,6.214482057763694
#AntipholusOfSyracuse_Err,sport,1,6.214482057763694
#AntipholusOfSyracuse_Err,urging,1,6.214482057763694
#AntipholusOfSyracuse_Err,thank,1,6.214482057763694
#AntipholusOfSyracuse_Err,bald,1,6.214482057763694
#AntipholusOfSyracuse_Err,plead,1,6.214482057763694
#AntipholusOfSyracuse_Err,unless,1,6.214482057763694
#AntipholusOfSyracuse_Err,owe,1,6.214482057763694
#AntipholusOfSyracuse_Err,die,1,6.214482057763694
#AntipholusOfSyracuse_Err,night,1,6.214482057763694
#AntipholusOfSyracuse_Err,fault,1,6.214482057763694
#AntipholusOfSyracuse_Err,bark,1,6.214482057763694
#AntipholusOfSyracuse_Err,called,1,6.214482057763694
#AntipholusOfSyracuse_Err,devil,1,6.214482057763694
#AntipholusOfSyracuse_Err,thence,1,6.214482057763694
#AntipholusOfSyracuse_Err,egeon,1,6.214482057763694
#AntipholusOfSyracuse_Err,told,1,6.214482057763694
#AntipholusOfSyracuse_Err,sent,2,6.200288688416413
#AntipholusOfSyracuse_Err,wife,3,5.883503950540755
#AntipholusOfSyracuse_Err,world,1,5.765396409165029
#AntipholusOfSyracuse_Err,another,1,5.765396409165029
#AntipholusOfSyracuse_Err,done,1,5.765396409165029
#AntipholusOfSyracuse_Err,because,1,5.765396409165029
#AntipholusOfSyracuse_Err,looks,1,5.765396409165029
#AntipholusOfSyracuse_Err,beat,1,5.765396409165029
#AntipholusOfSyracuse_Err,words,1,5.765396409165029
#AntipholusOfSyracuse_Err,better,1,5.765396409165029
#AntipholusOfSyracuse_Err,fast,1,5.765396409165029
#AntipholusOfSyracuse_Err,way,1,5.765396409165029
#AntipholusOfSyracuse_Err,soul,1,5.765396409165029
#AntipholusOfSyracuse_Err,lest,1,5.765396409165029
#AntipholusOfSyracuse_Err,live,1,5.765396409165029
#AntipholusOfSyracuse_Err,straight,1,5.765396409165029
#AntipholusOfSyracuse_Err,friend,1,5.765396409165029
#AntipholusOfSyracuse_Err,stand,1,5.765396409165029
#AntipholusOfSyracuse_Err,dinner,2,5.597970369039482
#AntipholusOfSyracuse_Err,about,1,5.36692416202243
#AntipholusOfSyracuse_Err,down,1,5.36692416202243
#AntipholusOfSyracuse_Err,true,1,5.36692416202243
#AntipholusOfSyracuse_Err,place,1,5.36692416202243
#AntipholusOfSyracuse_Err,eyes,1,5.36692416202243
#AntipholusOfSyracuse_Err,hie,1,5.36692416202243
#AntipholusOfSyracuse_Err,ne'er,1,5.36692416202243
#AntipholusOfSyracuse_Err,ship,1,5.36692416202243
#AntipholusOfSyracuse_Err,buy,1,5.36692416202243
#AntipholusOfSyracuse_Err,may,2,5.1130579902879525
#AntipholusOfSyracuse_Err,himself,1,5.018309517837234
#AntipholusOfSyracuse_Err,thousand,1,5.018309517837234
#AntipholusOfSyracuse_Err,use,1,5.018309517837234
#AntipholusOfSyracuse_Err,ephesus,1,5.018309517837234
#AntipholusOfSyracuse_Err,old,1,5.018309517837234
#AntipholusOfSyracuse_Err,strange,1,5.018309517837234
#AntipholusOfSyracuse_Err,besides,1,5.018309517837234
#AntipholusOfSyracuse_Err,leave,1,5.018309517837234
#AntipholusOfSyracuse_Err,still,1,5.018309517837234
#AntipholusOfSyracuse_Err,would,3,4.981294118870742
#AntipholusOfSyracuse_Err,dine,1,4.713382164612789
#AntipholusOfSyracuse_Err,great,1,4.713382164612789
#AntipholusOfSyracuse_Err,wherefore,1,4.713382164612789
#AntipholusOfSyracuse_Err,death,1,4.713382164612789
#AntipholusOfSyracuse_Err,took,1,4.713382164612789
#AntipholusOfSyracuse_Err,bring,1,4.713382164612789
#AntipholusOfSyracuse_Err,husband,2,4.595199040187304
#AntipholusOfSyracuse_Err,soon,1,4.44545690030511
#AntipholusOfSyracuse_Err,hold,1,4.44545690030511
#AntipholusOfSyracuse_Err,without,1,4.44545690030511
#AntipholusOfSyracuse_Err,god,1,4.44545690030511
#AntipholusOfSyracuse_Err,light,1,4.44545690030511
#AntipholusOfSyracuse_Err,heart,1,4.44545690030511
#AntipholusOfSyracuse_Err,officer,1,4.44545690030511
#AntipholusOfSyracuse_Err,ducats,1,4.44545690030511
#AntipholusOfSyracuse_Err,left,1,4.208605725603544
#AntipholusOfSyracuse_Err,men,1,4.208605725603544
#AntipholusOfSyracuse_Err,wrong,1,4.208605725603544
#AntipholusOfSyracuse_Err,nothing,1,3.9978780974352333
#AntipholusOfSyracuse_Err,can,1,3.9978780974352333
#AntipholusOfSyracuse_Err,face,1,3.8092208938934102
#AntipholusOfSyracuse_Err,hand,1,3.8092208938934102
#AntipholusOfSyracuse_Err,break,1,3.6393305605992596
#AntipholusOfSyracuse_Err,fetch,1,3.6393305605992596
#AntipholusOfSyracuse_Err,had,2,3.627184172378045
#AntipholusOfSyracuse_Err,could,1,3.4855086686384014
#AntipholusOfSyracuse_Err,came,1,3.345539678558156
#AntipholusOfSyracuse_Err,chain,2,3.2663488786814927
#AntipholusOfSyracuse_Err,again,1,3.217592734125898
#AntipholusOfSyracuse_Err,ay,1,3.217592734125898
#AntipholusOfSyracuse_Err,two,1,3.1001443442082066
#AntipholusOfSyracuse_Err,should,1,3.1001443442082066
#AntipholusOfSyracuse_Err,never,1,2.9919179048135573
#AntipholusOfSyracuse_Err,bear,1,2.891836385864186
#AntipholusOfSyracuse_Err,like,1,2.7125828043578
#AntipholusOfSyracuse_Err,house,1,2.7125828043578
#AntipholusOfSyracuse_Err,o,1,2.297599520093652
#AntipholusOfSyracuse_Err,one,1,2.188826291460288
#AntipholusOfSyracuse_Err,home,1,1.7486734450135208
#AntipholusOfSyracuse_Err,master,1,1.5815402043714313
#AntipholusOfEphesus_Err,there,14,29.974314778950152
#AntipholusOfEphesus_Err,justice,4,27.137595402834673
#AntipholusOfEphesus_Err,house,9,26.65213148956081
#AntipholusOfEphesus_Err,goldsmith,5,25.728181563096314
#AntipholusOfEphesus_Err,wife,12,25.6922698105287
#AntipholusOfEphesus_Err,signior,4,25.176514089925426
#AntipholusOfEphesus_Err,villain,7,24.58869873817835
#AntipholusOfEphesus_Err,doors,5,24.265700990822403
#AntipholusOfEphesus_Err,ducats,5,24.265700990822403
#AntipholusOfEphesus_Err,together,4,23.43645296790402
#AntipholusOfEphesus_Err,out,8,21.129427798057087
#AntipholusOfEphesus_Err,most,5,20.792781775224643
#AntipholusOfEphesus_Err,saw,5,20.792781775224643
#AntipholusOfEphesus_Err,bring,4,20.58254525047705
#AntipholusOfEphesus_Err,porpentine,3,20.353196552126
#AntipholusOfEphesus_Err,fetch,5,19.865428722119105
#AntipholusOfEphesus_Err,day,5,19.865428722119105
#AntipholusOfEphesus_Err,chain,11,19.612442927517414
#AntipholusOfEphesus_Err,answer,4,19.412560792657924
#AntipholusOfEphesus_Err,welcome,4,19.412560792657924
#AntipholusOfEphesus_Err,cheer,3,18.88238556744407
#AntipholusOfEphesus_Err,locked,3,18.88238556744407
#AntipholusOfEphesus_Err,rope,3,18.88238556744407
#AntipholusOfEphesus_Err,arrest,3,18.88238556744407
#AntipholusOfEphesus_Err,shut,3,18.88238556744407
#AntipholusOfEphesus_Err,good,7,18.48824932329995
#AntipholusOfEphesus_Err,down,3,17.577339725928017
#AntipholusOfEphesus_Err,buy,3,17.577339725928017
#AntipholusOfEphesus_Err,hie,3,17.577339725928017
#AntipholusOfEphesus_Err,mean,4,17.458059620996533
#AntipholusOfEphesus_Err,did,11,16.892448255540327
#AntipholusOfEphesus_Err,met,3,16.435583694114143
#AntipholusOfEphesus_Err,bid,3,16.435583694114143
#AntipholusOfEphesus_Err,neither,3,16.435583694114143
#AntipholusOfEphesus_Err,never,5,16.331501327188825
#AntipholusOfEphesus_Err,duke,4,15.892342977695284
#AntipholusOfEphesus_Err,money,6,15.847070848542817
#AntipholusOfEphesus_Err,go,9,15.788341707547806
#AntipholusOfEphesus_Err,wherefore,3,15.436908937857787
#AntipholusOfEphesus_Err,woman,3,15.436908937857787
#AntipholusOfEphesus_Err,false,3,15.436908937857787
#AntipholusOfEphesus_Err,today,4,15.220628709421336
#AntipholusOfEphesus_Err,get,4,15.220628709421336
#AntipholusOfEphesus_Err,art,5,14.806739716422669
#AntipholusOfEphesus_Err,these,6,14.68390863996968
#AntipholusOfEphesus_Err,soft,2,14.609407728101463
#AntipholusOfEphesus_Err,you'll,2,14.609407728101463
#AntipholusOfEphesus_Err,something,2,14.609407728101463
#AntipholusOfEphesus_Err,end,4,14.609407728101463
#AntipholusOfEphesus_Err,came,4,14.609407728101463
#AntipholusOfEphesus_Err,purse,2,14.609407728101463
#AntipholusOfEphesus_Err,street,2,14.609407728101463
#AntipholusOfEphesus_Err,scorn,2,14.609407728101463
#AntipholusOfEphesus_Err,father,2,14.609407728101463
#AntipholusOfEphesus_Err,slave,3,14.559420594493439
#AntipholusOfEphesus_Err,officer,3,14.559420594493439
#AntipholusOfEphesus_Err,life,4,14.050684993244769
#AntipholusOfEphesus_Err,didst,3,13.78370373386135
#AntipholusOfEphesus_Err,owe,2,13.568797701417337
#AntipholusOfEphesus_Err,crow,2,13.568797701417337
#AntipholusOfEphesus_Err,depart,2,13.568797701417337
#AntipholusOfEphesus_Err,withal,2,13.568797701417337
#AntipholusOfEphesus_Err,till,5,13.568797701417337
#AntipholusOfEphesus_Err,obey,2,13.568797701417337
#AntipholusOfEphesus_Err,sport,2,13.568797701417337
#AntipholusOfEphesus_Err,wilt,2,13.568797701417337
#AntipholusOfEphesus_Err,thence,2,13.568797701417337
#AntipholusOfEphesus_Err,take,4,13.537807675927738
#AntipholusOfEphesus_Err,home,7,13.363283698044157
#AntipholusOfEphesus_Err,nothing,3,13.0935447157474
#AntipholusOfEphesus_Err,door,3,13.0935447157474
#AntipholusOfEphesus_Err,even,3,13.0935447157474
#AntipholusOfEphesus_Err,beat,2,12.588257044962713
#AntipholusOfEphesus_Err,better,2,12.588257044962713
#AntipholusOfEphesus_Err,arrested,2,12.588257044962713
#AntipholusOfEphesus_Err,face,3,12.475669065134786
#AntipholusOfEphesus_Err,none,3,12.475669065134786
#AntipholusOfEphesus_Err,dinner,4,12.22269640011785
#AntipholusOfEphesus_Err,break,3,11.919257233271463
#AntipholusOfEphesus_Err,dined,2,11.71822648395201
#AntipholusOfEphesus_Err,might,2,11.71822648395201
#AntipholusOfEphesus_Err,eyes,2,11.71822648395201
#AntipholusOfEphesus_Err,brought,2,11.71822648395201
#AntipholusOfEphesus_Err,more,5,11.413599787579269
#AntipholusOfEphesus_Err,i'll,5,11.166001580446208
#AntipholusOfEphesus_Err,mine,4,11.163931098515178
#AntipholusOfEphesus_Err,ass,2,10.957055796076096
#AntipholusOfEphesus_Err,hope,2,10.957055796076096
#AntipholusOfEphesus_Err,pray,3,10.53801374493358
#AntipholusOfEphesus_Err,much,3,10.53801374493358
#AntipholusOfEphesus_Err,dine,2,10.291272625238525
#AntipholusOfEphesus_Err,lord,2,10.291272625238525
#AntipholusOfEphesus_Err,ears,2,10.291272625238525
#AntipholusOfEphesus_Err,took,2,10.291272625238525
#AntipholusOfEphesus_Err,whom,2,10.291272625238525
#AntipholusOfEphesus_Err,great,2,10.291272625238525
#AntipholusOfEphesus_Err,witness,2,10.291272625238525
#AntipholusOfEphesus_Err,should,3,10.153355756945803
#AntipholusOfEphesus_Err,sent,3,10.153355756945803
#AntipholusOfEphesus_Err,deny,2,9.706280396328962
#AntipholusOfEphesus_Err,god,2,9.706280396328962
#AntipholusOfEphesus_Err,that's,2,9.706280396328962
#AntipholusOfEphesus_Err,within,2,9.706280396328962
#AntipholusOfEphesus_Err,without,2,9.706280396328962
#AntipholusOfEphesus_Err,gone,2,9.189135822574233
#AntipholusOfEphesus_Err,wrong,2,9.189135822574233
#AntipholusOfEphesus_Err,dost,2,9.189135822574233
#AntipholusOfEphesus_Err,now,5,8.771300948637668
#AntipholusOfEphesus_Err,see,4,8.744096346987263
#AntipholusOfEphesus_Err,up,2,8.729029810498266
#AntipholusOfEphesus_Err,town,2,8.729029810498266
#AntipholusOfEphesus_Err,may,3,8.372948323886384
#AntipholusOfEphesus_Err,come,5,8.370161774251436
#AntipholusOfEphesus_Err,hast,2,8.317112710089857
#AntipholusOfEphesus_Err,she,5,8.00769692997952
#AntipholusOfEphesus_Err,tell,3,7.7184544689288925
#AntipholusOfEphesus_Err,mad,3,7.7184544689288925
#AntipholusOfEphesus_Err,bound,2,7.610314354710668
#AntipholusOfEphesus_Err,o,3,7.524922301789459
#AntipholusOfEphesus_Err,man,5,7.475006004395109
#AntipholusOfEphesus_Err,making,1,7.304703864050731
#AntipholusOfEphesus_Err,sad,1,7.304703864050731
#AntipholusOfEphesus_Err,fish,1,7.304703864050731
#AntipholusOfEphesus_Err,full,1,7.304703864050731
#AntipholusOfEphesus_Err,makes,1,7.304703864050731
#AntipholusOfEphesus_Err,common,1,7.304703864050731
#AntipholusOfEphesus_Err,quiet,1,7.304703864050731
#AntipholusOfEphesus_Err,wench,1,7.304703864050731
#AntipholusOfEphesus_Err,haste,1,7.304703864050731
#AntipholusOfEphesus_Err,since,2,7.304703864050731
#AntipholusOfEphesus_Err,knock,1,7.304703864050731
#AntipholusOfEphesus_Err,they'll,1,7.304703864050731
#AntipholusOfEphesus_Err,rope's,1,7.304703864050731
#AntipholusOfEphesus_Err,business,1,7.304703864050731
#AntipholusOfEphesus_Err,receive,1,7.304703864050731
#AntipholusOfEphesus_Err,sirrah,1,7.304703864050731
#AntipholusOfEphesus_Err,trust,1,7.304703864050731
#AntipholusOfEphesus_Err,sound,1,7.304703864050731
#AntipholusOfEphesus_Err,hundred,1,7.304703864050731
#AntipholusOfEphesus_Err,talk,1,7.304703864050731
#AntipholusOfEphesus_Err,feast,1,7.304703864050731
#AntipholusOfEphesus_Err,denied,1,7.304703864050731
#AntipholusOfEphesus_Err,blood,1,7.304703864050731
#AntipholusOfEphesus_Err,wrongs,1,7.304703864050731
#AntipholusOfEphesus_Err,received,1,7.304703864050731
#AntipholusOfEphesus_Err,knows,1,7.304703864050731
#AntipholusOfEphesus_Err,th',1,7.304703864050731
#AntipholusOfEphesus_Err,gazing,1,7.304703864050731
#AntipholusOfEphesus_Err,possessed,1,7.304703864050731
#AntipholusOfEphesus_Err,heaven,1,7.304703864050731
#AntipholusOfEphesus_Err,burden,1,7.304703864050731
#AntipholusOfEphesus_Err,city,1,7.304703864050731
#AntipholusOfEphesus_Err,stuff,1,7.304703864050731
#AntipholusOfEphesus_Err,one,3,7.168676538843149
#AntipholusOfEphesus_Err,'tis,2,7.025342496622384
#AntipholusOfEphesus_Err,long,2,7.025342496622384
#AntipholusOfEphesus_Err,hours,1,6.784398850708668
#AntipholusOfEphesus_Err,gate,1,6.784398850708668
#AntipholusOfEphesus_Err,last,1,6.784398850708668
#AntipholusOfEphesus_Err,thereof,1,6.784398850708668
#AntipholusOfEphesus_Err,fie,1,6.784398850708668
#AntipholusOfEphesus_Err,run,1,6.784398850708668
#AntipholusOfEphesus_Err,humor,1,6.784398850708668
#AntipholusOfEphesus_Err,fellow,1,6.784398850708668
#AntipholusOfEphesus_Err,told,1,6.784398850708668
#AntipholusOfEphesus_Err,warrant,1,6.784398850708668
#AntipholusOfEphesus_Err,feel,1,6.784398850708668
#AntipholusOfEphesus_Err,went,1,6.784398850708668
#AntipholusOfEphesus_Err,returned,1,6.784398850708668
#AntipholusOfEphesus_Err,ran,1,6.784398850708668
#AntipholusOfEphesus_Err,draw,1,6.784398850708668
#AntipholusOfEphesus_Err,syracusa,1,6.784398850708668
#AntipholusOfEphesus_Err,why,3,6.558072260240447
#AntipholusOfEphesus_Err,gold,2,6.532600530875531
#AntipholusOfEphesus_Err,who,2,6.3140809709746275
#AntipholusOfEphesus_Err,here's,1,6.294128522481357
#AntipholusOfEphesus_Err,either,1,6.294128522481357
#AntipholusOfEphesus_Err,words,1,6.294128522481357
#AntipholusOfEphesus_Err,thought,1,6.294128522481357
#AntipholusOfEphesus_Err,present,1,6.294128522481357
#AntipholusOfEphesus_Err,lest,1,6.294128522481357
#AntipholusOfEphesus_Err,breath,1,6.294128522481357
#AntipholusOfEphesus_Err,dear,1,6.294128522481357
#AntipholusOfEphesus_Err,stays,1,6.294128522481357
#AntipholusOfEphesus_Err,straight,1,6.294128522481357
#AntipholusOfEphesus_Err,whilst,1,6.294128522481357
#AntipholusOfEphesus_Err,enter,1,6.294128522481357
#AntipholusOfEphesus_Err,rage,1,6.294128522481357
#AntipholusOfEphesus_Err,save,1,6.294128522481357
#AntipholusOfEphesus_Err,done,1,6.294128522481357
#AntipholusOfEphesus_Err,company,1,6.294128522481357
#AntipholusOfEphesus_Err,way,1,6.294128522481357
#AntipholusOfEphesus_Err,hither,1,6.294128522481357
#AntipholusOfEphesus_Err,corinth,1,6.294128522481357
#AntipholusOfEphesus_Err,part,1,5.859113241976005
#AntipholusOfEphesus_Err,wind,1,5.859113241976005
#AntipholusOfEphesus_Err,gentle,1,5.859113241976005
#AntipholusOfEphesus_Err,return,1,5.859113241976005
#AntipholusOfEphesus_Err,ship,1,5.859113241976005
#AntipholusOfEphesus_Err,epidamium,1,5.859113241976005
#AntipholusOfEphesus_Err,send,1,5.859113241976005
#AntipholusOfEphesus_Err,fear,1,5.859113241976005
#AntipholusOfEphesus_Err,ere,1,5.859113241976005
#AntipholusOfEphesus_Err,five,1,5.859113241976005
#AntipholusOfEphesus_Err,lost,1,5.859113241976005
#AntipholusOfEphesus_Err,seek,1,5.859113241976005
#AntipholusOfEphesus_Err,true,1,5.859113241976005
#AntipholusOfEphesus_Err,ne'er,1,5.859113241976005
#AntipholusOfEphesus_Err,think,2,5.74665747820566
#AntipholusOfEphesus_Err,know,3,5.627040273480013
#AntipholusOfEphesus_Err,keep,1,5.478527898038048
#AntipholusOfEphesus_Err,thousand,1,5.478527898038048
#AntipholusOfEphesus_Err,besides,1,5.478527898038048
#AntipholusOfEphesus_Err,sum,1,5.478527898038048
#AntipholusOfEphesus_Err,use,1,5.478527898038048
#AntipholusOfEphesus_Err,first,1,5.478527898038048
#AntipholusOfEphesus_Err,leave,1,5.478527898038048
#AntipholusOfEphesus_Err,ephesus,1,5.478527898038048
#AntipholusOfEphesus_Err,still,1,5.478527898038048
#AntipholusOfEphesus_Err,grace,1,5.478527898038048
#AntipholusOfEphesus_Err,help,1,5.478527898038048
#AntipholusOfEphesus_Err,would,3,5.438117896388263
#AntipholusOfEphesus_Err,jest,1,5.145636312619263
#AntipholusOfEphesus_Err,pay,1,5.145636312619263
#AntipholusOfEphesus_Err,blows,1,5.145636312619263
#AntipholusOfEphesus_Err,abbey,1,5.145636312619263
#AntipholusOfEphesus_Err,mart,1,4.853140198164481
#AntipholusOfEphesus_Err,heart,1,4.853140198164481
#AntipholusOfEphesus_Err,cannot,1,4.853140198164481
#AntipholusOfEphesus_Err,soon,1,4.853140198164481
#AntipholusOfEphesus_Err,else,1,4.853140198164481
#AntipholusOfEphesus_Err,ring,1,4.853140198164481
#AntipholusOfEphesus_Err,marks,1,4.5945679112871165
#AntipholusOfEphesus_Err,before,1,4.5945679112871165
#AntipholusOfEphesus_Err,merry,1,4.5945679112871165
#AntipholusOfEphesus_Err,forth,1,4.5945679112871165
#AntipholusOfEphesus_Err,sweet,1,4.5945679112871165
#AntipholusOfEphesus_Err,left,1,4.5945679112871165
#AntipholusOfEphesus_Err,sir,5,4.408795364625817
#AntipholusOfEphesus_Err,though,1,4.364514905249133
#AntipholusOfEphesus_Err,there's,1,4.364514905249133
#AntipholusOfEphesus_Err,can,1,4.364514905249133
#AntipholusOfEphesus_Err,own,1,4.1585563550449285
#AntipholusOfEphesus_Err,therefore,1,4.1585563550449285
#AntipholusOfEphesus_Err,hand,1,4.1585563550449285
#AntipholusOfEphesus_Err,must,1,3.973085744423821
#AntipholusOfEphesus_Err,hear,1,3.973085744423821
#AntipholusOfEphesus_Err,gave,1,3.973085744423821
#AntipholusOfEphesus_Err,away,1,3.973085744423821
#AntipholusOfEphesus_Err,comes,1,3.973085744423821
#AntipholusOfEphesus_Err,had,2,3.959825437044654
#AntipholusOfEphesus_Err,made,1,3.805157177355334
#AntipholusOfEphesus_Err,against,1,3.805157177355334
#AntipholusOfEphesus_Err,could,1,3.805157177355334
#AntipholusOfEphesus_Err,both,1,3.805157177355334
#AntipholusOfEphesus_Err,ay,1,3.512671248311192
#AntipholusOfEphesus_Err,nay,1,3.512671248311192
#AntipholusOfEphesus_Err,or,2,3.298135849407525
#AntipholusOfEphesus_Err,love,1,3.2663002654377653
#AntipholusOfEphesus_Err,bear,1,3.1570404854873138
#AntipholusOfEphesus_Err,like,1,2.961347943284534
#AntipholusOfEphesus_Err,sister,1,2.7909827746287945
#AntipholusOfEphesus_Err,time,1,2.447318106661613
#AntipholusOfEphesus_Err,dromio,1,2.0569467097028045
#Angelo_Err,chain,17,44.87006052207672
#Angelo_Err,deny,4,28.73767011260409
#Angelo_Err,either,3,27.952817414044418
#Angelo_Err,yourself,3,27.952817414044418
#Angelo_Err,about,3,26.020873592933572
#Angelo_Err,shame,3,26.020873592933572
#Angelo_Err,receive,2,21.627251773475326
#Angelo_Err,credit,2,21.627251773475326
#Angelo_Err,owe,2,20.086769403213957
#Angelo_Err,sea,2,20.086769403213957
#Angelo_Err,here's,2,18.635211609362944
#Angelo_Err,stays,2,18.635211609362944
#Angelo_Err,sir,14,18.274550317206916
#Angelo_Err,antipholus,3,17.644847890782927
#Angelo_Err,had,6,17.585957617141382
#Angelo_Err,please,2,17.347249061955715
#Angelo_Err,send,2,17.347249061955715
#Angelo_Err,sum,2,16.220438830106495
#Angelo_Err,put,2,16.220438830106495
#Angelo_Err,lord,2,15.23483691316156
#Angelo_Err,officer,2,14.368835056302045
#Angelo_Err,merry,2,13.603272474434565
#Angelo_Err,wrong,2,13.603272474434565
#Angelo_Err,even,2,12.922147766927361
#Angelo_Err,hour,2,12.31236022412392
#Angelo_Err,most,2,12.31236022412392
#Angelo_Err,gave,2,11.763231927188617
#Angelo_Err,money,3,11.72972229580163
#Angelo_Err,made,2,11.266040875019787
#Angelo_Err,both,2,11.266040875019787
#Angelo_Err,same,1,10.813625886737663
#Angelo_Err,doth,2,10.813625886737663
#Angelo_Err,scorn,1,10.813625886737663
#Angelo_Err,hindered,1,10.813625886737663
#Angelo_Err,reverend,1,10.813625886737663
#Angelo_Err,lives,1,10.813625886737663
#Angelo_Err,city,1,10.813625886737663
#Angelo_Err,wealth,1,10.813625886737663
#Angelo_Err,wonder,1,10.813625886737663
#Angelo_Err,truth,1,10.813625886737663
#Angelo_Err,long,2,10.400069174405399
#Angelo_Err,much,2,10.400069174405399
#Angelo_Err,pray,2,10.400069174405399
#Angelo_Err,porpentine,1,10.043384701606978
#Angelo_Err,withal,1,10.043384701606978
#Angelo_Err,thank,1,10.043384701606978
#Angelo_Err,humor,1,10.043384701606978
#Angelo_Err,draw,1,10.043384701606978
#Angelo_Err,cause,1,10.043384701606978
#Angelo_Err,far,1,10.043384701606978
#Angelo_Err,ran,1,10.043384701606978
#Angelo_Err,i'll,3,9.917852878545784
#Angelo_Err,come,4,9.912713749688978
#Angelo_Err,cheer,1,9.317605804681472
#Angelo_Err,thought,1,9.317605804681472
#Angelo_Err,once,1,9.317605804681472
#Angelo_Err,walk,1,9.317605804681472
#Angelo_Err,stand,1,9.317605804681472
#Angelo_Err,arrest,1,9.317605804681472
#Angelo_Err,signior,1,9.317605804681472
#Angelo_Err,done,1,9.317605804681472
#Angelo_Err,friend,1,9.317605804681472
#Angelo_Err,locked,1,9.317605804681472
#Angelo_Err,meet,1,8.673624530977857
#Angelo_Err,place,1,8.673624530977857
#Angelo_Err,five,1,8.673624530977857
#Angelo_Err,down,1,8.673624530977857
#Angelo_Err,wind,1,8.673624530977857
#Angelo_Err,case,1,8.673624530977857
#Angelo_Err,might,1,8.673624530977857
#Angelo_Err,dined,1,8.673624530977857
#Angelo_Err,know,3,8.330071896066704
#Angelo_Err,neither,1,8.110219415053248
#Angelo_Err,met,1,8.110219415053248
#Angelo_Err,ephesus,1,8.110219415053248
#Angelo_Err,besides,1,8.110219415053248
#Angelo_Err,charge,1,8.110219415053248
#Angelo_Err,would,3,8.050397874295959
#Angelo_Err,stay,1,7.61741845658078
#Angelo_Err,bring,1,7.61741845658078
#Angelo_Err,pay,1,7.61741845658078
#Angelo_Err,death,1,7.61741845658078
#Angelo_Err,woman,1,7.61741845658078
#Angelo_Err,witness,1,7.61741845658078
#Angelo_Err,time,2,7.245846764991876
#Angelo_Err,welcome,1,7.184417528151022
#Angelo_Err,soon,1,7.184417528151022
#Angelo_Err,ducats,1,7.184417528151022
#Angelo_Err,very,1,7.184417528151022
#Angelo_Err,word,1,7.184417528151022
#Angelo_Err,without,1,7.184417528151022
#Angelo_Err,brother,1,6.8016362372172825
#Angelo_Err,more,2,6.758516179211039
#Angelo_Err,see,2,6.472225867995367
#Angelo_Err,hence,1,6.461073883463681
#Angelo_Err,though,1,6.461073883463681
#Angelo_Err,can,1,6.461073883463681
#Angelo_Err,none,1,6.15618011206196
#Angelo_Err,saw,1,6.15618011206196
#Angelo_Err,hear,1,5.881615963594308
#Angelo_Err,home,2,5.652152492359158
#Angelo_Err,bound,1,5.633020437509893
#Angelo_Err,speak,1,5.633020437509893
#Angelo_Err,today,1,5.633020437509893
#Angelo_Err,since,1,5.4068129433688314
#Angelo_Err,any,1,5.4068129433688314
#Angelo_Err,nay,1,5.200034587202699
#Angelo_Err,'tis,1,5.200034587202699
#Angelo_Err,now,2,5.19388978739282
#Angelo_Err,should,1,5.010223215705684
#Angelo_Err,or,2,4.882443951581804
#Angelo_Err,gold,1,4.8353156762482845
#Angelo_Err,bear,1,4.673571352749278
#Angelo_Err,who,1,4.673571352749278
#Angelo_Err,house,1,4.383875017402975
#Angelo_Err,think,1,4.253574492893893
#Angelo_Err,good,1,3.909907431933877
#Angelo_Err,out,1,3.909907431933877
#Angelo_Err,o,1,3.7132098308498445
#Angelo_Err,these,1,3.622923382495938
#Angelo_Err,wife,1,3.169494149282283
#Angelo_Err,go,1,2.59694489369641
#Angelo_Err,master,1,2.5559679062419454
#Angelo_Err,did,1,2.273362220316818
#Angelo_Err,man,1,2.213147033391771
#Adriana_Err,husband,17,38.96229873651737
#Adriana_Err,bind,5,28.7554717132079
#Adriana_Err,hence,6,23.9277640012895
#Adriana_Err,false,5,23.5084490101333
#Adriana_Err,ill,4,23.004377370566317
#Adriana_Err,did,16,22.450952964711487
#Adriana_Err,please,4,21.41444230029186
#Adriana_Err,or,14,21.095094022832658
#Adriana_Err,eye,5,20.99082774295553
#Adriana_Err,forth,5,20.99082774295553
#Adriana_Err,home,12,20.932026684079386
#Adriana_Err,never,7,20.89147153189296
#Adriana_Err,bear,7,20.192638786303405
#Adriana_Err,keep,4,20.023442920094272
#Adriana_Err,beauty,3,20.023442920094272
#Adriana_Err,come,13,19.884839278842446
#Adriana_Err,again,6,19.257665621125305
#Adriana_Err,urging,3,18.597197869016135
#Adriana_Err,thine,3,18.597197869016135
#Adriana_Err,debt,3,18.597197869016135
#Adriana_Err,abbess,3,18.597197869016135
#Adriana_Err,would,11,18.2194362319903
#Adriana_Err,fetch,5,18.15151284722867
#Adriana_Err,away,5,18.15151284722867
#Adriana_Err,slave,4,17.737716691369233
#Adriana_Err,look,4,17.737716691369233
#Adriana_Err,thyself,4,17.737716691369233
#Adriana_Err,soul,3,17.253283027924738
#Adriana_Err,live,3,17.253283027924738
#Adriana_Err,back,3,17.253283027924738
#Adriana_Err,whilst,3,17.253283027924738
#Adriana_Err,better,3,17.253283027924738
#Adriana_Err,enter,3,17.253283027924738
#Adriana_Err,arrested,3,17.253283027924738
#Adriana_Err,poor,4,16.79266219436443
#Adriana_Err,patience,3,16.060831725218897
#Adriana_Err,true,3,16.060831725218897
#Adriana_Err,whose,3,16.060831725218897
#Adriana_Err,though,4,15.951842667526332
#Adriana_Err,master,10,15.776169193781442
#Adriana_Err,take,5,15.462269490269291
#Adriana_Err,sister,6,15.301122487327127
#Adriana_Err,none,4,15.199085841117519
#Adriana_Err,most,4,15.199085841117519
#Adriana_Err,grace,3,15.017582190070701
#Adriana_Err,still,3,15.017582190070701
#Adriana_Err,more,7,14.600427129235406
#Adriana_Err,fair,4,14.521210277782933
#Adriana_Err,bed,3,14.105069406079977
#Adriana_Err,dine,3,14.105069406079977
#Adriana_Err,bring,3,14.105069406079977
#Adriana_Err,see,7,13.981953973904659
#Adriana_Err,haste,2,13.348961946729514
#Adriana_Err,makes,2,13.348961946729514
#Adriana_Err,wrongs,2,13.348961946729514
#Adriana_Err,doth,4,13.348961946729514
#Adriana_Err,fool,2,13.348961946729514
#Adriana_Err,sad,2,13.348961946729514
#Adriana_Err,hold,3,13.303287518526922
#Adriana_Err,dromio,7,13.156366572629729
#Adriana_Err,ay,4,12.838443747416868
#Adriana_Err,go,8,12.823272758575289
#Adriana_Err,wrong,3,12.594496645773319
#Adriana_Err,pale,2,12.398131912677425
#Adriana_Err,thence,2,12.398131912677425
#Adriana_Err,worse,2,12.398131912677425
#Adriana_Err,sent,4,12.369815592215431
#Adriana_Err,two,4,12.369815592215431
#Adriana_Err,should,4,12.369815592215431
#Adriana_Err,good,5,12.066536717377204
#Adriana_Err,know,7,11.996973346893373
#Adriana_Err,can,3,11.96388200064475
#Adriana_Err,love,4,11.937983732510261
#Adriana_Err,who,4,11.538650735030519
#Adriana_Err,mind,2,11.502188685283159
#Adriana_Err,pate,2,11.502188685283159
#Adriana_Err,company,2,11.502188685283159
#Adriana_Err,once,2,11.502188685283159
#Adriana_Err,drop,2,11.502188685283159
#Adriana_Err,tongue,2,11.502188685283159
#Adriana_Err,rage,2,11.502188685283159
#Adriana_Err,o,5,11.459499628387462
#Adriana_Err,hand,3,11.399314380838138
#Adriana_Err,therefore,3,11.399314380838138
#Adriana_Err,hear,3,10.8909077083372
#Adriana_Err,break,3,10.8909077083372
#Adriana_Err,he's,2,10.70722115014593
#Adriana_Err,shame,2,10.70722115014593
#Adriana_Err,eyes,2,10.70722115014593
#Adriana_Err,suit,2,10.70722115014593
#Adriana_Err,into,2,10.70722115014593
#Adriana_Err,brought,2,10.70722115014593
#Adriana_Err,today,3,10.430586778162706
#Adriana_Err,get,3,10.430586778162706
#Adriana_Err,may,4,10.200748324884753
#Adriana_Err,strange,2,10.011721460047136
#Adriana_Err,came,3,10.011721460047136
#Adriana_Err,himself,2,10.011721460047136
#Adriana_Err,help,2,10.011721460047136
#Adriana_Err,wife,5,9.781514829600615
#Adriana_Err,man,7,9.562126102979052
#Adriana_Err,took,2,9.403379604053319
#Adriana_Err,lord,2,9.403379604053319
#Adriana_Err,abbey,2,9.403379604053319
#Adriana_Err,mad,4,9.403379604053317
#Adriana_Err,had,5,9.045465781122036
#Adriana_Err,cannot,2,8.868858345684616
#Adriana_Err,heart,2,8.868858345684616
#Adriana_Err,reason,2,8.868858345684616
#Adriana_Err,left,2,8.396331097182214
#Adriana_Err,didst,2,8.396331097182214
#Adriana_Err,dost,2,8.396331097182214
#Adriana_Err,myself,2,8.396331097182214
#Adriana_Err,like,3,8.117561315622503
#Adriana_Err,house,3,8.117561315622503
#Adriana_Err,now,5,8.014545474109555
#Adriana_Err,there's,2,7.975921333763166
#Adriana_Err,door,2,7.975921333763166
#Adriana_Err,hast,2,7.5995429205587595
#Adriana_Err,call,2,7.5995429205587595
#Adriana_Err,face,2,7.5995429205587595
#Adriana_Err,other,2,7.260605138891466
#Adriana_Err,antipholus,2,7.260605138891466
#Adriana_Err,comes,2,7.260605138891466
#Adriana_Err,day,2,7.260605138891466
#Adriana_Err,duke,2,7.260605138891466
#Adriana_Err,money,3,7.239922030426321
#Adriana_Err,tell,3,7.0525347030399885
#Adriana_Err,speak,2,6.953724518775136
#Adriana_Err,bound,2,6.953724518775136
#Adriana_Err,time,3,6.708517597437222
#Adriana_Err,these,3,6.708517597437222
#Adriana_Err,quiet,1,6.674480973364757
#Adriana_Err,ourselves,1,6.674480973364757
#Adriana_Err,right,1,6.674480973364757
#Adriana_Err,th',1,6.674480973364757
#Adriana_Err,dull,1,6.674480973364757
#Adriana_Err,hard,1,6.674480973364757
#Adriana_Err,found,1,6.674480973364757
#Adriana_Err,promised,1,6.674480973364757
#Adriana_Err,name,2,6.674480973364757
#Adriana_Err,what's,1,6.674480973364757
#Adriana_Err,spake,1,6.674480973364757
#Adriana_Err,spurn,1,6.674480973364757
#Adriana_Err,possessed,1,6.674480973364757
#Adriana_Err,blood,1,6.674480973364757
#Adriana_Err,denied,1,6.674480973364757
#Adriana_Err,longer,1,6.674480973364757
#Adriana_Err,scorn,1,6.674480973364757
#Adriana_Err,sirrah,1,6.674480973364757
#Adriana_Err,creature,1,6.674480973364757
#Adriana_Err,porter,1,6.674480973364757
#Adriana_Err,knave,1,6.674480973364757
#Adriana_Err,making,1,6.674480973364757
#Adriana_Err,wonder,1,6.674480973364757
#Adriana_Err,band,1,6.674480973364757
#Adriana_Err,alas,1,6.674480973364757
#Adriana_Err,truth,1,6.674480973364757
#Adriana_Err,lay,1,6.674480973364757
#Adriana_Err,street,1,6.674480973364757
#Adriana_Err,much,2,6.419221873708434
#Adriana_Err,villain,2,6.419221873708434
#Adriana_Err,being,2,6.419221873708434
#Adriana_Err,returned,1,6.199065956338712
#Adriana_Err,cause,1,6.199065956338712
#Adriana_Err,fault,1,6.199065956338712
#Adriana_Err,die,1,6.199065956338712
#Adriana_Err,unless,1,6.199065956338712
#Adriana_Err,body,1,6.199065956338712
#Adriana_Err,gate,1,6.199065956338712
#Adriana_Err,plead,1,6.199065956338712
#Adriana_Err,far,1,6.199065956338712
#Adriana_Err,hours,1,6.199065956338712
#Adriana_Err,wilt,1,6.199065956338712
#Adriana_Err,due,1,6.199065956338712
#Adriana_Err,god's,1,6.199065956338712
#Adriana_Err,last,1,6.199065956338712
#Adriana_Err,justice,1,6.199065956338712
#Adriana_Err,went,1,6.199065956338712
#Adriana_Err,withal,1,6.199065956338712
#Adriana_Err,such,2,6.184907796107716
#Adriana_Err,why,3,5.992265988816284
#Adriana_Err,gold,2,5.968991866255131
#Adriana_Err,liberty,1,5.751094342641579
#Adriana_Err,care,1,5.751094342641579
#Adriana_Err,lose,1,5.751094342641579
#Adriana_Err,words,1,5.751094342641579
#Adriana_Err,dear,1,5.751094342641579
#Adriana_Err,lest,1,5.751094342641579
#Adriana_Err,straight,1,5.751094342641579
#Adriana_Err,safe,1,5.751094342641579
#Adriana_Err,fast,1,5.751094342641579
#Adriana_Err,hither,1,5.751094342641579
#Adriana_Err,thought,1,5.751094342641579
#Adriana_Err,art,2,5.411707543748337
#Adriana_Err,seek,1,5.353610575072965
#Adriana_Err,part,1,5.353610575072965
#Adriana_Err,return,1,5.353610575072965
#Adriana_Err,case,1,5.353610575072965
#Adriana_Err,down,1,5.353610575072965
#Adriana_Err,dined,1,5.353610575072965
#Adriana_Err,gentle,1,5.353610575072965
#Adriana_Err,ere,1,5.353610575072965
#Adriana_Err,ne'er,1,5.353610575072965
#Adriana_Err,those,1,5.353610575072965
#Adriana_Err,send,1,5.353610575072965
#Adriana_Err,about,1,5.353610575072965
#Adriana_Err,together,1,5.353610575072965
#Adriana_Err,think,2,5.250857079572034
#Adriana_Err,neither,1,5.005860730023568
#Adriana_Err,bid,1,5.005860730023568
#Adriana_Err,wit,1,5.005860730023568
#Adriana_Err,meat,1,5.005860730023568
#Adriana_Err,put,1,5.005860730023568
#Adriana_Err,thousand,1,5.005860730023568
#Adriana_Err,old,1,5.005860730023568
#Adriana_Err,sum,1,5.005860730023568
#Adriana_Err,sake,1,5.005860730023568
#Adriana_Err,leave,1,5.005860730023568
#Adriana_Err,met,1,5.005860730023568
#Adriana_Err,till,2,4.959252765070969
#Adriana_Err,chain,3,4.8873691999955655
#Adriana_Err,great,1,4.701689802026659
#Adriana_Err,blows,1,4.701689802026659
#Adriana_Err,pay,1,4.701689802026659
#Adriana_Err,goldsmith,1,4.701689802026659
#Adriana_Err,witness,1,4.701689802026659
#Adriana_Err,that's,1,4.434429172842308
#Adriana_Err,soon,1,4.434429172842308
#Adriana_Err,else,1,4.434429172842308
#Adriana_Err,welcome,1,4.434429172842308
#Adriana_Err,without,1,4.434429172842308
#Adriana_Err,ring,1,4.434429172842308
#Adriana_Err,god,1,4.434429172842308
#Adriana_Err,officer,1,4.434429172842308
#Adriana_Err,within,1,4.434429172842308
#Adriana_Err,one,2,4.366793055836203
#Adriana_Err,merry,1,4.198165548591107
#Adriana_Err,sweet,1,4.198165548591107
#Adriana_Err,been,1,4.198165548591107
#Adriana_Err,i'll,2,4.081056069310432
#Adriana_Err,even,1,3.987960666881583
#Adriana_Err,there,2,3.912605931840247
#Adriana_Err,sure,1,3.7997714602793797
#Adriana_Err,own,1,3.7997714602793797
#Adriana_Err,must,1,3.630302569445733
#Adriana_Err,both,1,3.476862259387568
#Adriana_Err,against,1,3.476862259387568
#Adriana_Err,made,1,3.476862259387568
#Adriana_Err,since,1,3.3372404866823784
#Adriana_Err,any,1,3.3372404866823784
#Adriana_Err,long,1,3.209610936854217
#Adriana_Err,she,2,2.926728956811191
#Adriana_Err,dinner,1,2.7920418159347964
#Adriana_Err,mine,1,2.550187081221188
#Adriana_Err,mistress,1,2.4796263825354843
#Adriana_Err,sir,3,2.4170524629866956
#Adriana_Err,out,1,2.4133073434754406
#Abbess_Err,thereof,3,31.467605779817738
#Abbess_Err,quiet,2,22.58726691343719
#Abbess_Err,hindered,2,22.58726691343719
#Abbess_Err,burden,2,22.58726691343719
#Abbess_Err,sons,2,22.58726691343719
#Abbess_Err,same,2,22.58726691343719
#Abbess_Err,depart,2,20.978403853211827
#Abbess_Err,egeon,2,20.978403853211827
#Abbess_Err,liberty,2,19.46241265500494
#Abbess_Err,duke,3,18.428087541150845
#Abbess_Err,place,2,18.117278555790502
#Abbess_Err,epidamium,2,18.117278555790502
#Abbess_Err,speak,3,17.649196136921443
#Abbess_Err,much,3,16.292578975425492
#Abbess_Err,took,2,15.91109824514562
#Abbess_Err,men,2,14.20711006162631
#Abbess_Err,man,6,13.868320381753838
#Abbess_Err,till,3,12.587042311927094
#Abbess_Err,mad,3,11.933323683859214
#Abbess_Err,husband,3,11.634108082729409
#Abbess_Err,wealth,1,11.293633456718595
#Abbess_Err,gazing,1,11.293633456718595
#Abbess_Err,fire,1,11.293633456718595
#Abbess_Err,what's,1,11.293633456718595
#Abbess_Err,dull,1,11.293633456718595
#Abbess_Err,rest,1,11.293633456718595
#Abbess_Err,creature,1,11.293633456718595
#Abbess_Err,means,1,11.293633456718595
#Abbess_Err,full,1,11.293633456718595
#Abbess_Err,feast,1,11.293633456718595
#Abbess_Err,after,1,11.293633456718595
#Abbess_Err,long,2,10.861719316950326
#Abbess_Err,ay,2,10.861719316950326
#Abbess_Err,again,2,10.861719316950326
#Abbess_Err,go,4,10.848884192553651
#Abbess_Err,sea,1,10.489201926605913
#Abbess_Err,head,1,10.489201926605913
#Abbess_Err,pale,1,10.489201926605913
#Abbess_Err,sport,1,10.489201926605913
#Abbess_Err,hands,1,10.489201926605913
#Abbess_Err,patient,1,10.489201926605913
#Abbess_Err,holy,1,10.489201926605913
#Abbess_Err,called,1,10.489201926605913
#Abbess_Err,hither,1,9.73120632750247
#Abbess_Err,dear,1,9.73120632750247
#Abbess_Err,friend,1,9.73120632750247
#Abbess_Err,ill,1,9.73120632750247
#Abbess_Err,lose,1,9.73120632750247
#Abbess_Err,once,1,9.73120632750247
#Abbess_Err,corinth,1,9.73120632750247
#Abbess_Err,son,1,9.73120632750247
#Abbess_Err,company,1,9.73120632750247
#Abbess_Err,years,1,9.73120632750247
#Abbess_Err,present,1,9.73120632750247
#Abbess_Err,lost,1,9.058639277895251
#Abbess_Err,eyes,1,9.058639277895251
#Abbess_Err,brought,1,9.058639277895251
#Abbess_Err,those,1,9.058639277895251
#Abbess_Err,into,1,9.058639277895251
#Abbess_Err,ne'er,1,9.058639277895251
#Abbess_Err,meat,1,8.470225092538946
#Abbess_Err,use,1,8.470225092538946
#Abbess_Err,neither,1,8.470225092538946
#Abbess_Err,leave,1,8.470225092538946
#Abbess_Err,old,1,8.470225092538946
#Abbess_Err,keep,1,8.470225092538946
#Abbess_Err,wherefore,1,7.95554912257281
#Abbess_Err,woman,1,7.95554912257281
#Abbess_Err,abbey,1,7.95554912257281
#Abbess_Err,or,3,7.648757170769779
#Abbess_Err,else,1,7.503327654646678
#Abbess_Err,light,1,7.503327654646678
#Abbess_Err,cannot,1,7.503327654646678
#Abbess_Err,eye,1,7.103555030813155
#Abbess_Err,sweet,1,7.103555030813155
#Abbess_Err,left,1,7.103555030813155
#Abbess_Err,wrong,1,7.103555030813155
#Abbess_Err,gone,1,7.103555030813155
#Abbess_Err,up,1,6.747875406537668
#Abbess_Err,therefore,1,6.429447662364396
#Abbess_Err,most,1,6.429447662364396
#Abbess_Err,hour,1,6.429447662364396
#Abbess_Err,dromio,2,6.36039533203053
#Abbess_Err,comes,1,6.142695847050282
#Abbess_Err,fair,1,6.142695847050282
#Abbess_Err,hear,1,6.142695847050282
#Abbess_Err,bound,1,5.883065378973814
#Abbess_Err,both,1,5.883065378973814
#Abbess_Err,came,1,5.646816728359298
#Abbess_Err,doth,1,5.646816728359298
#Abbess_Err,life,1,5.430859658475163
#Abbess_Err,should,1,5.232622723144026
#Abbess_Err,two,1,5.232622723144026
#Abbess_Err,take,1,5.232622723144026
#Abbess_Err,such,1,5.232622723144026
#Abbess_Err,love,1,5.049951188162306
#Abbess_Err,who,1,4.881027172995197
#Abbess_Err,house,1,4.578471466017358
#Abbess_Err,mine,1,4.315073824662051
#Abbess_Err,tell,1,3.977774561286404
#Abbess_Err,o,1,3.878036027576469
#Abbess_Err,these,1,3.783741841287989
#Abbess_Err,one,1,3.69444158660148
#Abbess_Err,more,1,3.529260455224561
#Abbess_Err,see,1,3.379761209044558
#Abbess_Err,wife,1,3.3101852736656094
#Abbess_Err,would,1,2.8025827083140697
