Character,Number of words spoken,Number of speeches
#Orlando_AYL,2370,120
#Adam_AYL,513,10
#Oliver_AYL,1164,37
#Dennis_AYL,17,2
#Charles_AYL,375,8
#Celia_AYL,2106,108
#Rosalind_AYL,5697,201
#Touchstone_AYL,2374,74
#LORDS.FREDERICK.LeBeau_AYL,371,14
#DukeFrederick_AYL,529,20
#DukeSenior_AYL,808,32
#LORDS.SENIOR.Amiens_AYL,239,11
#LORDS.SENIOR.0.1_AYL,320,6
#LORDS.SENIOR.0.2_AYL,32,3
#LORDS.FREDERICK.0.1_AYL,32,1
#LORDS.FREDERICK.0.2_AYL,63,1
#Corin_AYL,549,24
#Silvius_AYL,540,24
#Jaques_AYL,1730,57
#LORDS.SENIOR.Amiens_AYL #LORDS.SENIOR_AYL #Jaques_AYL,39,1
#Audrey_AYL,149,12
#OliverMartext_AYL,36,3
#Phoebe_AYL,694,23
#William_AYL,41,11
#SERVANTS.1_AYL,40,3
#SERVANTS.2_AYL,23,2
#SERVANTS.1_AYL #SERVANTS.2_AYL,173,1
#Hymen_AYL,134,2
#SecondBrother_AYL,128,2
