Character,Word,Count,Significance
#Valentine_TGV,except,6,27.918122161614054
#Valentine_TGV,boy,7,27.31579158675007
#Valentine_TGV,grace,9,26.850420454843544
#Valentine_TGV,lord,12,24.942658736693517
#Valentine_TGV,happy,5,24.881294496829426
#Valentine_TGV,death,5,24.881294496829426
#Valentine_TGV,fly,4,23.04848789459526
#Valentine_TGV,sylvia,17,22.79679086543024
#Valentine_TGV,any,5,21.85144529220274
#Valentine_TGV,folly,5,20.609332081147386
#Valentine_TGV,along,4,19.90503559746354
#Valentine_TGV,earth,4,19.90503559746354
#Valentine_TGV,mistress,6,19.39076425249062
#Valentine_TGV,know,11,18.84953328154092
#Valentine_TGV,divine,3,18.61208144107604
#Valentine_TGV,made,6,18.61208144107604
#Valentine_TGV,win,3,18.61208144107604
#Valentine_TGV,mine,9,18.265489477583166
#Valentine_TGV,leave,6,17.900280303229028
#Valentine_TGV,these,6,17.900280303229028
#Valentine_TGV,ladyship,5,17.659714205598583
#Valentine_TGV,dost,4,17.481156233762192
#Valentine_TGV,banished,4,17.481156233762192
#Valentine_TGV,sweet,8,17.48115623376219
#Valentine_TGV,looks,3,17.286365920946444
#Valentine_TGV,joy,3,17.286365920946444
#Valentine_TGV,dare,3,17.286365920946444
#Valentine_TGV,friend,8,17.042834538189307
#Valentine_TGV,doth,5,16.872095210575672
#Valentine_TGV,love,30,16.86541802703343
#Valentine_TGV,see,8,16.628439157795675
#Valentine_TGV,man,8,16.628439157795675
#Valentine_TGV,even,5,16.158970210408846
#Valentine_TGV,please,5,16.158970210408846
#Valentine_TGV,rather,3,16.037177528516576
#Valentine_TGV,young,3,16.037177528516576
#Valentine_TGV,twenty,3,16.037177528516576
#Valentine_TGV,forbear,3,16.037177528516576
#Valentine_TGV,worth,4,15.609023763857184
#Valentine_TGV,now,15,15.457504099894123
#Valentine_TGV,why,13,15.12231617087428
#Valentine_TGV,lady,6,15.090782630361257
#Valentine_TGV,once,3,14.928776698097657
#Valentine_TGV,write,3,14.928776698097657
#Valentine_TGV,light,3,14.928776698097657
#Valentine_TGV,such,9,14.857823868839136
#Valentine_TGV,without,4,14.827469783694616
#Valentine_TGV,still,4,14.127771364478864
#Valentine_TGV,words,4,14.127771364478864
#Valentine_TGV,world,3,13.959061080807027
#Valentine_TGV,yours,3,13.959061080807027
#Valentine_TGV,yourself,3,13.959061080807027
#Valentine_TGV,use,3,13.959061080807027
#Valentine_TGV,discourse,3,13.959061080807027
#Valentine_TGV,life,3,13.959061080807027
#Valentine_TGV,alone,3,13.959061080807027
#Valentine_TGV,full,3,13.959061080807027
#Valentine_TGV,ladder,3,13.959061080807027
#Valentine_TGV,should,8,13.452627220007951
#Valentine_TGV,proteus,10,13.223510478332978
#Valentine_TGV,madam,9,13.197760861163898
#Valentine_TGV,friends,3,13.110867175321644
#Valentine_TGV,unless,3,13.110867175321644
#Valentine_TGV,fair,5,12.976217394891346
#Valentine_TGV,else,4,12.927176168327076
#Valentine_TGV,gentleman,4,12.927176168327076
#Valentine_TGV,tell,5,12.575652191967714
#Valentine_TGV,or,6,12.471329368346758
#Valentine_TGV,boots,2,12.40805429405069
#Valentine_TGV,scorn,2,12.40805429405069
#Valentine_TGV,haply,2,12.40805429405069
#Valentine_TGV,you'll,2,12.40805429405069
#Valentine_TGV,wise,2,12.40805429405069
#Valentine_TGV,milan,2,12.40805429405069
#Valentine_TGV,hear,4,12.40805429405069
#Valentine_TGV,writ,4,12.40805429405069
#Valentine_TGV,bare,2,12.40805429405069
#Valentine_TGV,desert,2,12.40805429405069
#Valentine_TGV,penance,2,12.40805429405069
#Valentine_TGV,seest,2,12.40805429405069
#Valentine_TGV,self,2,12.40805429405069
#Valentine_TGV,verona,2,12.40805429405069
#Valentine_TGV,hand,2,12.40805429405069
#Valentine_TGV,comes,3,12.36559924868843
#Valentine_TGV,worthy,3,12.36559924868843
#Valentine_TGV,bear,3,12.36559924868843
#Valentine_TGV,day,3,12.36559924868843
#Valentine_TGV,she,22,11.95426807763596
#Valentine_TGV,wit,4,11.933520202152685
#Valentine_TGV,news,3,11.706767822892886
#Valentine_TGV,long,3,11.706767822892886
#Valentine_TGV,eyes,3,11.706767822892886
#Valentine_TGV,whose,3,11.706767822892886
#Valentine_TGV,sighs,2,11.52424394729763
#Valentine_TGV,take,5,11.52424394729763
#Valentine_TGV,letters,2,11.52424394729763
#Valentine_TGV,it's,2,11.52424394729763
#Valentine_TGV,last,2,11.52424394729763
#Valentine_TGV,off,2,11.52424394729763
#Valentine_TGV,means,2,11.52424394729763
#Valentine_TGV,messenger,2,11.52424394729763
#Valentine_TGV,perfection,2,11.52424394729763
#Valentine_TGV,high,2,11.52424394729763
#Valentine_TGV,sleep,2,11.52424394729763
#Valentine_TGV,flatter,2,11.52424394729763
#Valentine_TGV,window,2,11.52424394729763
#Valentine_TGV,happiness,2,11.52424394729763
#Valentine_TGV,already,2,11.52424394729763
#Valentine_TGV,touch,2,11.52424394729763
#Valentine_TGV,pray,4,11.497923515559025
#Valentine_TGV,nothing,4,11.497923515559025
#Valentine_TGV,one,8,11.204683844886215
#Valentine_TGV,night,3,11.120602337770961
#Valentine_TGV,indeed,3,11.120602337770961
#Valentine_TGV,name,3,11.120602337770961
#Valentine_TGV,been,4,11.096529520842054
#Valentine_TGV,more,8,10.881748541947339
#Valentine_TGV,tender,2,10.691451685677718
#Valentine_TGV,ere,2,10.691451685677718
#Valentine_TGV,know'st,2,10.691451685677718
#Valentine_TGV,trust,2,10.691451685677718
#Valentine_TGV,came,2,10.691451685677718
#Valentine_TGV,dear,2,10.691451685677718
#Valentine_TGV,lest,2,10.691451685677718
#Valentine_TGV,tongue,2,10.691451685677718
#Valentine_TGV,serve,2,10.691451685677718
#Valentine_TGV,cloak,2,10.691451685677718
#Valentine_TGV,kept,2,10.691451685677718
#Valentine_TGV,ever,3,10.595828523359147
#Valentine_TGV,another,3,10.595828523359147
#Valentine_TGV,welcome,3,10.595828523359147
#Valentine_TGV,ay,7,10.264925114238586
#Valentine_TGV,mean,3,10.123257126345404
#Valentine_TGV,gone,3,10.123257126345404
#Valentine_TGV,much,6,10.089470415005966
#Valentine_TGV,that's,4,10.060521753574172
#Valentine_TGV,counsel,2,9.95251779873177
#Valentine_TGV,peace,2,9.95251779873177
#Valentine_TGV,good,7,9.95251779873177
#Valentine_TGV,great,2,9.95251779873177
#Valentine_TGV,often,2,9.95251779873177
#Valentine_TGV,woman,2,9.95251779873177
#Valentine_TGV,forsworn,2,9.95251779873177
#Valentine_TGV,never,3,9.69538212624531
#Valentine_TGV,would,8,9.532902076995697
#Valentine_TGV,word,3,9.30604072053802
#Valentine_TGV,beauty,2,9.306040720538018
#Valentine_TGV,loves,2,9.306040720538018
#Valentine_TGV,other,2,9.306040720538018
#Valentine_TGV,honor,2,9.306040720538018
#Valentine_TGV,though,2,9.306040720538018
#Valentine_TGV,sure,2,9.306040720538018
#Valentine_TGV,base,2,9.306040720538018
#Valentine_TGV,get,2,9.306040720538018
#Valentine_TGV,myself,4,9.219395157838106
#Valentine_TGV,had,4,9.219395157838106
#Valentine_TGV,can,5,9.09206030911504
#Valentine_TGV,o,6,9.085761519227866
#Valentine_TGV,there,5,8.909543071398097
#Valentine_TGV,home,2,8.740578116881096
#Valentine_TGV,thing,2,8.740578116881096
#Valentine_TGV,live,2,8.740578116881096
#Valentine_TGV,hold,2,8.740578116881096
#Valentine_TGV,fortune,2,8.740578116881096
#Valentine_TGV,'tis,5,8.40789201250497
#Valentine_TGV,most,2,8.243732832458955
#Valentine_TGV,whom,2,8.243732832458955
#Valentine_TGV,kind,2,8.243732832458955
#Valentine_TGV,come,5,8.10692636054894
#Valentine_TGV,who,3,8.044007768451817
#Valentine_TGV,sir,9,7.852087506353074
#Valentine_TGV,company,2,7.804511881928592
#Valentine_TGV,could,2,7.804511881928592
#Valentine_TGV,thousand,2,7.804511881928592
#Valentine_TGV,poor,2,7.804511881928592
#Valentine_TGV,sake,2,7.804511881928592
#Valentine_TGV,father,3,7.785730436934809
#Valentine_TGV,look,3,7.545391315180629
#Valentine_TGV,cannot,4,7.426531194494071
#Valentine_TGV,since,2,7.413734891847308
#Valentine_TGV,call,2,7.413734891847308
#Valentine_TGV,thank,2,7.413734891847308
#Valentine_TGV,own,2,7.413734891847308
#Valentine_TGV,again,2,7.413734891847308
#Valentine_TGV,thurio,3,7.321122046077074
#Valentine_TGV,think,4,7.27364824729203
#Valentine_TGV,time,3,7.111307955641818
#Valentine_TGV,gave,2,7.063885682239432
#Valentine_TGV,mind,2,7.063885682239432
#Valentine_TGV,men,2,7.063885682239432
#Valentine_TGV,up,2,6.74883808423027
#Valentine_TGV,valentine,5,6.611755239166489
#Valentine_TGV,youth,2,6.463588084163538
#Valentine_TGV,done,2,6.463588084163538
#Valentine_TGV,must,3,6.391062951820991
#Valentine_TGV,loving,1,6.204027147025345
#Valentine_TGV,wear,1,6.204027147025345
#Valentine_TGV,weary,1,6.204027147025345
#Valentine_TGV,circumstance,1,6.204027147025345
#Valentine_TGV,desire,1,6.204027147025345
#Valentine_TGV,farewell,1,6.204027147025345
#Valentine_TGV,sirrah,1,6.204027147025345
#Valentine_TGV,ignorant,1,6.204027147025345
#Valentine_TGV,goes,1,6.204027147025345
#Valentine_TGV,always,1,6.204027147025345
#Valentine_TGV,age,1,6.204027147025345
#Valentine_TGV,bestow,1,6.204027147025345
#Valentine_TGV,sorrow,1,6.204027147025345
#Valentine_TGV,heavenly,1,6.204027147025345
#Valentine_TGV,speak,2,6.204027147025345
#Valentine_TGV,lady's,1,6.204027147025345
#Valentine_TGV,makes,2,6.204027147025345
#Valentine_TGV,affairs,1,6.204027147025345
#Valentine_TGV,stays,1,6.204027147025345
#Valentine_TGV,respect,1,6.204027147025345
#Valentine_TGV,woman's,1,6.204027147025345
#Valentine_TGV,praise,1,6.204027147025345
#Valentine_TGV,resort,1,6.204027147025345
#Valentine_TGV,feed,1,6.204027147025345
#Valentine_TGV,bad,1,6.204027147025345
#Valentine_TGV,next,1,6.204027147025345
#Valentine_TGV,wealth,1,6.204027147025345
#Valentine_TGV,substance,1,6.204027147025345
#Valentine_TGV,stayed,1,6.204027147025345
#Valentine_TGV,youthful,1,6.204027147025345
#Valentine_TGV,travel,1,6.204027147025345
#Valentine_TGV,lend,1,6.204027147025345
#Valentine_TGV,patience,1,6.204027147025345
#Valentine_TGV,bosom,1,6.204027147025345
#Valentine_TGV,duke,1,6.204027147025345
#Valentine_TGV,back,1,6.204027147025345
#Valentine_TGV,ask,1,6.204027147025345
#Valentine_TGV,walk,1,6.204027147025345
#Valentine_TGV,very,2,5.966760101076343
#Valentine_TGV,gentle,2,5.966760101076343
#Valentine_TGV,i'll,4,5.959709273678978
#Valentine_TGV,may,3,5.816275450336263
#Valentine_TGV,lost,1,5.762121973648815
#Valentine_TGV,methinks,1,5.762121973648815
#Valentine_TGV,coming,1,5.762121973648815
#Valentine_TGV,things,1,5.762121973648815
#Valentine_TGV,saw,1,5.762121973648815
#Valentine_TGV,belike,1,5.762121973648815
#Valentine_TGV,command,1,5.762121973648815
#Valentine_TGV,times,1,5.762121973648815
#Valentine_TGV,thence,1,5.762121973648815
#Valentine_TGV,love's,1,5.762121973648815
#Valentine_TGV,truth,1,5.762121973648815
#Valentine_TGV,help,1,5.762121973648815
#Valentine_TGV,water,1,5.762121973648815
#Valentine_TGV,likes,1,5.762121973648815
#Valentine_TGV,only,1,5.762121973648815
#Valentine_TGV,flight,1,5.762121973648815
#Valentine_TGV,going,1,5.762121973648815
#Valentine_TGV,deliver,1,5.762121973648815
#Valentine_TGV,besides,1,5.762121973648815
#Valentine_TGV,first,1,5.762121973648815
#Valentine_TGV,under,1,5.762121973648815
#Valentine_TGV,longer,1,5.762121973648815
#Valentine_TGV,women,1,5.762121973648815
#Valentine_TGV,fashion,1,5.762121973648815
#Valentine_TGV,wouldst,1,5.762121973648815
#Valentine_TGV,warrant,1,5.762121973648815
#Valentine_TGV,hast,2,5.362671845634546
#Valentine_TGV,being,2,5.362671845634546
#Valentine_TGV,away,2,5.362671845634546
#Valentine_TGV,lov'st,1,5.345725842838859
#Valentine_TGV,losing,1,5.345725842838859
#Valentine_TGV,lines,1,5.345725842838859
#Valentine_TGV,duty,1,5.345725842838859
#Valentine_TGV,none,1,5.345725842838859
#Valentine_TGV,end,1,5.345725842838859
#Valentine_TGV,knew,1,5.345725842838859
#Valentine_TGV,break,1,5.345725842838859
#Valentine_TGV,fast,1,5.345725842838859
#Valentine_TGV,having,1,5.345725842838859
#Valentine_TGV,pure,1,5.345725842838859
#Valentine_TGV,hour,1,5.345725842838859
#Valentine_TGV,match,1,5.345725842838859
#Valentine_TGV,virtue,1,5.345725842838859
#Valentine_TGV,left,1,5.345725842838859
#Valentine_TGV,commend,1,5.345725842838859
#Valentine_TGV,black,1,5.345725842838859
#Valentine_TGV,turn,1,5.345725842838859
#Valentine_TGV,unhappy,1,5.345725842838859
#Valentine_TGV,awhile,1,5.345725842838859
#Valentine_TGV,'twere,1,5.345725842838859
#Valentine_TGV,two,1,5.345725842838859
#Valentine_TGV,thine,1,5.345725842838859
#Valentine_TGV,stands,1,5.345725842838859
#Valentine_TGV,fit,1,5.345725842838859
#Valentine_TGV,over,1,4.976258899365885
#Valentine_TGV,said,1,4.976258899365885
#Valentine_TGV,fire,1,4.976258899365885
#Valentine_TGV,far,1,4.976258899365885
#Valentine_TGV,pardon,1,4.976258899365885
#Valentine_TGV,send,1,4.976258899365885
#Valentine_TGV,shadow,1,4.976258899365885
#Valentine_TGV,neither,1,4.976258899365885
#Valentine_TGV,dead,1,4.976258899365885
#Valentine_TGV,lance,1,4.976258899365885
#Valentine_TGV,keep,1,4.976258899365885
#Valentine_TGV,faith,1,4.976258899365885
#Valentine_TGV,nay,2,4.740871970427879
#Valentine_TGV,prove,1,4.653020360269009
#Valentine_TGV,stand,1,4.653020360269009
#Valentine_TGV,son,1,4.653020360269009
#Valentine_TGV,thoughts,1,4.653020360269009
#Valentine_TGV,against,1,4.653020360269009
#Valentine_TGV,court,1,4.653020360269009
#Valentine_TGV,hate,1,4.653020360269009
#Valentine_TGV,might,1,4.653020360269009
#Valentine_TGV,eye,1,4.653020360269009
#Valentine_TGV,what's,1,4.653020360269009
#Valentine_TGV,out,2,4.486408556046692
#Valentine_TGV,go,3,4.399253620387966
#Valentine_TGV,fool,1,4.370289058440548
#Valentine_TGV,wilt,1,4.370289058440548
#Valentine_TGV,kiss,1,4.370289058440548
#Valentine_TGV,meet,1,4.370289058440548
#Valentine_TGV,tune,1,4.370289058440548
#Valentine_TGV,pity,1,4.370289058440548
#Valentine_TGV,letter,2,4.370289058440547
#Valentine_TGV,loved,1,4.121866416229477
#Valentine_TGV,service,1,4.121866416229477
#Valentine_TGV,daughter,1,4.121866416229477
#Valentine_TGV,music,1,4.121866416229477
#Valentine_TGV,matter,1,4.121866416229477
#Valentine_TGV,like,2,3.96593140662361
#Valentine_TGV,tears,1,3.902255940964296
#Valentine_TGV,little,1,3.902255940964296
#Valentine_TGV,heaven,1,3.902255940964296
#Valentine_TGV,after,1,3.706867445923654
#Valentine_TGV,chamber,1,3.706867445923654
#Valentine_TGV,better,1,3.706867445923654
#Valentine_TGV,'t,1,3.531942841119716
#Valentine_TGV,hence,1,3.531942841119716
#Valentine_TGV,false,1,3.531942841119716
#Valentine_TGV,best,1,3.374419042115135
#Valentine_TGV,fear,1,3.231794042081769
#Valentine_TGV,because,1,3.231794042081769
#Valentine_TGV,lose,1,3.231794042081769
#Valentine_TGV,servant,1,2.9833800505381713
#Valentine_TGV,true,1,2.8744808788897562
#Valentine_TGV,art,1,2.7741323802105136
#Valentine_TGV,did,1,2.1851445292202736
#Valentine_TGV,master,1,1.8566327986235178
#Thurio_TGV,says,4,31.60848220316966
#Thurio_TGV,advice,2,24.566825292991957
#Thurio_TGV,girl,2,24.566825292991957
#Thurio_TGV,face,2,21.216295585635407
#Thurio_TGV,discourse,2,19.83816704995528
#Thurio_TGV,therefore,3,18.383037503199468
#Thurio_TGV,gentlemen,2,16.63728056931489
#Thurio_TGV,done,2,13.778764138947748
#Thurio_TGV,feed,1,13.225444699970188
#Thurio_TGV,word,2,13.225444699970188
#Thurio_TGV,put,1,13.225444699970188
#Thurio_TGV,farewell,1,13.225444699970188
#Thurio_TGV,wear,1,13.225444699970188
#Thurio_TGV,follows,1,13.225444699970188
#Thurio_TGV,sylvia's,1,13.225444699970188
#Thurio_TGV,sir,7,13.01898887493386
#Thurio_TGV,before,1,12.283412646495979
#Thurio_TGV,hope,1,12.283412646495979
#Thurio_TGV,likes,1,12.283412646495979
#Thurio_TGV,sylvia,4,11.434610598891126
#Thurio_TGV,spend,1,11.3957595349281
#Thurio_TGV,lest,1,11.3957595349281
#Thurio_TGV,none,1,11.3957595349281
#Thurio_TGV,serve,1,11.3957595349281
#Thurio_TGV,turn,1,11.3957595349281
#Thurio_TGV,awhile,1,11.3957595349281
#Thurio_TGV,black,1,11.3957595349281
#Thurio_TGV,care,1,11.3957595349281
#Thurio_TGV,thine,1,11.3957595349281
#Thurio_TGV,forsworn,1,10.608147792817704
#Thurio_TGV,peace,1,10.608147792817704
#Thurio_TGV,eye,1,9.91908352497764
#Thurio_TGV,loves,1,9.91908352497764
#Thurio_TGV,i'll,3,9.528464764785808
#Thurio_TGV,live,1,9.316370624361827
#Thurio_TGV,into,1,9.316370624361827
#Thurio_TGV,tune,1,9.316370624361827
#Thurio_TGV,meet,1,9.316370624361827
#Thurio_TGV,fortune,1,9.316370624361827
#Thurio_TGV,hold,1,9.316370624361827
#Thurio_TGV,fool,1,9.316370624361827
#Thurio_TGV,must,2,9.08277238211462
#Thurio_TGV,folly,1,8.786795263242029
#Thurio_TGV,most,1,8.786795263242029
#Thurio_TGV,music,1,8.786795263242029
#Thurio_TGV,proteus,3,8.456771823823614
#Thurio_TGV,company,1,8.318640284657445
#Thurio_TGV,worth,1,8.318640284657445
#Thurio_TGV,long,1,8.318640284657445
#Thurio_TGV,eglamour,1,8.318640284657445
#Thurio_TGV,she,7,8.108395881773681
#Thurio_TGV,since,1,7.902120550792415
#Thurio_TGV,night,1,7.902120550792415
#Thurio_TGV,thank,1,7.902120550792415
#Thurio_TGV,own,1,7.902120550792415
#Thurio_TGV,after,1,7.902120550792415
#Thurio_TGV,mind,1,7.529224747361275
#Thurio_TGV,presently,1,7.193423139261736
#Thurio_TGV,wit,1,6.359825149428163
#Thurio_TGV,ay,2,6.252077250122
#Thurio_TGV,good,2,6.061798738752973
#Thurio_TGV,love,5,5.992146933285595
#Thurio_TGV,more,2,5.799296173676051
#Thurio_TGV,who,1,5.715942101618032
#Thurio_TGV,valentine,2,5.637847882549076
#Thurio_TGV,time,1,5.053180667060389
#Thurio_TGV,nay,1,5.053180667060389
#Thurio_TGV,sweet,1,4.658185312180914
#Thurio_TGV,now,2,4.39354118065568
#Thurio_TGV,mine,1,4.326387348068284
#Thurio_TGV,should,1,3.5847074237262766
#Thurio_TGV,much,1,3.5847074237262766
#Thurio_TGV,why,1,2.47977088124441
#Sylvia_TGV,servant,9,40.46713021898282
#Sylvia_TGV,eglamour,6,35.28729084366697
#Sylvia_TGV,faith,4,29.999517843332008
#Sylvia_TGV,thousand,5,29.40607570305581
#Sylvia_TGV,grave,3,28.050865147121815
#Sylvia_TGV,grief,3,28.050865147121815
#Sylvia_TGV,false,5,26.615521927853653
#Sylvia_TGV,none,3,24.170144839365307
#Sylvia_TGV,whose,4,23.52486056244465
#Sylvia_TGV,thyself,3,22.499638382499008
#Sylvia_TGV,oaths,3,22.499638382499008
#Sylvia_TGV,welcome,4,21.292417542282923
#Sylvia_TGV,full,3,21.038148860341362
#Sylvia_TGV,done,4,19.482961998572975
#Sylvia_TGV,writ,4,18.700576764747876
#Sylvia_TGV,lady's,2,18.700576764747876
#Sylvia_TGV,hers,2,18.700576764747876
#Sylvia_TGV,heard,2,18.700576764747876
#Sylvia_TGV,desire,2,18.700576764747876
#Sylvia_TGV,whom,3,18.636591403624138
#Sylvia_TGV,more,9,18.45026143994687
#Sylvia_TGV,very,4,17.98539120843681
#Sylvia_TGV,sake,3,17.643645421833487
#Sylvia_TGV,gentlemen,3,17.643645421833487
#Sylvia_TGV,heaven,3,17.643645421833487
#Sylvia_TGV,take,5,17.368557832266365
#Sylvia_TGV,belike,2,17.368557832266365
#Sylvia_TGV,wrong,2,17.368557832266365
#Sylvia_TGV,times,2,17.368557832266365
#Sylvia_TGV,thank,3,16.760216610869627
#Sylvia_TGV,again,3,16.760216610869627
#Sylvia_TGV,art,4,16.723935696049754
#Sylvia_TGV,two,2,16.113429892910208
#Sylvia_TGV,lines,2,16.113429892910208
#Sylvia_TGV,blind,2,16.113429892910208
#Sylvia_TGV,dear,2,16.113429892910208
#Sylvia_TGV,left,2,16.113429892910208
#Sylvia_TGV,unhappy,2,16.113429892910208
#Sylvia_TGV,read,2,14.999758921666004
#Sylvia_TGV,over,2,14.999758921666004
#Sylvia_TGV,return,2,14.999758921666004
#Sylvia_TGV,far,2,14.999758921666004
#Sylvia_TGV,send,2,14.999758921666004
#Sylvia_TGV,picture,2,14.999758921666004
#Sylvia_TGV,even,3,14.612221498929731
#Sylvia_TGV,hear,3,14.025432573560908
#Sylvia_TGV,heart,3,14.025432573560908
#Sylvia_TGV,o,6,13.693442721150852
#Sylvia_TGV,home,2,13.173205739547885
#Sylvia_TGV,into,2,13.173205739547885
#Sylvia_TGV,much,5,12.671803836718233
#Sylvia_TGV,comes,2,12.42439426908276
#Sylvia_TGV,bear,2,12.42439426908276
#Sylvia_TGV,most,2,12.42439426908276
#Sylvia_TGV,who,3,12.12338221652425
#Sylvia_TGV,hast,3,12.12338221652425
#Sylvia_TGV,valentine,6,11.95774616741068
#Sylvia_TGV,proteus,6,11.95774616741068
#Sylvia_TGV,sir,9,11.834133031355147
#Sylvia_TGV,company,2,11.762430281222326
#Sylvia_TGV,look,3,11.371901360655091
#Sylvia_TGV,since,2,11.173477740579749
#Sylvia_TGV,better,2,11.173477740579749
#Sylvia_TGV,go,5,11.050427150788343
#Sylvia_TGV,thurio,3,11.033897949043986
#Sylvia_TGV,think,4,10.962348663599649
#Sylvia_TGV,would,6,10.775506952396936
#Sylvia_TGV,there,4,10.742286595273471
#Sylvia_TGV,good,5,10.714113515475718
#Sylvia_TGV,words,2,10.646208771141461
#Sylvia_TGV,julia,3,9.879904304660915
#Sylvia_TGV,please,2,9.741480999286487
#Sylvia_TGV,gentleman,2,9.741480999286487
#Sylvia_TGV,mistress,2,9.741480999286487
#Sylvia_TGV,youth,2,9.741480999286487
#Sylvia_TGV,sad,1,9.350288382373938
#Sylvia_TGV,affairs,1,9.350288382373938
#Sylvia_TGV,vows,1,9.350288382373938
#Sylvia_TGV,witness,1,9.350288382373938
#Sylvia_TGV,least,1,9.350288382373938
#Sylvia_TGV,wise,1,9.350288382373938
#Sylvia_TGV,ignorant,1,9.350288382373938
#Sylvia_TGV,near,1,9.350288382373938
#Sylvia_TGV,friar,1,9.350288382373938
#Sylvia_TGV,forget,1,9.350288382373938
#Sylvia_TGV,sayst,1,9.350288382373938
#Sylvia_TGV,weep,1,9.350288382373938
#Sylvia_TGV,purse,1,9.350288382373938
#Sylvia_TGV,farewell,1,9.350288382373938
#Sylvia_TGV,perjury,1,9.350288382373938
#Sylvia_TGV,gentle,2,8.992695604218405
#Sylvia_TGV,it's,1,8.684278916133183
#Sylvia_TGV,off,1,8.684278916133183
#Sylvia_TGV,warrant,1,8.684278916133183
#Sylvia_TGV,high,1,8.684278916133183
#Sylvia_TGV,want,1,8.684278916133183
#Sylvia_TGV,worthless,1,8.684278916133183
#Sylvia_TGV,confer,1,8.684278916133183
#Sylvia_TGV,thence,1,8.684278916133183
#Sylvia_TGV,worship,1,8.684278916133183
#Sylvia_TGV,flatter,1,8.684278916133183
#Sylvia_TGV,sea,1,8.684278916133183
#Sylvia_TGV,coming,1,8.684278916133183
#Sylvia_TGV,holy,1,8.684278916133183
#Sylvia_TGV,tear,1,8.684278916133183
#Sylvia_TGV,julia's,1,8.684278916133183
#Sylvia_TGV,first,1,8.684278916133183
#Sylvia_TGV,true,2,8.664444732523705
#Sylvia_TGV,been,2,8.361967848024877
#Sylvia_TGV,pains,1,8.056714946455104
#Sylvia_TGV,care,1,8.056714946455104
#Sylvia_TGV,change,1,8.056714946455104
#Sylvia_TGV,duty,1,8.056714946455104
#Sylvia_TGV,think'st,1,8.056714946455104
#Sylvia_TGV,spend,1,8.056714946455104
#Sylvia_TGV,thine,1,8.056714946455104
#Sylvia_TGV,pure,1,8.056714946455104
#Sylvia_TGV,match,1,8.056714946455104
#Sylvia_TGV,fit,1,8.056714946455104
#Sylvia_TGV,master's,1,8.056714946455104
#Sylvia_TGV,break,1,8.056714946455104
#Sylvia_TGV,shame,1,8.056714946455104
#Sylvia_TGV,lov'st,1,8.056714946455104
#Sylvia_TGV,rather,1,8.056714946455104
#Sylvia_TGV,tender,1,8.056714946455104
#Sylvia_TGV,father,2,7.822749441887025
#Sylvia_TGV,lady,2,7.581267573770061
#Sylvia_TGV,way,1,7.499879460833002
#Sylvia_TGV,seek,1,7.499879460833002
#Sylvia_TGV,once,1,7.499879460833002
#Sylvia_TGV,wish,1,7.499879460833002
#Sylvia_TGV,become,1,7.499879460833002
#Sylvia_TGV,keep,1,7.499879460833002
#Sylvia_TGV,said,1,7.499879460833002
#Sylvia_TGV,shadow,1,7.499879460833002
#Sylvia_TGV,didst,1,7.499879460833002
#Sylvia_TGV,nay,2,7.1451202673521985
#Sylvia_TGV,other,1,7.012716286780454
#Sylvia_TGV,what's,1,7.012716286780454
#Sylvia_TGV,many,1,7.012716286780454
#Sylvia_TGV,rest,1,7.012716286780454
#Sylvia_TGV,honor,1,7.012716286780454
#Sylvia_TGV,alone,1,7.012716286780454
#Sylvia_TGV,thoughts,1,7.012716286780454
#Sylvia_TGV,though,1,7.012716286780454
#Sylvia_TGV,had,2,6.947423132906546
#Sylvia_TGV,myself,2,6.947423132906546
#Sylvia_TGV,out,2,6.761610290551337
#Sylvia_TGV,did,2,6.586602869773943
#Sylvia_TGV,banished,1,6.586602869773943
#Sylvia_TGV,fortune,1,6.586602869773943
#Sylvia_TGV,bring,1,6.586602869773943
#Sylvia_TGV,hold,1,6.586602869773943
#Sylvia_TGV,paper,1,6.586602869773943
#Sylvia_TGV,dost,1,6.586602869773943
#Sylvia_TGV,alas,1,6.586602869773943
#Sylvia_TGV,unless,1,6.586602869773943
#Sylvia_TGV,friend,2,6.421450696809055
#Sylvia_TGV,one,3,6.3326019555647814
#Sylvia_TGV,music,1,6.21219713454138
#Sylvia_TGV,loved,1,6.21219713454138
#Sylvia_TGV,worthy,1,6.21219713454138
#Sylvia_TGV,kind,1,6.21219713454138
#Sylvia_TGV,ring,1,6.21219713454138
#Sylvia_TGV,love,7,5.930962956449085
#Sylvia_TGV,could,1,5.881215140611163
#Sylvia_TGV,worth,1,5.881215140611163
#Sylvia_TGV,poor,1,5.881215140611163
#Sylvia_TGV,she,7,5.732573953691556
#Sylvia_TGV,cannot,2,5.596381729447312
#Sylvia_TGV,name,1,5.586738870289874
#Sylvia_TGV,night,1,5.586738870289874
#Sylvia_TGV,call,1,5.586738870289874
#Sylvia_TGV,chamber,1,5.586738870289874
#Sylvia_TGV,ever,1,5.323104385570731
#Sylvia_TGV,hence,1,5.323104385570731
#Sylvia_TGV,still,1,5.323104385570731
#Sylvia_TGV,gave,1,5.323104385570731
#Sylvia_TGV,men,1,5.323104385570731
#Sylvia_TGV,know,2,5.16522480636759
#Sylvia_TGV,presently,1,5.0856952136127775
#Sylvia_TGV,marry,1,5.0856952136127775
#Sylvia_TGV,best,1,5.0856952136127775
#Sylvia_TGV,come,2,4.887283538218993
#Sylvia_TGV,never,1,4.870740499643244
#Sylvia_TGV,because,1,4.870740499643244
#Sylvia_TGV,fear,1,4.870740499643244
#Sylvia_TGV,makes,1,4.675144191186969
#Sylvia_TGV,leave,1,4.496347802109202
#Sylvia_TGV,i'll,2,4.4910345380037
#Sylvia_TGV,ay,2,4.420170860315337
#Sylvia_TGV,pray,1,4.332222366261853
#Sylvia_TGV,therefore,1,4.332222366261853
#Sylvia_TGV,being,1,4.0411274055080835
#Sylvia_TGV,fair,1,3.9113747209435124
#Sylvia_TGV,tell,1,3.7906337868850306
#Sylvia_TGV,that's,1,3.7906337868850306
#Sylvia_TGV,time,1,3.5725601336760993
#Sylvia_TGV,why,2,3.506358143390227
#Sylvia_TGV,sweet,1,3.2933014348869714
#Sylvia_TGV,see,1,3.1326567765886013
#Sylvia_TGV,man,1,3.1326567765886013
#Sylvia_TGV,or,1,3.1326567765886013
#Sylvia_TGV,now,2,3.1062000553417217
#Sylvia_TGV,mine,1,3.058722808646551
#Sylvia_TGV,may,1,2.9219651194918557
#Sylvia_TGV,master,1,2.798190864723656
#Sylvia_TGV,'tis,1,2.534360767343647
#Sylvia_TGV,should,1,2.534360767343647
#Speed_TGV,item,17,66.92100127143455
#Speed_TGV,like,13,35.30308350636128
#Speed_TGV,mutton,4,33.98503845200141
#Speed_TGV,master,13,33.05395681881287
#Speed_TGV,sheep,6,32.06424997676129
#Speed_TGV,lover,4,31.564326235011755
#Speed_TGV,pains,4,29.283349994663403
#Speed_TGV,marry,6,27.727093591402394
#Speed_TGV,she,37,27.533163822973474
#Speed_TGV,sir,23,27.48049442850945
#Speed_TGV,faults,4,27.25944713558374
#Speed_TGV,letter,9,26.932505765994406
#Speed_TGV,perceive,4,25.48877883900106
#Speed_TGV,lost,3,23.673244676258815
#Speed_TGV,can,9,22.41242750083789
#Speed_TGV,being,6,22.032133873729833
#Speed_TGV,slow,3,21.962512495997558
#Speed_TGV,hard,3,20.444585351687806
#Speed_TGV,become,3,20.444585351687806
#Speed_TGV,write,3,20.444585351687806
#Speed_TGV,lance,3,20.444585351687806
#Speed_TGV,without,4,20.30584807266527
#Speed_TGV,one,10,19.18066696270602
#Speed_TGV,shepherd,3,19.116584129250793
#Speed_TGV,why,12,19.116584129250793
#Speed_TGV,yourself,3,19.116584129250793
#Speed_TGV,else,4,17.70344361593576
#Speed_TGV,or,6,17.0791728536382
#Speed_TGV,pound,2,16.992519226000706
#Speed_TGV,purse,2,16.992519226000706
#Speed_TGV,walk,2,16.992519226000706
#Speed_TGV,wont,2,16.992519226000706
#Speed_TGV,taught,2,16.992519226000706
#Speed_TGV,ass,2,16.992519226000706
#Speed_TGV,sayst,2,16.992519226000706
#Speed_TGV,wealth,2,16.992519226000706
#Speed_TGV,these,4,16.342656686002325
#Speed_TGV,could,3,16.032124988380644
#Speed_TGV,saw,2,15.782163117505878
#Speed_TGV,sleep,2,15.782163117505878
#Speed_TGV,letters,2,15.782163117505878
#Speed_TGV,worship,2,15.782163117505878
#Speed_TGV,had,5,15.782163117505878
#Speed_TGV,want,2,15.782163117505878
#Speed_TGV,delivered,2,14.641674997331702
#Speed_TGV,stands,2,14.641674997331702
#Speed_TGV,o,7,14.51650967289499
#Speed_TGV,mind,3,14.510721474269806
#Speed_TGV,over,2,13.62972356779187
#Speed_TGV,set,2,13.62972356779187
#Speed_TGV,often,2,13.62972356779187
#Speed_TGV,hair,2,13.62972356779187
#Speed_TGV,nay,4,12.985010573999421
#Speed_TGV,yours,2,12.74438941950053
#Speed_TGV,did,4,11.970002562664181
#Speed_TGV,himself,2,11.97000256266418
#Speed_TGV,paper,2,11.97000256266418
#Speed_TGV,nothing,3,11.809588459664917
#Speed_TGV,'tis,5,11.514397284764557
#Speed_TGV,matter,2,11.289585403953081
#Speed_TGV,more,6,11.17671132775045
#Speed_TGV,eyes,2,10.688083325587098
#Speed_TGV,news,2,10.688083325587098
#Speed_TGV,tell,3,10.333224206826781
#Speed_TGV,thank,2,10.152924036332635
#Speed_TGV,since,2,10.152924036332635
#Speed_TGV,own,2,10.152924036332635
#Speed_TGV,indeed,2,10.152924036332635
#Speed_TGV,still,2,9.67381431617987
#Speed_TGV,another,2,9.67381431617987
#Speed_TGV,gave,2,9.67381431617987
#Speed_TGV,ever,2,9.67381431617987
#Speed_TGV,presently,2,9.242364530467466
#Speed_TGV,fear,2,8.85172180796788
#Speed_TGV,mistress,2,8.85172180796788
#Speed_TGV,because,2,8.85172180796788
#Speed_TGV,see,3,8.5395864268191
#Speed_TGV,circumstance,1,8.496259613000353
#Speed_TGV,cry,1,8.496259613000353
#Speed_TGV,less,1,8.496259613000353
#Speed_TGV,ask,1,8.496259613000353
#Speed_TGV,word,2,8.496259613000353
#Speed_TGV,both,1,8.496259613000353
#Speed_TGV,you'll,1,8.496259613000353
#Speed_TGV,win,1,8.496259613000353
#Speed_TGV,stones,1,8.496259613000353
#Speed_TGV,weep,1,8.496259613000353
#Speed_TGV,speak,2,8.496259613000353
#Speed_TGV,through,1,8.496259613000353
#Speed_TGV,put,1,8.496259613000353
#Speed_TGV,writ,2,8.496259613000353
#Speed_TGV,ev'n,1,8.496259613000353
#Speed_TGV,here's,1,8.496259613000353
#Speed_TGV,heard,1,8.496259613000353
#Speed_TGV,modesty,1,8.496259613000353
#Speed_TGV,discover,1,8.496259613000353
#Speed_TGV,herself,1,8.496259613000353
#Speed_TGV,feed,1,8.496259613000353
#Speed_TGV,sirrah,1,8.496259613000353
#Speed_TGV,part,1,8.496259613000353
#Speed_TGV,respect,1,8.496259613000353
#Speed_TGV,praise,1,8.496259613000353
#Speed_TGV,wit,2,8.171328343001163
#Speed_TGV,ay,4,8.032890030183953
#Speed_TGV,madam,4,8.032890030183953
#Speed_TGV,already,1,7.891081558752939
#Speed_TGV,brought,1,7.891081558752939
#Speed_TGV,carry,1,7.891081558752939
#Speed_TGV,last,1,7.891081558752939
#Speed_TGV,first,1,7.891081558752939
#Speed_TGV,takes,1,7.891081558752939
#Speed_TGV,water,1,7.891081558752939
#Speed_TGV,enough,1,7.891081558752939
#Speed_TGV,going,1,7.891081558752939
#Speed_TGV,present,1,7.891081558752939
#Speed_TGV,warrant,1,7.891081558752939
#Speed_TGV,messenger,1,7.891081558752939
#Speed_TGV,under,1,7.891081558752939
#Speed_TGV,talk,1,7.891081558752939
#Speed_TGV,it's,1,7.891081558752939
#Speed_TGV,true,2,7.873058973109945
#Speed_TGV,love,10,7.698922363578907
#Speed_TGV,cannot,3,7.627836188956817
#Speed_TGV,twenty,1,7.320837498665851
#Speed_TGV,losing,1,7.320837498665851
#Speed_TGV,serve,1,7.320837498665851
#Speed_TGV,having,1,7.320837498665851
#Speed_TGV,commend,1,7.320837498665851
#Speed_TGV,young,1,7.320837498665851
#Speed_TGV,fast,1,7.320837498665851
#Speed_TGV,none,1,7.320837498665851
#Speed_TGV,blind,1,7.320837498665851
#Speed_TGV,need,1,7.320837498665851
#Speed_TGV,end,1,7.320837498665851
#Speed_TGV,'twere,1,7.320837498665851
#Speed_TGV,match,1,7.320837498665851
#Speed_TGV,black,1,7.320837498665851
#Speed_TGV,fair,2,7.1082417384062815
#Speed_TGV,much,3,6.9086383708587356
#Speed_TGV,should,3,6.9086383708587356
#Speed_TGV,that's,2,6.888816137884522
#Speed_TGV,seek,1,6.814861783895935
#Speed_TGV,once,1,6.814861783895935
#Speed_TGV,face,1,6.814861783895935
#Speed_TGV,shalt,1,6.814861783895935
#Speed_TGV,read,1,6.814861783895935
#Speed_TGV,follow,1,6.814861783895935
#Speed_TGV,didst,1,6.814861783895935
#Speed_TGV,come,3,6.661339422641811
#Speed_TGV,would,4,6.5275351793310605
#Speed_TGV,prove,1,6.372194709750265
#Speed_TGV,loves,1,6.372194709750265
#Speed_TGV,alone,1,6.372194709750265
#Speed_TGV,eye,1,6.372194709750265
#Speed_TGV,other,1,6.372194709750265
#Speed_TGV,beauty,1,6.372194709750265
#Speed_TGV,reason,1,6.372194709750265
#Speed_TGV,might,1,6.372194709750265
#Speed_TGV,though,1,6.372194709750265
#Speed_TGV,get,1,6.372194709750265
#Speed_TGV,son,1,6.372194709750265
#Speed_TGV,many,1,6.372194709750265
#Speed_TGV,take,2,6.312865247002351
#Speed_TGV,i'll,3,6.121254308759012
#Speed_TGV,fool,1,5.98500128133209
#Speed_TGV,good,3,5.84131010048223
#Speed_TGV,must,2,5.834933638519497
#Speed_TGV,man,2,5.6930576178794015
#Speed_TGV,now,4,5.644977138854602
#Speed_TGV,bear,1,5.644792701976541
#Speed_TGV,loved,1,5.644792701976541
#Speed_TGV,folly,1,5.644792701976541
#Speed_TGV,service,1,5.644792701976541
#Speed_TGV,kind,1,5.644792701976541
#Speed_TGV,mine,2,5.558695519050655
#Speed_TGV,sylvia,3,5.509347082028371
#Speed_TGV,proteus,3,5.432779806887995
#Speed_TGV,little,1,5.344041662793549
#Speed_TGV,thousand,1,5.344041662793549
#Speed_TGV,may,2,5.310162258125221
#Speed_TGV,after,1,5.076462018166318
#Speed_TGV,better,1,5.076462018166318
#Speed_TGV,again,1,5.076462018166318
#Speed_TGV,think,2,4.980539444630642
#Speed_TGV,there,2,4.8805583324439015
#Speed_TGV,welcome,1,4.836907158089935
#Speed_TGV,'t,1,4.836907158089935
#Speed_TGV,words,1,4.836907158089935
#Speed_TGV,know,2,4.693447850992011
#Speed_TGV,best,1,4.621182265233733
#Speed_TGV,doth,1,4.621182265233733
#Speed_TGV,never,1,4.42586090398394
#Speed_TGV,makes,1,4.2481298065001765
#Speed_TGV,made,1,4.2481298065001765
#Speed_TGV,very,1,4.085664171500581
#Speed_TGV,therefore,1,3.9365294865549725
#Speed_TGV,art,1,3.7991047338340787
#Speed_TGV,look,1,3.444408068942261
#Speed_TGV,thurio,1,3.3420310221001803
#Speed_TGV,time,1,3.2462526434998553
#Speed_TGV,out,1,3.072012010814225
#Speed_TGV,julia,1,2.9925006406660453
#Speed_TGV,sweet,1,2.9925006406660453
#Speed_TGV,such,1,2.2608241367941706
#Speed_TGV,go,1,2.0082225075459883
#Proteus_TGV,julia,17,33.580907982398095
#Proteus_TGV,valentine,27,32.27556651491501
#Proteus_TGV,love,57,28.967702868872735
#Proteus_TGV,friend,13,25.035630836291915
#Proteus_TGV,lord,12,22.54789952234588
#Proteus_TGV,find,5,22.492426898944867
#Proteus_TGV,fair,9,21.114653748818583
#Proteus_TGV,run,4,20.83558912766618
#Proteus_TGV,true,8,20.788002344196798
#Proteus_TGV,must,10,19.258177566378397
#Proteus_TGV,hence,6,19.15703369258219
#Proteus_TGV,ring,5,18.63061808662554
#Proteus_TGV,said,4,17.99394151915589
#Proteus_TGV,picture,4,17.99394151915589
#Proteus_TGV,forsworn,4,17.99394151915589
#Proteus_TGV,dead,4,17.99394151915589
#Proteus_TGV,sweet,9,17.778127755387224
#Proteus_TGV,thurio,8,17.648578261405785
#Proteus_TGV,sheep,5,17.637990359443968
#Proteus_TGV,tears,5,17.637990359443968
#Proteus_TGV,i'll,13,17.509420857559345
#Proteus_TGV,made,6,16.825124645502527
#Proteus_TGV,shepherd,4,16.825124645502527
#Proteus_TGV,follows,3,16.825124645502527
#Proteus_TGV,beauty,4,16.825124645502527
#Proteus_TGV,reason,4,16.825124645502527
#Proteus_TGV,vows,3,16.825124645502527
#Proteus_TGV,bad,3,16.825124645502527
#Proteus_TGV,witness,3,16.825124645502527
#Proteus_TGV,sylvia's,3,16.825124645502527
#Proteus_TGV,chamber,5,16.75484470113497
#Proteus_TGV,she,33,16.209797739877235
#Proteus_TGV,lady,7,15.915559085505251
#Proteus_TGV,happiness,3,15.626691845749633
#Proteus_TGV,holy,3,15.626691845749633
#Proteus_TGV,worthless,3,15.626691845749633
#Proteus_TGV,coming,3,15.626691845749633
#Proteus_TGV,truth,3,15.626691845749633
#Proteus_TGV,window,3,15.626691845749633
#Proteus_TGV,force,3,15.626691845749633
#Proteus_TGV,help,3,15.626691845749633
#Proteus_TGV,hope,3,15.626691845749633
#Proteus_TGV,gone,5,15.252195507925414
#Proteus_TGV,presently,5,15.252195507925414
#Proteus_TGV,cannot,9,15.105387605894013
#Proteus_TGV,o,11,15.057959136087309
#Proteus_TGV,or,8,15.03193301489725
#Proteus_TGV,lose,5,14.607538054989984
#Proteus_TGV,else,5,14.607538054989984
#Proteus_TGV,myself,7,14.584912389366327
#Proteus_TGV,sylvia,12,14.546864242648955
#Proteus_TGV,commend,3,14.497438759527787
#Proteus_TGV,two,3,14.497438759527787
#Proteus_TGV,delivered,3,14.497438759527787
#Proteus_TGV,lives,3,14.497438759527787
#Proteus_TGV,tide,3,14.497438759527787
#Proteus_TGV,ere,3,14.497438759527787
#Proteus_TGV,little,4,14.110392287555173
#Proteus_TGV,whose,4,14.110392287555173
#Proteus_TGV,heaven,4,14.110392287555173
#Proteus_TGV,heart,5,14.020937204585437
#Proteus_TGV,may,8,14.020937204585437
#Proteus_TGV,look,6,13.641907787575928
#Proteus_TGV,wish,3,13.495456139366917
#Proteus_TGV,way,3,13.495456139366917
#Proteus_TGV,wit,5,13.484719958411151
#Proteus_TGV,gentle,5,13.484719958411151
#Proteus_TGV,grace,5,13.484719958411151
#Proteus_TGV,call,4,13.403875760907976
#Proteus_TGV,after,4,13.403875760907976
#Proteus_TGV,go,10,13.256262380708508
#Proteus_TGV,gave,4,12.771355795054793
#Proteus_TGV,still,4,12.771355795054793
#Proteus_TGV,one,10,12.661144516566761
#Proteus_TGV,prove,3,12.618843484126891
#Proteus_TGV,life,3,12.618843484126891
#Proteus_TGV,against,3,12.618843484126891
#Proteus_TGV,eye,3,12.618843484126891
#Proteus_TGV,hate,3,12.618843484126891
#Proteus_TGV,though,3,12.618843484126891
#Proteus_TGV,away,5,12.119496484229854
#Proteus_TGV,being,5,12.119496484229854
#Proteus_TGV,who,5,12.119496484229854
#Proteus_TGV,now,13,12.110297432922463
#Proteus_TGV,dost,3,11.852085170258151
#Proteus_TGV,friends,3,11.852085170258151
#Proteus_TGV,fortune,3,11.852085170258151
#Proteus_TGV,did,6,11.852085170258151
#Proteus_TGV,can,7,11.506776813621107
#Proteus_TGV,that's,5,11.368256489646608
#Proteus_TGV,seest,2,11.21674976366835
#Proteus_TGV,boots,2,11.21674976366835
#Proteus_TGV,circumstance,2,11.21674976366835
#Proteus_TGV,milan,2,11.21674976366835
#Proteus_TGV,pound,2,11.21674976366835
#Proteus_TGV,hand,2,11.21674976366835
#Proteus_TGV,heavenly,2,11.21674976366835
#Proteus_TGV,excuse,2,11.21674976366835
#Proteus_TGV,shows,2,11.21674976366835
#Proteus_TGV,next,2,11.21674976366835
#Proteus_TGV,wont,2,11.21674976366835
#Proteus_TGV,needs,2,11.21674976366835
#Proteus_TGV,lend,2,11.21674976366835
#Proteus_TGV,discover,2,11.21674976366835
#Proteus_TGV,sirrah,2,11.21674976366835
#Proteus_TGV,self,2,11.21674976366835
#Proteus_TGV,sad,2,11.21674976366835
#Proteus_TGV,through,2,11.21674976366835
#Proteus_TGV,perfect,2,11.21674976366835
#Proteus_TGV,day,3,11.178370851975323
#Proteus_TGV,we'll,3,11.178370851975323
#Proteus_TGV,daughter,3,11.178370851975323
#Proteus_TGV,whom,3,11.178370851975323
#Proteus_TGV,service,3,11.178370851975323
#Proteus_TGV,know,7,10.843495470346546
#Proteus_TGV,leave,4,10.787775966728919
#Proteus_TGV,would,10,10.772053235059184
#Proteus_TGV,'tis,7,10.640903554492489
#Proteus_TGV,should,7,10.640903554492489
#Proteus_TGV,ay,8,10.605009904566806
#Proteus_TGV,sake,3,10.58279421566638
#Proteus_TGV,boy,3,10.58279421566638
#Proteus_TGV,such,7,10.44657874760286
#Proteus_TGV,sea,2,10.41779456383309
#Proteus_TGV,julia's,2,10.41779456383309
#Proteus_TGV,takes,2,10.41779456383309
#Proteus_TGV,stay,2,10.41779456383309
#Proteus_TGV,longer,2,10.41779456383309
#Proteus_TGV,enough,2,10.41779456383309
#Proteus_TGV,worship,2,10.41779456383309
#Proteus_TGV,advice,2,10.41779456383309
#Proteus_TGV,first,2,10.41779456383309
#Proteus_TGV,fie,2,10.41779456383309
#Proteus_TGV,hands,2,10.41779456383309
#Proteus_TGV,sighs,2,10.41779456383309
#Proteus_TGV,besides,2,10.41779456383309
#Proteus_TGV,canst,2,10.41779456383309
#Proteus_TGV,women,2,10.41779456383309
#Proteus_TGV,deliver,2,10.41779456383309
#Proteus_TGV,good,8,10.282252296660507
#Proteus_TGV,better,3,10.052906820680983
#Proteus_TGV,own,3,10.052906820680983
#Proteus_TGV,without,3,10.052906820680983
#Proteus_TGV,says,3,10.052906820680983
#Proteus_TGV,night,3,10.052906820680983
#Proteus_TGV,again,3,10.052906820680983
#Proteus_TGV,hast,4,9.695597187383886
#Proteus_TGV,lines,2,9.664959173018525
#Proteus_TGV,came,2,9.664959173018525
#Proteus_TGV,hour,2,9.664959173018525
#Proteus_TGV,duty,2,9.664959173018525
#Proteus_TGV,forbear,2,9.664959173018525
#Proteus_TGV,pure,2,9.664959173018525
#Proteus_TGV,end,2,9.664959173018525
#Proteus_TGV,shame,2,9.664959173018525
#Proteus_TGV,another,3,9.578516846291095
#Proteus_TGV,doth,3,9.151317304755247
#Proteus_TGV,mean,3,9.151317304755247
#Proteus_TGV,much,6,9.120774475279276
#Proteus_TGV,over,2,8.996970759577945
#Proteus_TGV,counsel,2,8.996970759577945
#Proteus_TGV,set,2,8.996970759577945
#Proteus_TGV,follow,2,8.996970759577945
#Proteus_TGV,death,2,8.996970759577945
#Proteus_TGV,fire,2,8.996970759577945
#Proteus_TGV,return,2,8.996970759577945
#Proteus_TGV,neither,2,8.996970759577945
#Proteus_TGV,earth,2,8.996970759577945
#Proteus_TGV,shadow,2,8.996970759577945
#Proteus_TGV,face,2,8.996970759577945
#Proteus_TGV,come,6,8.794290758288897
#Proteus_TGV,fear,3,8.76452283299399
#Proteus_TGV,please,3,8.76452283299399
#Proteus_TGV,even,3,8.76452283299399
#Proteus_TGV,done,3,8.76452283299399
#Proteus_TGV,sir,11,8.675582672472519
#Proteus_TGV,more,7,8.60736232747795
#Proteus_TGV,nay,4,8.571396174398714
#Proteus_TGV,time,4,8.571396174398714
#Proteus_TGV,honor,2,8.412562322751263
#Proteus_TGV,why,8,8.412562322751263
#Proteus_TGV,loves,2,8.412562322751263
#Proteus_TGV,word,3,8.412562322751263
#Proteus_TGV,speak,3,8.412562322751263
#Proteus_TGV,use,2,8.412562322751263
#Proteus_TGV,makes,3,8.412562322751263
#Proteus_TGV,ladder,2,8.412562322751263
#Proteus_TGV,till,2,8.412562322751263
#Proteus_TGV,out,4,8.111331707322528
#Proteus_TGV,servant,3,8.09083197504669
#Proteus_TGV,there,5,8.054132644182104
#Proteus_TGV,wilt,2,7.9013901135054345
#Proteus_TGV,bring,2,7.9013901135054345
#Proteus_TGV,letter,4,7.9013901135054345
#Proteus_TGV,alas,2,7.9013901135054345
#Proteus_TGV,thing,2,7.9013901135054345
#Proteus_TGV,hold,2,7.9013901135054345
#Proteus_TGV,down,2,7.9013901135054345
#Proteus_TGV,therefore,3,7.7955008790738
#Proteus_TGV,nothing,3,7.7955008790738
#Proteus_TGV,art,3,7.5233589367103075
#Proteus_TGV,been,3,7.5233589367103075
#Proteus_TGV,bear,2,7.4522472346502155
#Proteus_TGV,most,2,7.4522472346502155
#Proteus_TGV,worthy,2,7.4522472346502155
#Proteus_TGV,comes,2,7.4522472346502155
#Proteus_TGV,loved,2,7.4522472346502155
#Proteus_TGV,mine,4,7.338581857151773
#Proteus_TGV,like,4,7.170320037896593
#Proteus_TGV,news,2,7.055196143777587
#Proteus_TGV,thousand,2,7.055196143777587
#Proteus_TGV,poor,2,7.055196143777587
#Proteus_TGV,could,2,7.055196143777587
#Proteus_TGV,eyes,2,7.055196143777587
#Proteus_TGV,father,3,7.0382179162728615
#Proteus_TGV,madam,5,6.628131190354254
#Proteus_TGV,'t,2,6.385677897527397
#Proteus_TGV,words,2,6.385677897527397
#Proteus_TGV,ladyship,2,6.385677897527397
#Proteus_TGV,false,2,6.385677897527397
#Proteus_TGV,men,2,6.385677897527397
#Proteus_TGV,take,3,6.250676738299853
#Proteus_TGV,best,2,6.100878203170165
#Proteus_TGV,mistress,2,5.8430152219959925
#Proteus_TGV,haply,1,5.608374881834175
#Proteus_TGV,travel,1,5.608374881834175
#Proteus_TGV,thither,1,5.608374881834175
#Proteus_TGV,thought,1,5.608374881834175
#Proteus_TGV,hear,2,5.608374881834175
#Proteus_TGV,here's,1,5.608374881834175
#Proteus_TGV,small,1,5.608374881834175
#Proteus_TGV,lordship,1,5.608374881834175
#Proteus_TGV,soon,1,5.608374881834175
#Proteus_TGV,patience,1,5.608374881834175
#Proteus_TGV,stays,1,5.608374881834175
#Proteus_TGV,farewell,1,5.608374881834175
#Proteus_TGV,both,1,5.608374881834175
#Proteus_TGV,weary,1,5.608374881834175
#Proteus_TGV,praise,1,5.608374881834175
#Proteus_TGV,ev'n,1,5.608374881834175
#Proteus_TGV,perjury,1,5.608374881834175
#Proteus_TGV,forget,1,5.608374881834175
#Proteus_TGV,bestow,1,5.608374881834175
#Proteus_TGV,age,1,5.608374881834175
#Proteus_TGV,grave,1,5.608374881834175
#Proteus_TGV,youthful,1,5.608374881834175
#Proteus_TGV,staff,1,5.608374881834175
#Proteus_TGV,walk,1,5.608374881834175
#Proteus_TGV,bosom,1,5.608374881834175
#Proteus_TGV,part,1,5.608374881834175
#Proteus_TGV,affairs,1,5.608374881834175
#Proteus_TGV,grief,1,5.608374881834175
#Proteus_TGV,three,1,5.608374881834175
#Proteus_TGV,stones,1,5.608374881834175
#Proteus_TGV,lady's,1,5.608374881834175
#Proteus_TGV,least,1,5.608374881834175
#Proteus_TGV,wise,1,5.608374881834175
#Proteus_TGV,each,1,5.608374881834175
#Proteus_TGV,plead,1,5.608374881834175
#Proteus_TGV,weep,1,5.608374881834175
#Proteus_TGV,substance,1,5.608374881834175
#Proteus_TGV,cry,1,5.608374881834175
#Proteus_TGV,goes,1,5.608374881834175
#Proteus_TGV,respect,1,5.608374881834175
#Proteus_TGV,less,1,5.608374881834175
#Proteus_TGV,desire,1,5.608374881834175
#Proteus_TGV,sorrow,1,5.608374881834175
#Proteus_TGV,very,2,5.3938879833644595
#Proteus_TGV,messenger,1,5.208897281916545
#Proteus_TGV,times,1,5.208897281916545
#Proteus_TGV,love's,1,5.208897281916545
#Proteus_TGV,joy,1,5.208897281916545
#Proteus_TGV,flatter,1,5.208897281916545
#Proteus_TGV,before,1,5.208897281916545
#Proteus_TGV,perfection,1,5.208897281916545
#Proteus_TGV,methinks,1,5.208897281916545
#Proteus_TGV,wrong,1,5.208897281916545
#Proteus_TGV,flight,1,5.208897281916545
#Proteus_TGV,lover,1,5.208897281916545
#Proteus_TGV,wouldst,1,5.208897281916545
#Proteus_TGV,letters,1,5.208897281916545
#Proteus_TGV,confer,1,5.208897281916545
#Proteus_TGV,things,1,5.208897281916545
#Proteus_TGV,touch,1,5.208897281916545
#Proteus_TGV,already,1,5.208897281916545
#Proteus_TGV,under,1,5.208897281916545
#Proteus_TGV,sing,1,5.208897281916545
#Proteus_TGV,talk,1,5.208897281916545
#Proteus_TGV,off,1,5.208897281916545
#Proteus_TGV,master,3,5.03512920196467
#Proteus_TGV,think,3,4.931475777266189
#Proteus_TGV,awhile,1,4.832479586509263
#Proteus_TGV,'twere,1,4.832479586509263
#Proteus_TGV,pains,1,4.832479586509263
#Proteus_TGV,having,1,4.832479586509263
#Proteus_TGV,lest,1,4.832479586509263
#Proteus_TGV,left,1,4.832479586509263
#Proteus_TGV,blind,1,4.832479586509263
#Proteus_TGV,tongue,1,4.832479586509263
#Proteus_TGV,twenty,1,4.832479586509263
#Proteus_TGV,rather,1,4.832479586509263
#Proteus_TGV,stands,1,4.832479586509263
#Proteus_TGV,lov'st,1,4.832479586509263
#Proteus_TGV,knew,1,4.832479586509263
#Proteus_TGV,need,1,4.832479586509263
#Proteus_TGV,black,1,4.832479586509263
#Proteus_TGV,unhappy,1,4.832479586509263
#Proteus_TGV,change,1,4.832479586509263
#Proteus_TGV,tender,1,4.832479586509263
#Proteus_TGV,dog,2,4.692145277515241
#Proteus_TGV,often,1,4.498485379788972
#Proteus_TGV,hard,1,4.498485379788972
#Proteus_TGV,send,1,4.498485379788972
#Proteus_TGV,show,1,4.498485379788972
#Proteus_TGV,read,1,4.498485379788972
#Proteus_TGV,light,1,4.498485379788972
#Proteus_TGV,oaths,1,4.498485379788972
#Proteus_TGV,keep,1,4.498485379788972
#Proteus_TGV,seek,1,4.498485379788972
#Proteus_TGV,thyself,1,4.498485379788972
#Proteus_TGV,along,1,4.498485379788972
#Proteus_TGV,write,1,4.498485379788972
#Proteus_TGV,become,1,4.498485379788972
#Proteus_TGV,faith,1,4.498485379788972
#Proteus_TGV,didst,1,4.498485379788972
#Proteus_TGV,shalt,1,4.498485379788972
#Proteus_TGV,happy,1,4.498485379788972
#Proteus_TGV,faults,1,4.498485379788972
#Proteus_TGV,world,1,4.206281161375632
#Proteus_TGV,perceive,1,4.206281161375632
#Proteus_TGV,yourself,1,4.206281161375632
#Proteus_TGV,discourse,1,4.206281161375632
#Proteus_TGV,except,1,4.206281161375632
#Proteus_TGV,alone,1,4.206281161375632
#Proteus_TGV,many,1,4.206281161375632
#Proteus_TGV,thoughts,1,4.206281161375632
#Proteus_TGV,might,1,4.206281161375632
#Proteus_TGV,yours,1,4.206281161375632
#Proteus_TGV,get,1,4.206281161375632
#Proteus_TGV,sure,1,4.206281161375632
#Proteus_TGV,meet,1,3.9506950567527173
#Proteus_TGV,fool,1,3.9506950567527173
#Proteus_TGV,live,1,3.9506950567527173
#Proteus_TGV,tune,1,3.9506950567527173
#Proteus_TGV,into,1,3.9506950567527173
#Proteus_TGV,pity,1,3.9506950567527173
#Proteus_TGV,home,1,3.9506950567527173
#Proteus_TGV,see,2,3.7579832537243125
#Proteus_TGV,matter,1,3.7261236173251078
#Proteus_TGV,music,1,3.7261236173251078
#Proteus_TGV,kind,1,3.7261236173251078
#Proteus_TGV,sent,1,3.5275980718887934
#Proteus_TGV,long,1,3.5275980718887934
#Proteus_TGV,eglamour,1,3.5275980718887934
#Proteus_TGV,indeed,1,3.350968940226994
#Proteus_TGV,since,1,3.350968940226994
#Proteus_TGV,name,1,3.350968940226994
#Proteus_TGV,ever,1,3.1928389487636983
#Proteus_TGV,mind,1,3.1928389487636983
#Proteus_TGV,up,1,3.0504391015850825
#Proteus_TGV,gentleman,1,2.9215076109979963
#Proteus_TGV,youth,1,2.9215076109979963
#Proteus_TGV,writ,1,2.8041874409170875
#Proteus_TGV,these,1,2.6969439916822298
#Proteus_TGV,pray,1,2.5985002930245997
#Proteus_TGV,proteus,2,2.3907827048085197
#Proteus_TGV,tell,1,2.2736512979293217
#Proteus_TGV,man,1,1.8789916268621563
#Pantino_TGV,losing,4,47.72241019934196
#Pantino_TGV,lose,6,43.27634978586331
#Pantino_TGV,lordship,3,41.53848379563095
#Pantino_TGV,away,5,29.92105668922681
#Pantino_TGV,service,3,27.597571267945984
#Pantino_TGV,spend,2,23.86120509967098
#Pantino_TGV,tide,2,23.86120509967098
#Pantino_TGV,youth,3,21.638174892931655
#Pantino_TGV,son,2,20.769241897815473
#Pantino_TGV,other,2,20.769241897815473
#Pantino_TGV,what's,2,20.769241897815473
#Pantino_TGV,home,2,19.50724123048547
#Pantino_TGV,any,2,19.50724123048547
#Pantino_TGV,sent,2,17.418126573679846
#Pantino_TGV,man,3,13.91676998935102
#Pantino_TGV,put,1,13.846161265210316
#Pantino_TGV,discover,1,13.846161265210316
#Pantino_TGV,age,1,13.846161265210316
#Pantino_TGV,travel,1,13.846161265210316
#Pantino_TGV,ignorant,1,13.846161265210316
#Pantino_TGV,youthful,1,13.846161265210316
#Pantino_TGV,thither,1,13.846161265210316
#Pantino_TGV,tomorrow,1,13.846161265210316
#Pantino_TGV,stayed,1,13.846161265210316
#Pantino_TGV,ass,1,13.846161265210316
#Pantino_TGV,you'll,1,13.846161265210316
#Pantino_TGV,while,1,12.859916339213193
#Pantino_TGV,longer,1,12.859916339213193
#Pantino_TGV,master,3,12.430911340714816
#Pantino_TGV,having,1,11.93060254983549
#Pantino_TGV,'twere,1,11.93060254983549
#Pantino_TGV,commend,1,11.93060254983549
#Pantino_TGV,tongue,1,11.93060254983549
#Pantino_TGV,proteus,4,11.804903765644262
#Pantino_TGV,seek,1,11.106025422711863
#Pantino_TGV,far,1,11.106025422711863
#Pantino_TGV,said,1,11.106025422711863
#Pantino_TGV,great,1,11.106025422711863
#Pantino_TGV,lance,1,11.106025422711863
#Pantino_TGV,court,1,10.384620948907736
#Pantino_TGV,discourse,1,10.384620948907736
#Pantino_TGV,eye,1,10.384620948907736
#Pantino_TGV,fortune,1,9.753620615242735
#Pantino_TGV,meet,1,9.753620615242735
#Pantino_TGV,dost,1,9.753620615242735
#Pantino_TGV,wilt,1,9.753620615242735
#Pantino_TGV,worthy,1,9.199190422648662
#Pantino_TGV,matter,1,9.199190422648662
#Pantino_TGV,gentlemen,1,8.709063286839923
#Pantino_TGV,after,1,8.272994819119464
#Pantino_TGV,call,1,8.272994819119464
#Pantino_TGV,think,2,8.116671980288515
#Pantino_TGV,there,2,7.9537350332236585
#Pantino_TGV,men,1,7.882597706087844
#Pantino_TGV,mean,1,7.531035749243119
#Pantino_TGV,come,2,7.237222345628567
#Pantino_TGV,please,1,7.212724964310552
#Pantino_TGV,hear,1,6.923080632605158
#Pantino_TGV,these,1,6.658314078294937
#Pantino_TGV,go,2,6.545509191682379
#Pantino_TGV,therefore,1,6.415272670422513
#Pantino_TGV,pray,1,6.415272670422513
#Pantino_TGV,good,2,6.3463002415496375
#Pantino_TGV,art,1,6.191314673059342
#Pantino_TGV,father,1,5.792070034646445
#Pantino_TGV,would,2,5.318887891505609
#Pantino_TGV,time,1,5.2903441816605925
#Pantino_TGV,why,2,5.192310474453868
#Pantino_TGV,out,1,5.006388181137024
#Pantino_TGV,did,1,4.876810307621367
#Pantino_TGV,sweet,1,4.876810307621367
#Pantino_TGV,or,1,4.638923329783673
#Pantino_TGV,may,1,4.3269253953782245
#Pantino_TGV,sir,2,3.8942902123622707
#Pantino_TGV,should,1,3.7529503319931856
#Pantino_TGV,more,1,3.0357387546150627
#Pantino_TGV,valentine,1,2.9512259414110655
#OUTLAWS.3_TGV,we'll,4,40.68051279410468
#OUTLAWS.3_TGV,follow,2,24.556444020766254
#OUTLAWS.3_TGV,bare,1,15.307568237522325
#OUTLAWS.3_TGV,friar,1,15.307568237522325
#OUTLAWS.3_TGV,verona,1,15.307568237522325
#OUTLAWS.3_TGV,near,1,15.307568237522325
#OUTLAWS.3_TGV,duke,1,15.307568237522325
#OUTLAWS.3_TGV,sayst,1,15.307568237522325
#OUTLAWS.3_TGV,end,1,13.18982995707515
#OUTLAWS.3_TGV,about,1,12.278222010383127
#OUTLAWS.3_TGV,show,1,12.278222010383127
#OUTLAWS.3_TGV,stand,1,11.480676178141742
#OUTLAWS.3_TGV,base,1,11.480676178141742
#OUTLAWS.3_TGV,rest,1,11.480676178141742
#OUTLAWS.3_TGV,wilt,1,10.783076281645833
#OUTLAWS.3_TGV,bring,1,10.783076281645833
#OUTLAWS.3_TGV,long,1,9.62827010278777
#OUTLAWS.3_TGV,gentlemen,1,9.62827010278777
#OUTLAWS.3_TGV,company,1,9.62827010278777
#OUTLAWS.3_TGV,there,2,8.793219971383433
#OUTLAWS.3_TGV,men,1,8.714574383735792
#OUTLAWS.3_TGV,such,2,8.14657774676755
#OUTLAWS.3_TGV,youth,1,7.97399925184155
#OUTLAWS.3_TGV,ay,2,7.236361521569038
#OUTLAWS.3_TGV,go,2,7.236361521569038
#OUTLAWS.3_TGV,away,1,6.615820923015317
#OUTLAWS.3_TGV,being,1,6.615820923015317
#OUTLAWS.3_TGV,lady,1,6.205732163895915
#OUTLAWS.3_TGV,that's,1,6.205732163895915
#OUTLAWS.3_TGV,myself,1,5.686891640817361
#OUTLAWS.3_TGV,man,1,5.128543143413927
#OUTLAWS.3_TGV,cannot,1,4.580981446958752
#OUTLAWS.3_TGV,know,1,4.228053079874133
#OUTLAWS.3_TGV,come,1,4.000541116915407
#OUTLAWS.3_TGV,sir,1,2.152658488538313
#OUTLAWS.3_TGV,love,1,1.3871019107695655
#Lucetta_TGV,tune,4,33.341000735128866
#Lucetta_TGV,lie,3,32.96948618106049
#Lucetta_TGV,sing,3,32.96948618106049
#Lucetta_TGV,madam,11,30.765140828023206
#Lucetta_TGV,think,6,20.809039315001932
#Lucetta_TGV,ladyship,3,20.208933657621508
#Lucetta_TGV,best,3,19.30762008976918
#Lucetta_TGV,show,2,18.98197686735537
#Lucetta_TGV,pardon,2,18.98197686735537
#Lucetta_TGV,fire,2,18.98197686735537
#Lucetta_TGV,way,2,18.98197686735537
#Lucetta_TGV,reason,2,17.748981037384283
#Lucetta_TGV,might,2,17.748981037384283
#Lucetta_TGV,paper,2,16.670500367564433
#Lucetta_TGV,unless,2,16.670500367564433
#Lucetta_TGV,men,2,13.472622438414339
#Lucetta_TGV,up,2,12.871746726512788
#Lucetta_TGV,never,2,12.32770259494944
#Lucetta_TGV,see,3,11.892994836205864
#Lucetta_TGV,according,1,11.832654024922856
#Lucetta_TGV,wealth,1,11.832654024922856
#Lucetta_TGV,woman's,1,11.832654024922856
#Lucetta_TGV,thought,1,11.832654024922856
#Lucetta_TGV,least,1,11.832654024922856
#Lucetta_TGV,plead,1,11.832654024922856
#Lucetta_TGV,stays,1,11.832654024922856
#Lucetta_TGV,needs,1,11.832654024922856
#Lucetta_TGV,journey,1,11.832654024922856
#Lucetta_TGV,these,2,11.380125562410225
#Lucetta_TGV,would,5,11.363539506012916
#Lucetta_TGV,like,3,11.346056305617527
#Lucetta_TGV,ay,4,11.187323937462983
#Lucetta_TGV,high,1,10.989828727020166
#Lucetta_TGV,methinks,1,10.989828727020166
#Lucetta_TGV,things,1,10.989828727020166
#Lucetta_TGV,love's,1,10.989828727020166
#Lucetta_TGV,fashion,1,10.989828727020166
#Lucetta_TGV,stay,1,10.989828727020166
#Lucetta_TGV,pray,2,10.964728855987293
#Lucetta_TGV,nothing,2,10.964728855987293
#Lucetta_TGV,dear,1,10.19565564614428
#Lucetta_TGV,shame,1,10.19565564614428
#Lucetta_TGV,kept,1,10.19565564614428
#Lucetta_TGV,fault,1,10.19565564614428
#Lucetta_TGV,forbear,1,10.19565564614428
#Lucetta_TGV,lest,1,10.19565564614428
#Lucetta_TGV,proteus,4,10.088235965252268
#Lucetta_TGV,should,3,9.621590128977935
#Lucetta_TGV,set,1,9.490988433677686
#Lucetta_TGV,light,1,9.490988433677686
#Lucetta_TGV,keep,1,9.490988433677686
#Lucetta_TGV,return,1,9.490988433677686
#Lucetta_TGV,seek,1,9.490988433677686
#Lucetta_TGV,along,1,9.490988433677686
#Lucetta_TGV,hair,1,9.490988433677686
#Lucetta_TGV,nay,2,9.04204583137976
#Lucetta_TGV,many,1,8.874490518692141
#Lucetta_TGV,other,1,8.874490518692141
#Lucetta_TGV,rest,1,8.874490518692141
#Lucetta_TGV,loves,1,8.874490518692141
#Lucetta_TGV,hate,1,8.874490518692141
#Lucetta_TGV,maid,1,8.874490518692141
#Lucetta_TGV,base,1,8.874490518692141
#Lucetta_TGV,till,1,8.874490518692141
#Lucetta_TGV,prove,1,8.874490518692141
#Lucetta_TGV,go,3,8.390492953097237
#Lucetta_TGV,himself,1,8.335250183782216
#Lucetta_TGV,down,1,8.335250183782216
#Lucetta_TGV,alas,1,8.335250183782216
#Lucetta_TGV,home,1,8.335250183782216
#Lucetta_TGV,must,2,8.126252509673945
#Lucetta_TGV,lord,2,7.928663224137243
#Lucetta_TGV,folly,1,7.861445168494655
#Lucetta_TGV,most,1,7.861445168494655
#Lucetta_TGV,matter,1,7.861445168494655
#Lucetta_TGV,gentlemen,1,7.442592266584366
#Lucetta_TGV,sent,1,7.442592266584366
#Lucetta_TGV,long,1,7.442592266584366
#Lucetta_TGV,worth,1,7.442592266584366
#Lucetta_TGV,may,2,7.395408765576786
#Lucetta_TGV,name,1,7.069936827225948
#Lucetta_TGV,indeed,1,7.069936827225948
#Lucetta_TGV,better,1,7.069936827225948
#Lucetta_TGV,there,2,6.797103764096186
#Lucetta_TGV,mind,1,6.7363112192071695
#Lucetta_TGV,false,1,6.7363112192071695
#Lucetta_TGV,still,1,6.7363112192071695
#Lucetta_TGV,another,1,6.7363112192071695
#Lucetta_TGV,mean,1,6.435873363256394
#Lucetta_TGV,gone,1,6.435873363256394
#Lucetta_TGV,'tis,2,6.414393419318624
#Lucetta_TGV,come,2,6.184786272310019
#Lucetta_TGV,please,1,6.16385129747472
#Lucetta_TGV,because,1,6.16385129747472
#Lucetta_TGV,fear,1,6.16385129747472
#Lucetta_TGV,makes,1,5.916327012461428
#Lucetta_TGV,away,1,5.113987986739613
#Lucetta_TGV,being,1,5.113987986739613
#Lucetta_TGV,father,1,4.949787850607799
#Lucetta_TGV,that's,1,4.796991953739715
#Lucetta_TGV,take,1,4.395931490808065
#Lucetta_TGV,love,4,4.288884231059891
#Lucetta_TGV,out,1,4.278359765366881
#Lucetta_TGV,did,1,4.167625091891108
#Lucetta_TGV,letter,1,4.167625091891108
#Lucetta_TGV,mine,1,3.870769250398883
#Lucetta_TGV,cannot,1,3.5410698626568413
#Lucetta_TGV,can,1,3.4681732191669887
#Lucetta_TGV,know,1,3.2682584533921917
#Lucetta_TGV,o,1,2.888142117536461
#Lucetta_TGV,i'll,1,2.841669461358643
#Lucetta_TGV,good,1,2.711710981050768
#Lucetta_TGV,more,1,2.5942819605650893
#Lucetta_TGV,why,1,2.2186226296730354
#Lucetta_TGV,she,2,2.0727111443714366
#Lucetta_TGV,now,1,1.9654255079629548
#Lucetta_TGV,sir,1,1.6639914801261768
#Lance_TGV,dog,18,57.696200239427085
#Lance_TGV,cur,5,35.58353172389578
#Lance_TGV,shoe,5,35.58353172389578
#Lance_TGV,tied,5,35.58353172389578
#Lance_TGV,maid,6,34.48123417562135
#Lance_TGV,mother,4,30.649985933885652
#Lance_TGV,himself,5,26.988376862688703
#Lance_TGV,virtue,4,26.409688095575103
#Lance_TGV,staff,3,22.987489450414238
#Lance_TGV,says,5,22.89146879596062
#Lance_TGV,had,8,22.773460303293298
#Lance_TGV,father,7,22.437411204221647
#Lance_TGV,'t,5,21.81123563658005
#Lance_TGV,down,4,21.590701490150963
#Lance_TGV,canst,3,21.350119034337464
#Lance_TGV,marry,5,20.83845978685283
#Lance_TGV,fault,3,19.80726607168133
#Lance_TGV,care,3,19.80726607168133
#Lance_TGV,'tis,9,18.69201965342953
#Lance_TGV,why,13,18.67733517846157
#Lance_TGV,look,6,18.638388597867014
#Lance_TGV,that's,6,18.638388597867014
#Lance_TGV,neither,3,18.438297615533617
#Lance_TGV,woman,3,18.438297615533617
#Lance_TGV,hair,3,18.438297615533617
#Lance_TGV,read,3,18.438297615533617
#Lance_TGV,wit,5,18.42362920435341
#Lance_TGV,can,8,17.9671374080322
#Lance_TGV,nothing,5,17.751130922161803
#Lance_TGV,nay,6,17.566129519312078
#Lance_TGV,one,10,17.298411282946876
#Lance_TGV,more,10,16.799845882498804
#Lance_TGV,she,25,16.77787356660004
#Lance_TGV,up,4,16.670767829482262
#Lance_TGV,out,6,16.623278220473296
#Lance_TGV,i'll,9,16.561672460030874
#Lance_TGV,thing,3,16.193026117613222
#Lance_TGV,into,3,16.193026117613222
#Lance_TGV,never,4,15.966152240084162
#Lance_TGV,wept,2,15.324992966942826
#Lance_TGV,makes,4,15.324992966942826
#Lance_TGV,stayed,2,15.324992966942826
#Lance_TGV,goes,2,15.324992966942826
#Lance_TGV,three,2,15.324992966942826
#Lance_TGV,now,12,15.273056419873823
#Lance_TGV,going,2,14.23341268955831
#Lance_TGV,hands,2,14.23341268955831
#Lance_TGV,tear,2,14.23341268955831
#Lance_TGV,while,2,14.23341268955831
#Lance_TGV,under,2,14.23341268955831
#Lance_TGV,water,2,14.23341268955831
#Lance_TGV,carry,2,14.23341268955831
#Lance_TGV,only,2,14.23341268955831
#Lance_TGV,things,2,14.23341268955831
#Lance_TGV,brought,2,14.23341268955831
#Lance_TGV,present,2,14.23341268955831
#Lance_TGV,therefore,4,14.200904737729442
#Lance_TGV,cannot,6,13.758588046190193
#Lance_TGV,master,6,13.758588046190193
#Lance_TGV,indeed,3,13.73488127757637
#Lance_TGV,chamber,3,13.73488127757637
#Lance_TGV,been,4,13.705149319495973
#Lance_TGV,did,5,13.49418843134435
#Lance_TGV,who,4,13.246703531556285
#Lance_TGV,lives,2,13.204844047787551
#Lance_TGV,having,2,13.204844047787551
#Lance_TGV,blind,2,13.204844047787551
#Lance_TGV,left,2,13.204844047787551
#Lance_TGV,there,6,13.204844047787551
#Lance_TGV,tongue,2,13.204844047787551
#Lance_TGV,stands,2,13.204844047787551
#Lance_TGV,knew,2,13.204844047787551
#Lance_TGV,master's,2,13.204844047787551
#Lance_TGV,need,2,13.204844047787551
#Lance_TGV,slow,2,13.204844047787551
#Lance_TGV,ever,3,13.086741381948029
#Lance_TGV,welcome,3,13.086741381948029
#Lance_TGV,man,5,12.835952514460683
#Lance_TGV,ay,7,12.678047778798545
#Lance_TGV,tell,4,12.42559239857801
#Lance_TGV,set,2,12.292198410355743
#Lance_TGV,keep,2,12.292198410355743
#Lance_TGV,didst,2,12.292198410355743
#Lance_TGV,son,2,11.493744725207119
#Lance_TGV,speak,3,11.493744725207119
#Lance_TGV,word,3,11.493744725207119
#Lance_TGV,till,2,11.493744725207119
#Lance_TGV,o,6,11.221681343564725
#Lance_TGV,very,3,11.054177522612045
#Lance_TGV,kiss,2,10.795350745075481
#Lance_TGV,fool,2,10.795350745075481
#Lance_TGV,wilt,2,10.795350745075481
#Lance_TGV,art,3,10.27886198962198
#Lance_TGV,kind,2,10.181704938167721
#Lance_TGV,matter,2,10.181704938167721
#Lance_TGV,could,2,9.63923004095204
#Lance_TGV,tears,2,9.63923004095204
#Lance_TGV,may,4,9.578120604339265
#Lance_TGV,after,2,9.156587518384248
#Lance_TGV,better,2,9.156587518384248
#Lance_TGV,go,5,9.055748413427533
#Lance_TGV,another,2,8.72449425463202
#Lance_TGV,should,4,8.307564290413124
#Lance_TGV,much,4,8.307564290413124
#Lance_TGV,lose,2,7.983076120042081
#Lance_TGV,because,2,7.983076120042081
#Lance_TGV,mistress,2,7.983076120042081
#Lance_TGV,see,3,7.701571508676409
#Lance_TGV,or,3,7.701571508676409
#Lance_TGV,herself,1,7.662496483471413
#Lance_TGV,small,1,7.662496483471413
#Lance_TGV,here's,1,7.662496483471413
#Lance_TGV,always,1,7.662496483471413
#Lance_TGV,both,1,7.662496483471413
#Lance_TGV,ask,1,7.662496483471413
#Lance_TGV,knows,1,7.662496483471413
#Lance_TGV,bare,1,7.662496483471413
#Lance_TGV,woman's,1,7.662496483471413
#Lance_TGV,purse,1,7.662496483471413
#Lance_TGV,less,1,7.662496483471413
#Lance_TGV,next,1,7.662496483471413
#Lance_TGV,stays,1,7.662496483471413
#Lance_TGV,taught,1,7.662496483471413
#Lance_TGV,duke,1,7.662496483471413
#Lance_TGV,back,1,7.662496483471413
#Lance_TGV,sir,7,7.542881070211501
#Lance_TGV,mine,3,7.519806386725845
#Lance_TGV,servant,2,7.369451681741363
#Lance_TGV,would,5,7.3587110145544985
#Lance_TGV,lost,1,7.116706344779155
#Lance_TGV,sighs,1,7.116706344779155
#Lance_TGV,sea,1,7.116706344779155
#Lance_TGV,fie,1,7.116706344779155
#Lance_TGV,it's,1,7.116706344779155
#Lance_TGV,sleep,1,7.116706344779155
#Lance_TGV,talk,1,7.116706344779155
#Lance_TGV,help,1,7.116706344779155
#Lance_TGV,last,1,7.116706344779155
#Lance_TGV,run,1,7.116706344779155
#Lance_TGV,play,1,7.116706344779155
#Lance_TGV,deliver,1,7.116706344779155
#Lance_TGV,takes,1,7.116706344779155
#Lance_TGV,before,1,7.116706344779155
#Lance_TGV,wrong,1,7.116706344779155
#Lance_TGV,enough,1,7.116706344779155
#Lance_TGV,pray,2,7.100452368864721
#Lance_TGV,good,4,7.02411337734614
#Lance_TGV,think,3,6.737676528012076
#Lance_TGV,hast,2,6.623351765778143
#Lance_TGV,hour,1,6.602422023893776
#Lance_TGV,ere,1,6.602422023893776
#Lance_TGV,tide,1,6.602422023893776
#Lance_TGV,black,1,6.602422023893776
#Lance_TGV,match,1,6.602422023893776
#Lance_TGV,serve,1,6.602422023893776
#Lance_TGV,turn,1,6.602422023893776
#Lance_TGV,came,1,6.602422023893776
#Lance_TGV,think'st,1,6.602422023893776
#Lance_TGV,great,1,6.146099205177872
#Lance_TGV,show,1,6.146099205177872
#Lance_TGV,thyself,1,6.146099205177872
#Lance_TGV,shalt,1,6.146099205177872
#Lance_TGV,find,1,6.146099205177872
#Lance_TGV,once,1,6.146099205177872
#Lance_TGV,faults,1,6.146099205177872
#Lance_TGV,hard,1,6.146099205177872
#Lance_TGV,such,3,6.116888296854319
#Lance_TGV,come,3,6.0076424481075055
#Lance_TGV,court,1,5.746872362603559
#Lance_TGV,stand,1,5.746872362603559
#Lance_TGV,get,1,5.746872362603559
#Lance_TGV,though,1,5.746872362603559
#Lance_TGV,world,1,5.746872362603559
#Lance_TGV,prove,1,5.746872362603559
#Lance_TGV,what's,1,5.746872362603559
#Lance_TGV,sure,1,5.746872362603559
#Lance_TGV,many,1,5.746872362603559
#Lance_TGV,against,1,5.746872362603559
#Lance_TGV,other,1,5.746872362603559
#Lance_TGV,yours,1,5.746872362603559
#Lance_TGV,myself,2,5.6933650758233245
#Lance_TGV,pity,1,5.397675372537741
#Lance_TGV,any,1,5.397675372537741
#Lance_TGV,sweet,2,5.397675372537741
#Lance_TGV,live,1,5.397675372537741
#Lance_TGV,service,1,5.090852469083861
#Lance_TGV,comes,1,5.090852469083861
#Lance_TGV,sylvia,3,4.968698529135226
#Lance_TGV,like,2,4.898259587969868
#Lance_TGV,eyes,1,4.81961502047602
#Lance_TGV,worth,1,4.81961502047602
#Lance_TGV,news,1,4.81961502047602
#Lance_TGV,long,1,4.81961502047602
#Lance_TGV,sent,1,4.81961502047602
#Lance_TGV,company,1,4.81961502047602
#Lance_TGV,call,1,4.578293759192124
#Lance_TGV,name,1,4.578293759192124
#Lance_TGV,again,1,4.578293759192124
#Lance_TGV,own,1,4.578293759192124
#Lance_TGV,words,1,4.36224712731601
#Lance_TGV,still,1,4.36224712731601
#Lance_TGV,best,1,4.1676919573705655
#Lance_TGV,mean,1,4.1676919573705655
#Lance_TGV,done,1,3.9915380600210404
#Lance_TGV,fear,1,3.9915380600210404
#Lance_TGV,youth,1,3.9915380600210404
#Lance_TGV,even,1,3.9915380600210404
#Lance_TGV,heart,1,3.8312482417357066
#Lance_TGV,writ,1,3.8312482417357066
#Lance_TGV,leave,1,3.6847258408706813
#Lance_TGV,item,1,3.5502261844323604
#Lance_TGV,love,5,3.4717021503895715
#Lance_TGV,take,1,2.8466825379116623
#Lance_TGV,letter,1,2.6988376862688703
#Lance_TGV,must,1,2.631167156076098
#Lance_TGV,friend,1,2.631167156076098
#Lance_TGV,know,1,2.116432953540755
#Lance_TGV,madam,1,1.8111496826855067
#Lance_TGV,proteus,1,1.6332150091889317
#Lance_TGV,valentine,1,1.6332150091889317
#Julia_TGV,lucetta,10,44.654125142907446
#Julia_TGV,kiss,6,28.4072429554571
#Julia_TGV,gentlewoman,4,26.884462196296603
#Julia_TGV,poor,6,25.364988701434793
#Julia_TGV,pity,5,23.67270246288092
#Julia_TGV,alas,5,23.67270246288092
#Julia_TGV,think'st,4,23.16510887649408
#Julia_TGV,would,17,21.94581625379612
#Julia_TGV,modesty,3,20.163346647222447
#Julia_TGV,knows,3,20.163346647222447
#Julia_TGV,heart,6,20.163346647222447
#Julia_TGV,loving,3,20.163346647222447
#Julia_TGV,each,3,20.163346647222447
#Julia_TGV,journey,3,20.163346647222447
#Julia_TGV,name,5,20.079122672037265
#Julia_TGV,proteus,14,20.05591460131435
#Julia_TGV,such,11,19.673111518281114
#Julia_TGV,gentle,6,19.392218864887386
#Julia_TGV,madam,12,19.06367668071038
#Julia_TGV,paper,4,18.938161970304733
#Julia_TGV,love,31,18.8801404870377
#Julia_TGV,wouldst,3,18.727136426855484
#Julia_TGV,play,3,18.727136426855484
#Julia_TGV,up,5,18.278337405346686
#Julia_TGV,loved,4,17.86165005716298
#Julia_TGV,ring,4,17.86165005716298
#Julia_TGV,fit,3,17.373831657370562
#Julia_TGV,oaths,3,16.173048701495325
#Julia_TGV,shadow,3,16.173048701495325
#Julia_TGV,mine,7,15.390563383883398
#Julia_TGV,'t,4,15.3052818018521
#Julia_TGV,false,4,15.3052818018521
#Julia_TGV,rest,3,15.122509985416837
#Julia_TGV,till,3,15.122509985416837
#Julia_TGV,doth,4,14.62266992427735
#Julia_TGV,out,6,14.581014681730991
#Julia_TGV,julia,6,14.20362147772855
#Julia_TGV,letter,6,14.20362147772855
#Julia_TGV,fool,3,14.20362147772855
#Julia_TGV,because,4,14.004620336360524
#Julia_TGV,resort,2,13.442231098148302
#Julia_TGV,back,2,13.442231098148302
#Julia_TGV,writ,4,13.442231098148302
#Julia_TGV,stones,2,13.442231098148302
#Julia_TGV,ev'n,2,13.442231098148302
#Julia_TGV,weary,2,13.442231098148302
#Julia_TGV,speak,4,13.442231098148302
#Julia_TGV,substance,2,13.442231098148302
#Julia_TGV,cry,2,13.442231098148302
#Julia_TGV,wept,2,13.442231098148302
#Julia_TGV,sorrow,2,13.442231098148302
#Julia_TGV,part,2,13.442231098148302
#Julia_TGV,perjury,2,13.442231098148302
#Julia_TGV,herself,2,13.442231098148302
#Julia_TGV,i'll,8,12.91286892143625
#Julia_TGV,should,7,12.752132987391924
#Julia_TGV,little,3,12.682494350717397
#Julia_TGV,tears,3,12.682494350717397
#Julia_TGV,sent,3,12.682494350717397
#Julia_TGV,eyes,3,12.682494350717397
#Julia_TGV,had,5,12.484757617903657
#Julia_TGV,fie,2,12.484757617903657
#Julia_TGV,lie,2,12.484757617903657
#Julia_TGV,belike,2,12.484757617903657
#Julia_TGV,tear,2,12.484757617903657
#Julia_TGV,julia's,2,12.484757617903657
#Julia_TGV,girl,2,12.484757617903657
#Julia_TGV,flight,2,12.484757617903657
#Julia_TGV,brought,2,12.484757617903657
#Julia_TGV,likes,2,12.484757617903657
#Julia_TGV,only,2,12.484757617903657
#Julia_TGV,women,2,12.484757617903657
#Julia_TGV,true,4,12.456243451407543
#Julia_TGV,master,6,12.068267861528687
#Julia_TGV,since,3,12.047473603222356
#Julia_TGV,did,5,11.836351231440458
#Julia_TGV,she,20,11.773293693732382
#Julia_TGV,shame,2,11.58255443824704
#Julia_TGV,know'st,2,11.58255443824704
#Julia_TGV,lov'st,2,11.58255443824704
#Julia_TGV,change,2,11.58255443824704
#Julia_TGV,'twere,2,11.58255443824704
#Julia_TGV,unhappy,2,11.58255443824704
#Julia_TGV,master's,2,11.58255443824704
#Julia_TGV,o,7,11.483540207680301
#Julia_TGV,gave,3,11.478961351389074
#Julia_TGV,words,3,11.478961351389074
#Julia_TGV,men,3,11.478961351389074
#Julia_TGV,fair,4,11.246199210174332
#Julia_TGV,go,7,11.12047806374772
#Julia_TGV,gone,3,10.967002443208012
#Julia_TGV,presently,3,10.967002443208012
#Julia_TGV,best,3,10.967002443208012
#Julia_TGV,mean,3,10.967002443208012
#Julia_TGV,counsel,2,10.78203246766355
#Julia_TGV,show,2,10.78203246766355
#Julia_TGV,return,2,10.78203246766355
#Julia_TGV,didst,2,10.78203246766355
#Julia_TGV,good,7,10.78203246766355
#Julia_TGV,fire,2,10.78203246766355
#Julia_TGV,become,2,10.78203246766355
#Julia_TGV,peace,2,10.78203246766355
#Julia_TGV,dead,2,10.78203246766355
#Julia_TGV,pardon,2,10.78203246766355
#Julia_TGV,face,2,10.78203246766355
#Julia_TGV,about,2,10.78203246766355
#Julia_TGV,youth,3,10.503465252270395
#Julia_TGV,please,3,10.503465252270395
#Julia_TGV,may,5,10.50174304542836
#Julia_TGV,time,4,10.27202091850629
#Julia_TGV,against,2,10.081673323611223
#Julia_TGV,get,2,10.081673323611223
#Julia_TGV,thoughts,2,10.081673323611223
#Julia_TGV,made,3,10.081673323611223
#Julia_TGV,makes,3,10.081673323611223
#Julia_TGV,many,2,10.081673323611223
#Julia_TGV,base,2,10.081673323611223
#Julia_TGV,use,2,10.081673323611223
#Julia_TGV,stand,2,10.081673323611223
#Julia_TGV,sure,2,10.081673323611223
#Julia_TGV,now,9,10.047506436733332
#Julia_TGV,take,4,9.987806094322925
#Julia_TGV,myself,4,9.987806094322925
#Julia_TGV,very,3,9.696109432443693
#Julia_TGV,into,2,9.469080985152367
#Julia_TGV,unless,2,9.469080985152367
#Julia_TGV,pray,3,9.342182588555657
#Julia_TGV,'tis,5,9.108666419565658
#Julia_TGV,much,5,9.108666419565658
#Julia_TGV,been,3,9.016045787982813
#Julia_TGV,see,4,9.00718664922997
#Julia_TGV,day,2,8.93082502858149
#Julia_TGV,kind,2,8.93082502858149
#Julia_TGV,bear,2,8.93082502858149
#Julia_TGV,music,2,8.93082502858149
#Julia_TGV,most,2,8.93082502858149
#Julia_TGV,come,5,8.782616117856584
#Julia_TGV,away,3,8.714453436158362
#Julia_TGV,sake,2,8.4549962338116
#Julia_TGV,heaven,2,8.4549962338116
#Julia_TGV,tell,3,8.174278688742557
#Julia_TGV,call,2,8.031649068814904
#Julia_TGV,thank,2,8.031649068814904
#Julia_TGV,ay,5,7.943198616962659
#Julia_TGV,think,4,7.879886592180751
#Julia_TGV,mind,2,7.65264090092605
#Julia_TGV,hence,2,7.65264090092605
#Julia_TGV,ladyship,2,7.65264090092605
#Julia_TGV,one,5,7.586601918766657
#Julia_TGV,why,6,7.5612549927084185
#Julia_TGV,know,4,7.4256688865304685
#Julia_TGV,sylvia,5,7.2637764586838856
#Julia_TGV,sweet,3,7.101810738864275
#Julia_TGV,never,2,7.002310168180262
#Julia_TGV,else,2,7.002310168180262
#Julia_TGV,fear,2,7.002310168180262
#Julia_TGV,or,3,6.755389986922477
#Julia_TGV,shows,1,6.721115549074151
#Julia_TGV,small,1,6.721115549074151
#Julia_TGV,taught,1,6.721115549074151
#Julia_TGV,penance,1,6.721115549074151
#Julia_TGV,ask,1,6.721115549074151
#Julia_TGV,near,1,6.721115549074151
#Julia_TGV,feed,1,6.721115549074151
#Julia_TGV,bosom,1,6.721115549074151
#Julia_TGV,respect,1,6.721115549074151
#Julia_TGV,less,1,6.721115549074151
#Julia_TGV,divine,1,6.721115549074151
#Julia_TGV,soon,1,6.721115549074151
#Julia_TGV,wear,1,6.721115549074151
#Julia_TGV,least,1,6.721115549074151
#Julia_TGV,hear,2,6.721115549074151
#Julia_TGV,always,1,6.721115549074151
#Julia_TGV,heard,1,6.721115549074151
#Julia_TGV,plead,1,6.721115549074151
#Julia_TGV,praise,1,6.721115549074151
#Julia_TGV,patience,1,6.721115549074151
#Julia_TGV,woman's,1,6.721115549074151
#Julia_TGV,weep,1,6.721115549074151
#Julia_TGV,thought,1,6.721115549074151
#Julia_TGV,hers,1,6.721115549074151
#Julia_TGV,perfect,1,6.721115549074151
#Julia_TGV,put,1,6.721115549074151
#Julia_TGV,needs,1,6.721115549074151
#Julia_TGV,ass,1,6.721115549074151
#Julia_TGV,duke,1,6.721115549074151
#Julia_TGV,sir,7,6.616195564353204
#Julia_TGV,leave,2,6.464072954962462
#Julia_TGV,means,1,6.242378808951829
#Julia_TGV,dare,1,6.242378808951829
#Julia_TGV,force,1,6.242378808951829
#Julia_TGV,joy,1,6.242378808951829
#Julia_TGV,sing,1,6.242378808951829
#Julia_TGV,hands,1,6.242378808951829
#Julia_TGV,thence,1,6.242378808951829
#Julia_TGV,sea,1,6.242378808951829
#Julia_TGV,holy,1,6.242378808951829
#Julia_TGV,love's,1,6.242378808951829
#Julia_TGV,fly,1,6.242378808951829
#Julia_TGV,perfection,1,6.242378808951829
#Julia_TGV,looks,1,6.242378808951829
#Julia_TGV,touch,1,6.242378808951829
#Julia_TGV,last,1,6.242378808951829
#Julia_TGV,fashion,1,6.242378808951829
#Julia_TGV,warrant,1,6.242378808951829
#Julia_TGV,wrong,1,6.242378808951829
#Julia_TGV,truth,1,6.242378808951829
#Julia_TGV,talk,1,6.242378808951829
#Julia_TGV,methinks,1,6.242378808951829
#Julia_TGV,messenger,1,6.242378808951829
#Julia_TGV,carry,1,6.242378808951829
#Julia_TGV,times,1,6.242378808951829
#Julia_TGV,hope,1,6.242378808951829
#Julia_TGV,flatter,1,6.242378808951829
#Julia_TGV,high,1,6.242378808951829
#Julia_TGV,deliver,1,6.242378808951829
#Julia_TGV,cannot,3,6.034133930764344
#Julia_TGV,can,3,5.909914944135562
#Julia_TGV,more,4,5.894356004024303
#Julia_TGV,who,2,5.809635624105574
#Julia_TGV,hast,2,5.809635624105574
#Julia_TGV,knew,1,5.79127721912352
#Julia_TGV,lines,1,5.79127721912352
#Julia_TGV,trust,1,5.79127721912352
#Julia_TGV,there,3,5.79127721912352
#Julia_TGV,fault,1,5.79127721912352
#Julia_TGV,turn,1,5.79127721912352
#Julia_TGV,dear,1,5.79127721912352
#Julia_TGV,twenty,1,5.79127721912352
#Julia_TGV,pure,1,5.79127721912352
#Julia_TGV,need,1,5.79127721912352
#Julia_TGV,slow,1,5.79127721912352
#Julia_TGV,delivered,1,5.79127721912352
#Julia_TGV,tender,1,5.79127721912352
#Julia_TGV,black,1,5.79127721912352
#Julia_TGV,rather,1,5.79127721912352
#Julia_TGV,look,2,5.449519125828372
#Julia_TGV,great,1,5.391016233831775
#Julia_TGV,light,1,5.391016233831775
#Julia_TGV,keep,1,5.391016233831775
#Julia_TGV,seek,1,5.391016233831775
#Julia_TGV,woman,1,5.391016233831775
#Julia_TGV,far,1,5.391016233831775
#Julia_TGV,earth,1,5.391016233831775
#Julia_TGV,hard,1,5.391016233831775
#Julia_TGV,often,1,5.391016233831775
#Julia_TGV,lance,1,5.391016233831775
#Julia_TGV,faith,1,5.391016233831775
#Julia_TGV,picture,1,5.391016233831775
#Julia_TGV,hair,1,5.391016233831775
#Julia_TGV,shalt,1,5.391016233831775
#Julia_TGV,follow,1,5.391016233831775
#Julia_TGV,nay,2,5.136010459253145
#Julia_TGV,alone,1,5.040836661805612
#Julia_TGV,reason,1,5.040836661805612
#Julia_TGV,maid,1,5.040836661805612
#Julia_TGV,yours,1,5.040836661805612
#Julia_TGV,except,1,5.040836661805612
#Julia_TGV,honor,1,5.040836661805612
#Julia_TGV,world,1,5.040836661805612
#Julia_TGV,shepherd,1,5.040836661805612
#Julia_TGV,loves,1,5.040836661805612
#Julia_TGV,prove,1,5.040836661805612
#Julia_TGV,might,1,5.040836661805612
#Julia_TGV,full,1,5.040836661805612
#Julia_TGV,hate,1,5.040836661805612
#Julia_TGV,tune,1,4.734540492576183
#Julia_TGV,down,1,4.734540492576183
#Julia_TGV,meet,1,4.734540492576183
#Julia_TGV,thing,1,4.734540492576183
#Julia_TGV,bring,1,4.734540492576183
#Julia_TGV,hold,1,4.734540492576183
#Julia_TGV,live,1,4.734540492576183
#Julia_TGV,must,2,4.615826845222787
#Julia_TGV,whom,1,4.465412514290745
#Julia_TGV,folly,1,4.465412514290745
#Julia_TGV,comes,1,4.465412514290745
#Julia_TGV,like,2,4.2964807554718725
#Julia_TGV,gentlemen,1,4.2274981169058
#Julia_TGV,eglamour,1,4.2274981169058
#Julia_TGV,worth,1,4.2274981169058
#Julia_TGV,long,1,4.2274981169058
#Julia_TGV,thousand,1,4.2274981169058
#Julia_TGV,company,1,4.2274981169058
#Julia_TGV,again,1,4.015824534407452
#Julia_TGV,own,1,4.015824534407452
#Julia_TGV,after,1,4.015824534407452
#Julia_TGV,chamber,1,4.015824534407452
#Julia_TGV,night,1,4.015824534407452
#Julia_TGV,better,1,4.015824534407452
#Julia_TGV,indeed,1,4.015824534407452
#Julia_TGV,another,1,3.826320450463025
#Julia_TGV,welcome,1,3.826320450463025
#Julia_TGV,marry,1,3.6556674810693375
#Julia_TGV,mistress,1,3.501155084090131
#Julia_TGV,gentleman,1,3.501155084090131
#Julia_TGV,done,1,3.501155084090131
#Julia_TGV,word,1,3.3605577745370754
#Julia_TGV,these,1,3.232036477481231
#Julia_TGV,servant,1,3.232036477481231
#Julia_TGV,nothing,1,3.1140608628518858
#Julia_TGV,therefore,1,3.1140608628518858
#Julia_TGV,art,1,3.005348595994271
#Julia_TGV,being,1,2.904817812052787
#Julia_TGV,father,1,2.811549802543583
#Julia_TGV,lady,1,2.724759562914186
#Julia_TGV,that's,1,2.724759562914186
#Julia_TGV,lord,1,2.2517966623074925
#Eglamour_TGV,command,2,28.82474446320021
#Eglamour_TGV,hour,2,26.741742381510193
#Eglamour_TGV,meet,2,21.862165694506746
#Eglamour_TGV,lady,3,18.872732782260552
#Eglamour_TGV,according,1,15.517677165945202
#Eglamour_TGV,friar,1,15.517677165945202
#Eglamour_TGV,expedition,1,15.517677165945202
#Eglamour_TGV,three,1,15.517677165945202
#Eglamour_TGV,madam,4,14.671373036577336
#Eglamour_TGV,before,1,14.412372231600106
#Eglamour_TGV,off,1,14.412372231600106
#Eglamour_TGV,enough,1,14.412372231600106
#Eglamour_TGV,break,1,13.370871190755096
#Eglamour_TGV,know,3,12.858259727984066
#Eglamour_TGV,much,3,12.618025434534585
#Eglamour_TGV,great,1,12.446750677347758
#Eglamour_TGV,along,1,12.446750677347758
#Eglamour_TGV,wish,1,12.446750677347758
#Eglamour_TGV,about,1,12.446750677347758
#Eglamour_TGV,happy,1,12.446750677347758
#Eglamour_TGV,many,1,11.6382578744589
#Eglamour_TGV,yourself,1,11.6382578744589
#Eglamour_TGV,sure,1,11.6382578744589
#Eglamour_TGV,pity,1,10.931082847253373
#Eglamour_TGV,unless,1,10.931082847253373
#Eglamour_TGV,matter,1,10.309721548989096
#Eglamour_TGV,worthy,1,10.309721548989096
#Eglamour_TGV,service,1,10.309721548989096
#Eglamour_TGV,comes,1,10.309721548989096
#Eglamour_TGV,little,1,9.760426006486698
#Eglamour_TGV,call,1,9.271715123035081
#Eglamour_TGV,since,1,9.271715123035081
#Eglamour_TGV,mind,1,8.834189064331495
#Eglamour_TGV,ladyship,1,8.834189064331495
#Eglamour_TGV,come,2,8.110903649504973
#Eglamour_TGV,fear,1,8.083448931376045
#Eglamour_TGV,servant,1,7.462109270390575
#Eglamour_TGV,gentle,1,7.462109270390575
#Eglamour_TGV,very,1,7.462109270390575
#Eglamour_TGV,go,2,7.335686518288668
#Eglamour_TGV,good,2,7.112428958484433
#Eglamour_TGV,sylvia,2,6.708227958198174
#Eglamour_TGV,time,1,5.928997325346308
#Eglamour_TGV,friend,1,5.328498693043397
#Eglamour_TGV,see,1,5.198936604185302
#Eglamour_TGV,should,1,4.206008478178195
#Eglamour_TGV,one,1,3.5031815329578286
#Eglamour_TGV,she,2,2.718212019794306
#Eglamour_TGV,now,1,2.5775146017152166
#Duke_TGV,daughter,6,33.192887935227596
#Duke_TGV,cloak,4,28.698985834046123
#Duke_TGV,thurio,8,26.202712729977936
#Duke_TGV,confer,3,23.20083302401102
#Duke_TGV,hast,6,21.592471423222083
#Duke_TGV,awhile,3,21.524239375534595
#Duke_TGV,thine,3,21.524239375534595
#Duke_TGV,kept,3,21.524239375534595
#Duke_TGV,valentine,12,21.297463677589402
#Duke_TGV,about,3,20.036603240338366
#Duke_TGV,what's,3,18.73510295853108
#Duke_TGV,court,3,18.73510295853108
#Duke_TGV,ladder,3,18.73510295853108
#Duke_TGV,thoughts,3,18.73510295853108
#Duke_TGV,art,5,18.61645832157719
#Duke_TGV,sir,15,17.564417718751926
#Duke_TGV,gentleman,4,17.350162383749314
#Duke_TGV,according,2,16.653424852027626
#Duke_TGV,soon,2,16.653424852027626
#Duke_TGV,whither,2,16.653424852027626
#Duke_TGV,bestow,2,16.653424852027626
#Duke_TGV,thither,2,16.653424852027626
#Duke_TGV,desert,2,16.653424852027626
#Duke_TGV,forget,2,16.653424852027626
#Duke_TGV,now,12,16.596986236652526
#Duke_TGV,means,2,15.467222016007348
#Duke_TGV,while,2,15.467222016007348
#Duke_TGV,myself,5,15.467222016007348
#Duke_TGV,besides,2,15.467222016007348
#Duke_TGV,fashion,2,15.467222016007348
#Duke_TGV,saw,2,15.467222016007348
#Duke_TGV,night,3,14.925475900774206
#Duke_TGV,think,6,14.643450731567064
#Duke_TGV,fast,2,14.349492917023062
#Duke_TGV,break,2,14.349492917023062
#Duke_TGV,match,2,14.349492917023062
#Duke_TGV,trust,2,14.349492917023062
#Duke_TGV,duty,2,14.349492917023062
#Duke_TGV,turn,2,14.349492917023062
#Duke_TGV,know'st,2,14.349492917023062
#Duke_TGV,ever,3,14.22115263819715
#Duke_TGV,hence,3,14.22115263819715
#Duke_TGV,send,2,13.357735493558911
#Duke_TGV,thyself,2,13.357735493558911
#Duke_TGV,far,2,13.357735493558911
#Duke_TGV,pardon,2,13.357735493558911
#Duke_TGV,because,3,13.012621787811987
#Duke_TGV,may,5,13.010488165646585
#Duke_TGV,time,4,12.725888075854074
#Duke_TGV,sylvia,7,12.598612263004174
#Duke_TGV,son,2,12.49006863902072
#Duke_TGV,might,2,12.49006863902072
#Duke_TGV,honor,2,12.49006863902072
#Duke_TGV,life,2,12.49006863902072
#Duke_TGV,base,2,12.49006863902072
#Duke_TGV,hate,2,12.49006863902072
#Duke_TGV,leave,3,12.012397987450212
#Duke_TGV,grace,3,12.012397987450212
#Duke_TGV,friends,2,11.731135066240695
#Duke_TGV,meet,2,11.731135066240695
#Duke_TGV,wilt,2,11.731135066240695
#Duke_TGV,pray,3,11.573922108351791
#Duke_TGV,therefore,3,11.573922108351791
#Duke_TGV,know,5,11.499469272897493
#Duke_TGV,good,6,11.449487565907638
#Duke_TGV,such,5,11.078541199512657
#Duke_TGV,worthy,2,11.0642959784092
#Duke_TGV,proteus,6,10.648731838794701
#Duke_TGV,news,2,10.474797180309917
#Duke_TGV,worth,2,10.474797180309917
#Duke_TGV,company,2,10.474797180309917
#Duke_TGV,long,2,10.474797180309917
#Duke_TGV,sent,2,10.474797180309917
#Duke_TGV,gentlemen,2,10.474797180309917
#Duke_TGV,eglamour,2,10.474797180309917
#Duke_TGV,she,14,10.210058304346672
#Duke_TGV,cannot,4,9.96749177814653
#Duke_TGV,thank,2,9.950317267182802
#Duke_TGV,take,3,9.280333209604407
#Duke_TGV,presently,2,9.05792843992626
#Duke_TGV,mean,2,9.05792843992626
#Duke_TGV,love,12,9.054343736903247
#Duke_TGV,much,4,9.02769729892949
#Duke_TGV,'tis,4,9.02769729892949
#Duke_TGV,come,4,8.70454533655973
#Duke_TGV,fear,2,8.675081191874657
#Duke_TGV,never,2,8.675081191874657
#Duke_TGV,even,2,8.675081191874657
#Duke_TGV,friend,3,8.577741849804797
#Duke_TGV,man,3,8.369174631200217
#Duke_TGV,haply,1,8.326712426013813
#Duke_TGV,affairs,1,8.326712426013813
#Duke_TGV,near,1,8.326712426013813
#Duke_TGV,hers,1,8.326712426013813
#Duke_TGV,thought,1,8.326712426013813
#Duke_TGV,age,1,8.326712426013813
#Duke_TGV,verona,1,8.326712426013813
#Duke_TGV,scorn,1,8.326712426013813
#Duke_TGV,youthful,1,8.326712426013813
#Duke_TGV,resort,1,8.326712426013813
#Duke_TGV,hark,1,8.326712426013813
#Duke_TGV,wear,1,8.326712426013813
#Duke_TGV,bosom,1,8.326712426013813
#Duke_TGV,here's,1,8.326712426013813
#Duke_TGV,heavenly,1,8.326712426013813
#Duke_TGV,patience,1,8.326712426013813
#Duke_TGV,expedition,1,8.326712426013813
#Duke_TGV,excuse,1,8.326712426013813
#Duke_TGV,ignorant,1,8.326712426013813
#Duke_TGV,shows,1,8.326712426013813
#Duke_TGV,friar,1,8.326712426013813
#Duke_TGV,both,1,8.326712426013813
#Duke_TGV,penance,1,8.326712426013813
#Duke_TGV,through,1,8.326712426013813
#Duke_TGV,plead,1,8.326712426013813
#Duke_TGV,ay,4,7.872589619176508
#Duke_TGV,go,4,7.872589619176508
#Duke_TGV,command,1,7.733611008003674
#Duke_TGV,looks,1,7.733611008003674
#Duke_TGV,thence,1,7.733611008003674
#Duke_TGV,stay,1,7.733611008003674
#Duke_TGV,touch,1,7.733611008003674
#Duke_TGV,advice,1,7.733611008003674
#Duke_TGV,present,1,7.733611008003674
#Duke_TGV,want,1,7.733611008003674
#Duke_TGV,longer,1,7.733611008003674
#Duke_TGV,water,1,7.733611008003674
#Duke_TGV,worthless,1,7.733611008003674
#Duke_TGV,takes,1,7.733611008003674
#Duke_TGV,going,1,7.733611008003674
#Duke_TGV,girl,1,7.733611008003674
#Duke_TGV,dare,1,7.733611008003674
#Duke_TGV,already,1,7.733611008003674
#Duke_TGV,love's,1,7.733611008003674
#Duke_TGV,warrant,1,7.733611008003674
#Duke_TGV,force,1,7.733611008003674
#Duke_TGV,flight,1,7.733611008003674
#Duke_TGV,been,2,7.446583328630877
#Duke_TGV,away,2,7.197490474407362
#Duke_TGV,being,2,7.197490474407362
#Duke_TGV,spend,1,7.174746458511531
#Duke_TGV,need,1,7.174746458511531
#Duke_TGV,care,1,7.174746458511531
#Duke_TGV,lest,1,7.174746458511531
#Duke_TGV,tender,1,7.174746458511531
#Duke_TGV,serve,1,7.174746458511531
#Duke_TGV,fit,1,7.174746458511531
#Duke_TGV,pure,1,7.174746458511531
#Duke_TGV,lov'st,1,7.174746458511531
#Duke_TGV,change,1,7.174746458511531
#Duke_TGV,young,1,7.174746458511531
#Duke_TGV,knew,1,7.174746458511531
#Duke_TGV,father,2,6.966393154904546
#Duke_TGV,should,3,6.770772974197118
#Duke_TGV,hard,1,6.6788677467794555
#Duke_TGV,great,1,6.6788677467794555
#Duke_TGV,often,1,6.6788677467794555
#Duke_TGV,find,1,6.6788677467794555
#Duke_TGV,light,1,6.6788677467794555
#Duke_TGV,neither,1,6.6788677467794555
#Duke_TGV,way,1,6.6788677467794555
#Duke_TGV,once,1,6.6788677467794555
#Duke_TGV,follow,1,6.6788677467794555
#Duke_TGV,perceive,1,6.24503431951036
#Duke_TGV,full,1,6.24503431951036
#Duke_TGV,beauty,1,6.24503431951036
#Duke_TGV,eye,1,6.24503431951036
#Duke_TGV,alone,1,6.24503431951036
#Duke_TGV,get,1,6.24503431951036
#Duke_TGV,rest,1,6.24503431951036
#Duke_TGV,world,1,6.24503431951036
#Duke_TGV,against,1,6.24503431951036
#Duke_TGV,sure,1,6.24503431951036
#Duke_TGV,stand,1,6.24503431951036
#Duke_TGV,discourse,1,6.24503431951036
#Duke_TGV,live,1,5.865567533120347
#Duke_TGV,any,1,5.865567533120347
#Duke_TGV,himself,1,5.865567533120347
#Duke_TGV,fortune,1,5.865567533120347
#Duke_TGV,banished,1,5.865567533120347
#Duke_TGV,hold,1,5.865567533120347
#Duke_TGV,home,1,5.865567533120347
#Duke_TGV,letter,2,5.8655675331203465
#Duke_TGV,did,2,5.8655675331203465
#Duke_TGV,must,2,5.718494566536531
#Duke_TGV,matter,1,5.5321479892046
#Duke_TGV,whom,1,5.5321479892046
#Duke_TGV,day,1,5.5321479892046
#Duke_TGV,folly,1,5.5321479892046
#Duke_TGV,kind,1,5.5321479892046
#Duke_TGV,more,3,5.476837180937091
#Duke_TGV,mine,2,5.447768919405837
#Duke_TGV,could,1,5.2373985901549585
#Duke_TGV,heaven,1,5.2373985901549585
#Duke_TGV,little,1,5.2373985901549585
#Duke_TGV,sake,1,5.2373985901549585
#Duke_TGV,boy,1,5.2373985901549585
#Duke_TGV,chamber,1,4.975158633591401
#Duke_TGV,without,1,4.975158633591401
#Duke_TGV,better,1,4.975158633591401
#Duke_TGV,again,1,4.975158633591401
#Duke_TGV,own,1,4.975158633591401
#Duke_TGV,can,2,4.881150243855688
#Duke_TGV,would,3,4.797956168189419
#Duke_TGV,there,2,4.783164305674354
#Duke_TGV,welcome,1,4.740384212732383
#Duke_TGV,gave,1,4.740384212732383
#Duke_TGV,men,1,4.740384212732383
#Duke_TGV,another,1,4.740384212732383
#Duke_TGV,mind,1,4.740384212732383
#Duke_TGV,best,1,4.52896421996313
#Duke_TGV,doth,1,4.52896421996313
#Duke_TGV,gone,1,4.52896421996313
#Duke_TGV,youth,1,4.3375405959373285
#Duke_TGV,lose,1,4.3375405959373285
#Duke_TGV,done,1,4.3375405959373285
#Duke_TGV,speak,1,4.163356213006907
#Duke_TGV,hear,1,4.163356213006907
#Duke_TGV,makes,1,4.163356213006907
#Duke_TGV,word,1,4.163356213006907
#Duke_TGV,gentle,1,4.0041326624834035
#Duke_TGV,very,1,4.0041326624834035
#Duke_TGV,these,1,4.0041326624834035
#Duke_TGV,i'll,2,3.9994010413353998
#Duke_TGV,true,1,3.8579740361172634
#Duke_TGV,one,2,3.7595813972825742
#Duke_TGV,who,1,3.598745237203681
#Duke_TGV,tell,1,3.375673151987826
#Duke_TGV,lady,1,3.375673151987826
#Duke_TGV,nay,1,3.1814720189635186
#Duke_TGV,why,2,3.12251715975518
#Duke_TGV,had,1,3.093444403201469
#Duke_TGV,out,1,3.010708446828793
#Duke_TGV,sweet,1,2.9327837665601733
#Duke_TGV,see,1,2.789724877066739
#Duke_TGV,lord,1,2.789724877066739
#Duke_TGV,or,1,2.789724877066739
#Duke_TGV,like,1,2.661430192168399
#Duke_TGV,master,1,2.4918729445366323
#Duke_TGV,o,1,2.0324036186244774
#Antonio_TGV,expedition,2,28.88071233948585
#Antonio_TGV,tomorrow,2,28.88071233948585
#Antonio_TGV,wish,2,23.165259982510108
#Antonio_TGV,shalt,2,23.165259982510108
#Antonio_TGV,time,4,22.0694971784429
#Antonio_TGV,court,2,21.660534254614387
#Antonio_TGV,sad,1,14.440356169742925
#Antonio_TGV,perfect,1,14.440356169742925
#Antonio_TGV,whither,1,14.440356169742925
#Antonio_TGV,lend,1,14.440356169742925
#Antonio_TGV,excuse,1,14.440356169742925
#Antonio_TGV,like,3,13.846521146479887
#Antonio_TGV,talk,1,13.411787476282464
#Antonio_TGV,stay,1,13.411787476282464
#Antonio_TGV,break,1,12.442593065280949
#Antonio_TGV,end,1,12.442593065280949
#Antonio_TGV,spend,1,12.442593065280949
#Antonio_TGV,tell,2,11.708323797770142
#Antonio_TGV,send,1,11.582629991255054
#Antonio_TGV,counsel,1,11.582629991255054
#Antonio_TGV,world,1,10.830267127307193
#Antonio_TGV,perceive,1,10.830267127307193
#Antonio_TGV,stand,1,10.830267127307193
#Antonio_TGV,go,3,10.239605284430864
#Antonio_TGV,friends,1,10.172188011599967
#Antonio_TGV,letter,2,10.172188011599966
#Antonio_TGV,company,1,9.08280449418052
#Antonio_TGV,news,1,9.08280449418052
#Antonio_TGV,sent,1,9.08280449418052
#Antonio_TGV,after,1,8.628022560930962
#Antonio_TGV,there,2,8.295062043520632
#Antonio_TGV,best,1,7.854223019876515
#Antonio_TGV,even,1,7.522252228907478
#Antonio_TGV,good,2,6.618645709288602
#Antonio_TGV,been,1,6.457009081829032
#Antonio_TGV,being,1,6.241018103019202
#Antonio_TGV,hast,1,6.241018103019202
#Antonio_TGV,look,1,5.854161898885071
#Antonio_TGV,must,1,4.958565522062752
#Antonio_TGV,man,1,4.837998333481677
#Antonio_TGV,see,1,4.837998333481677
#Antonio_TGV,now,2,4.797139221733986
#Antonio_TGV,cannot,1,4.321457378116895
#Antonio_TGV,know,1,3.988523286690459
#Antonio_TGV,much,1,3.9140046431138673
#Antonio_TGV,come,1,3.7739004460783088
#Antonio_TGV,more,1,3.1660146097733217
#Antonio_TGV,proteus,1,3.077875009186766
#Antonio_TGV,why,1,2.7075667818267983
