Character,Number of words spoken,Number of speeches
#Gower_Per,2073,8
#Antiochus_Per,483,12
#Pericles_Per,4574,120
#Daughter_Per,16,1
#Thaliard_Per,207,8
#MESSENGERS.ANTIOCH.1_Per,6,1
#LORDS.TYRE.0.1_Per,137,6
#LORDS.TYRE.0.2_Per,65,3
#Helicanus_Per,872,37
#Cleon_Per,830,19
#Dionyza_Per,666,19
#LORDS.TARSUS.1_Per,48,4
#Cleon_Per #Dionyza_Per #CITIZENS.TARSUS_Per,11,1
#FISHERMEN.1_Per,314,15
#FISHERMEN.2_Per,222,12
#FISHERMEN.3_Per,151,6
#Simonides_Per,1136,42
#LORDS.PENTAPOLIS.0.1_Per,44,2
#Thaisa_Per,560,32
#LORDS.PENTAPOLIS.0.2_Per,15,1
#LORDS.PENTAPOLIS.0.3_Per,17,1
#KNIGHTS_Per,19,3
#Marshal_Per,5,1
#KNIGHTS.0.1_Per,29,2
#LORDS.TYRE.Escanes_Per,6,2
#LORDS.TYRE.0.3_Per,9,1
#LORDS.TYRE_Per,3,1
#KNIGHTS.0.2_Per,9,1
#KNIGHTS.0.3_Per,8,1
#Pericles_Per #Thaisa_Per,6,1
#Lychorida_Per,74,4
#SAILORS.1_Per,71,4
#SAILORS.2_Per,38,4
#Cerimon_Per,731,23
#Philemon_Per,4,1
#SUPPLIANTS.1_Per,16,1
#GENTLEMEN.EPHESUS.1_Per,90,5
#GENTLEMEN.EPHESUS.2_Per,84,9
#SERVANTS.CERIMON.0.1_Per,33,3
#Leonine_Per,143,12
#Marina_Per,1265,64
#PIRATES.0.1_Per,8,2
#PIRATES.0.2_Per,4,1
#PIRATES.0.3_Per,9,1
#Pander_Per,216,10
#Bolt_Per,656,38
#Bawd_Per,840,43
#GENTLEMEN.MYTILENE.1_Per,37,3
#GENTLEMEN.MYTILENE.2_Per,32,2
#Lysimachus_Per,721,40
#SAILORS.TYRE.1_Per,42,2
#GENTLEMEN.TYRE.0.1_Per,4,1
#SAILORS.MYTILENE.1_Per,13,1
#LORDS.MYTILENE.0.1_Per,16,1
#Diana_Per,72,1
