Character,Number of words spoken,Number of speeches
#Prologue_Tro,224,1
#Troilus_Tro,3962,132
#Pandarus_Tro,3154,153
#Aeneas_Tro,1048,44
#Cressida_Tro,2119,153
#Alexander_Tro,259,8
#Boy_Tro,16,2
#Agamemnon_Tro,1404,54
#Nestor_Tro,1132,38
#Ulysses_Tro,3517,80
#Menelaus_Tro,83,12
#Ajax_Tro,536,55
#Thersites_Tro,2287,89
#Achilles_Tro,1301,74
#Patroclus_Tro,401,37
#Priam_Tro,139,6
#Hector_Tro,1528,57
#Helenus_Tro,37,1
#Cassandra_Tro,259,13
#Paris_Tro,717,27
#Diomedes_Tro,703,55
#SERVANTS.PARIS.1_Tro,117,14
#Helen_Tro,187,19
#SERVANTS.TROILUS.1_Tro,10,1
#Calchas_Tro,229,4
#Deiphobus_Tro,10,2
#Ajax_Tro #Achilles_Tro #Patroclus_Tro #Agamemnon_Tro #Menelaus_Tro #Ulysses_Tro #Nestor_Tro #ATTENDANTS.GREEK_Tro,3,1
#Andromache_Tro,113,6
#SERVANTS.DIOMEDES.1_Tro,4,1
#Bastard_Tro,14,3
#MYRMIDONS.0.1_Tro,8,1
#SOLDIERS_Tro,5,1
#Aeneas_Tro #Paris_Tro #Antenor_Tro #Deiphobus_Tro #SOLDIERS.TROJAN_Tro,4,1
