Character,Number of words spoken,Number of speeches
#Saturninus_Tit,1590,50
#Bassianus_Tit,461,14
#Marcus_Tit,2432,64
#Captain_Tit,41,1
#Titus_Tit,5712,119
#Lucius_Tit,1396,51
#Tamora_Tit,1981,49
#Chiron_Tit,403,30
#Demetrius_Tit,720,39
#Lavinia_Tit,457,15
#TRIBUNES_Tit,19,1
#Mutius_Tit,25,3
#Martius_Tit,257,13
#Quintus_Tit,211,8
#Marcus_Tit #Lucius_Tit #Martius_Tit #Quintus_Tit,16,1
#Aaron_Tit,2805,57
#Messenger_Tit,56,1
#YoungLucius_Tit,350,11
#Nurse_Tit,136,10
#Publius_Tit,112,5
#CountryFellow_Tit,173,12
#Aemilius_Tit,132,4
#GOTHS.0.1_Tit,66,2
#GOTHS_Tit,10,1
#GOTHS.0.2_Tit,160,1
#GOTHS.0_Tit,28,3
#TRIBUNES_Tit #ATTENDANTS_Tit,12,2
#TRIBUNES.0.1_Tit,21,1
