Character,Number of words spoken,Number of speeches
#RichardIII_R3,8838,295
#Clarence_3H6,1338,33
#Brakenbury_R3,225,10
#Hastings_3H6,1149,44
#LadyAnne_R3,1242,51
#GENTLEMEN.0.1_R3,13,2
#Rivers_3H6,387,20
#Grey_R3,118,8
#QueenElizabeth_3H6,2122,96
#Buckingham_R3,2918,92
#Stanley_R3,833,34
#QueenMargaret_1H6,1751,33
#Dorset_R3,122,8
#Catesby_R3,434,28
#MURDERERS.1_R3,456,37
#MURDERERS.1_R3 #MURDERERS.2_R3,7,2
#Jailer_R3,68,6
#MURDERERS.2_R3,429,28
#EdwardIV_3H6,524,12
#ClarencesBoy_R3,155,7
#DuchessOfYork_R3,1093,45
#ClarencesDaughter_R3,32,3
#ClarencesBoy_R3 #ClarencesDaughter_R3,26,3
#CITIZENS.1_R3,65,7
#CITIZENS.2_R3,104,6
#CITIZENS.3_R3,230,9
#Archbishop_R3,78,4
#York_R3,339,22
#MESSENGERS.X.1_R3,61,5
#EdwardV_R3,346,18
#MayorOfLondon_R3,114,8
#Cardinal_R3,74,2
#MESSENGERS.X.2_R3,118,6
#Pursuivant_R3,20,3
#SirJohn_R3,16,2
#Vaughan_R3,23,2
#Ratcliffe_R3,219,19
#BishopOfEly_R3,47,5
#Lovell_R3,20,2
#Scrivener_R3,116,1
#BISHOPS_R3 #MayorOfLondon_R3 #CITIZENS_R3 #Catesby_R3,1,1
#ATTENDANTS.0.1_R3,36,3
#Tyrrel_R3,268,10
#MESSENGERS.1_R3,33,1
#MESSENGERS.2_R3,23,1
#MESSENGERS.3_R3,47,3
#MESSENGERS.4_R3,78,1
#SirChristopher_R3,58,2
#Sheriff_R3,9,2
#HenryVII_R3,1071,14
#Oxford_3H6,13,1
#Herbert_R3,10,1
#Blunt_R3,67,3
#Surrey_R3,9,1
#Norfolk_R3,68,8
#PrinceEdward_3H6,44,1
#HenryVI_1H6,54,1
#Rivers_3H6 #Grey_R3 #Vaughan_R3,16,1
#EdwardV_R3 #York_R3,65,1
#ATTENDANTS.RICHMOND_R3,3,1
#ATTENDANTS.RICHMOND.0.1_R3,11,2
#MESSENGERS.X.3_R3,7,1
