Character,Number of words spoken,Number of speeches
#Antonio_MV,1434,47
#Salarino_MV,701,25
#Solanio_MV,544,19
#Bassanio_MV,2593,73
#Lorenzo_MV,1329,47
#Gratiano_MV,1373,48
#Portia_MV,4599,117
#Nerissa_MV,695,36
#SERVANTS.1_MV,35,1
#Shylock_MV,2881,79
#Morocco_MV,800,7
#LanceletGobbo_MV,1452,44
#OldGobbo_MV,292,19
#ATTENDANTS.BASSANIO.Leonardo_MV,11,2
#Jessica_MV,660,26
#Arragon_MV,496,4
#Messenger_MV,76,2
#SERVANTS.2_MV,15,1
#Tubal_MV,96,8
#MUSICIANS_MV,53,2
#Salerio_MV,174,6
#ATTENDANTS.PORTIA.Balthazar_MV,7,1
#Duke_MV,557,17
#ATTENDANTS.PORTIA.Stephano_MV,54,3
