Character,Number of words spoken,Number of speeches
#Archidamus_WT,176,7
#Camillo_WT,2094,72
#Polixenes_WT,1960,57
#Leontes_WT,4903,126
#Hermione_WT,1584,35
#Mamillius_WT,151,13
#LADIES.0.1_WT,49,4
#LADIES.0.2_WT,21,3
#ATTENDANTS.0.1_WT,242,14
#Antigonus_WT,785,19
#Paulina_WT,2390,59
#Jailer_WT,72,6
#LADIES.Emilia_WT,142,4
#SERVANTS.X.1_WT,45,5
#SERVANTS.0_WT,12,1
#ATTENDANTS_WT,19,2
#SERVANTS.X.2_WT,31,1
#Cleomenes_WT,136,7
#Dion_WT,186,4
#OFFICERS.0.1_WT,193,5
#Cleomenes_WT #Dion_WT,4,1
#Sailor_WT,80,3
#Shepherd_WT,1072,42
#ShepherdsSon_WT,1597,64
#Chorus_WT,266,1
#Autolycus_WT,2396,67
#Florizell_WT,1391,45
#Perdita_WT,898,25
#Dorcas_WT,67,11
#Mopsa_WT,142,13
#SERVANTS.SHEPHERD.1_WT,315,6
#SERVANTS.X.3_WT,119,5
#ATTENDANTS.X_WT,172,4
#ATTENDANTS.1_WT,221,6
#ATTENDANTS.2_WT,126,4
#ATTENDANTS.3_WT,594,6
